{"type": "FeatureCollection", "features": [{"type": "Feature", "properties": {"shapeID": "13205935B88806172084765", "shapeName": "Tunis"}, "geometry": {"type": "Polygon", "coordinates": [[[10.11672, 36.84454], [10.14052, 36.85445], [10.15196, 36.85222], [10.16936, 36.8405], [10.19077, 36.851], [10.2126, 36.84855], [10.21433, 36.85986], [10.23251, 36.87122], [10.23501, 36.87105], [10.23112, 36.85687], [10.24396, 36.86166], [10.28043, 36.86273], [10.28864, 36.8672], [10.27148, 36.87504], [10.28049, 36.88518], [10.27656, 36.89076], [10.28283, 36.89376], [10.28493, 36.90119], [10.27582, 36.90426], [10.27755, 36.90628], [10.26937, 36.9176], [10.25585, 36.92816], [10.2498, 36.93997], [10.25216, 36.94316], [10.2883, 36.92426], [10.29887, 36.92048], [10.3094, 36.92222], [10.3121, 36.92055], [10.30854, 36.92203], [10.30674, 36.92034], [10.31199, 36.91669], [10.31727, 36.91759], [10.32055, 36.91128], [10.31671, 36.90208], [10.32209, 36.89321], [10.35145, 36.87552], [10.35478, 36.86951], [10.34173, 36.86366], [10.33843, 36.85444], [10.32795, 36.84495], [10.32415, 36.84567], [10.32715, 36.83634], [10.32058, 36.83477], [10.31487, 36.8217], [10.30851, 36.82594], [10.31409, 36.82121], [10.30646, 36.81526], [10.31078, 36.80904], [10.31042, 36.80645], [10.30836, 36.81021], [10.30891, 36.80633], [10.29565, 36.81322], [10.22394, 36.80289], [10.2058, 36.77853], [10.22019, 36.76663], [10.22035, 36.75873], [10.2105, 36.75649], [10.20704, 36.74172], [10.19441, 36.73303], [10.18639, 36.7211], [10.17629, 36.71996], [10.17656, 36.72383], [10.17023, 36.72559], [10.16721, 36.73145], [10.14435, 36.73585], [10.13104, 36.72538], [10.15133, 36.71176], [10.13552, 36.69901], [10.1321, 36.70227], [10.12481, 36.69449], [10.10098, 36.69321], [10.09327, 36.69685], [10.09042, 36.69374], [10.06983, 36.70614], [10.07499, 36.72414], [10.03226, 36.73961], [10.04094, 36.74534], [10.02789, 36.76141], [10.02585, 36.77334], [10.00379, 36.78692], [10.02068, 36.79852], [10.02958, 36.79865], [10.03905, 36.79255], [10.04474, 36.7941], [10.05157, 36.78665], [10.05985, 36.79714], [10.07388, 36.79958], [10.08139, 36.79582], [10.10041, 36.80202], [10.11523, 36.79592], [10.11917, 36.79748], [10.11496, 36.82753], [10.11672, 36.84454]]]}}, {"type": "Feature", "properties": {"shapeID": "13205935B75715054307065", "shapeName": "Ben Arous"}, "geometry": {"type": "Polygon", "coordinates": [[[10.28544, 36.81236], [10.28523, 36.80952], [10.29487, 36.80947], [10.30201, 36.80367], [10.30713, 36.8051], [10.30356, 36.80331], [10.30173, 36.80362], [10.2988, 36.80498], [10.29216, 36.8042], [10.29537, 36.80441], [10.28887, 36.79733], [10.2904, 36.79333], [10.28515, 36.79565], [10.28704, 36.79825], [10.28388, 36.79619], [10.2863, 36.79241], [10.29222, 36.7898], [10.29233, 36.78843], [10.29213, 36.78966], [10.27802, 36.79605], [10.27457, 36.79619], [10.27846, 36.79518], [10.29147, 36.78921], [10.28621, 36.79139], [10.28728, 36.78138], [10.30645, 36.75613], [10.33852, 36.73317], [10.39084, 36.71639], [10.41761, 36.71661], [10.41789, 36.71243], [10.39784, 36.69652], [10.39153, 36.64482], [10.36531, 36.64516], [10.37305, 36.63917], [10.36681, 36.63585], [10.3743, 36.62837], [10.37205, 36.61492], [10.34378, 36.5915], [10.3323, 36.57696], [10.33722, 36.57423], [10.3627, 36.58252], [10.37997, 36.56555], [10.37874, 36.54399], [10.36049, 36.54086], [10.34809, 36.53393], [10.35457, 36.51597], [10.34425, 36.51348], [10.34, 36.49806], [10.34767, 36.48785], [10.29015, 36.46483], [10.28015, 36.45543], [10.27967, 36.44671], [10.26922, 36.4551], [10.25325, 36.4511], [10.24997, 36.46074], [10.27082, 36.50341], [10.25602, 36.50798], [10.24929, 36.50526], [10.19881, 36.51237], [10.1914, 36.52011], [10.16512, 36.5326], [10.16419, 36.54748], [10.15242, 36.54721], [10.15559, 36.55211], [10.15108, 36.56957], [10.14526, 36.56659], [10.14533, 36.60173], [10.10753, 36.58095], [10.08808, 36.59498], [10.09022, 36.59622], [10.05287, 36.61315], [10.04295, 36.62266], [10.08605, 36.6737], [10.09327, 36.69685], [10.10098, 36.69321], [10.12481, 36.69449], [10.12992, 36.70152], [10.13552, 36.69901], [10.15133, 36.71176], [10.13104, 36.72538], [10.14435, 36.73585], [10.16721, 36.73145], [10.17023, 36.72559], [10.17656, 36.72383], [10.17629, 36.71996], [10.18639, 36.7211], [10.19441, 36.73303], [10.20704, 36.74172], [10.2105, 36.75649], [10.22035, 36.75873], [10.22019, 36.76663], [10.2058, 36.77853], [10.22184, 36.78616], [10.25004, 36.78699], [10.26402, 36.77222], [10.27018, 36.77756], [10.27127, 36.79685], [10.2704, 36.80083], [10.26258, 36.79993], [10.25998, 36.80851], [10.28544, 36.81236]]]}}, {"type": "Feature", "properties": {"shapeID": "13205935B49538157477352", "shapeName": "El Kef"}, "geometry": {"type": "Polygon", "coordinates": [[[8.39582, 36.34783], [8.42055, 36.35118], [8.43032, 36.34829], [8.43392, 36.35153], [8.44957, 36.34722], [8.46071, 36.35307], [8.46321, 36.36686], [8.4781, 36.37094], [8.48147, 36.37601], [8.50327, 36.38139], [8.5171, 36.38014], [8.5401, 36.39324], [8.54338, 36.39869], [8.55284, 36.39515], [8.56164, 36.40103], [8.58224, 36.4032], [8.59741, 36.39445], [8.60657, 36.39564], [8.61129, 36.40662], [8.65792, 36.41902], [8.66923, 36.41495], [8.67547, 36.41657], [8.68549, 36.40868], [8.6936, 36.4084], [8.69652, 36.40187], [8.71532, 36.39298], [8.73976, 36.40426], [8.75235, 36.40376], [8.75472, 36.39675], [8.7687, 36.39262], [8.80154, 36.401], [8.8154, 36.40051], [8.84696, 36.41769], [8.86961, 36.41393], [8.90072, 36.42568], [8.91568, 36.44767], [8.93967, 36.45343], [8.93548, 36.44908], [8.93, 36.45016], [8.9314, 36.444], [8.92446, 36.44144], [8.92862, 36.43782], [8.92798, 36.42973], [8.94128, 36.41318], [8.95565, 36.40872], [8.95558, 36.40283], [8.96125, 36.40369], [8.95996, 36.39873], [8.96332, 36.39857], [8.96683, 36.384], [8.97789, 36.37655], [8.97277, 36.36484], [8.98204, 36.35913], [8.97893, 36.35534], [8.98734, 36.34804], [8.98067, 36.34585], [8.98216, 36.34026], [8.97381, 36.34189], [8.97704, 36.33659], [8.96632, 36.34145], [8.96664, 36.33284], [8.96013, 36.3368], [8.9613, 36.33067], [8.95646, 36.33093], [8.9577, 36.32732], [8.94673, 36.3201], [8.95329, 36.31539], [8.94397, 36.31418], [8.94527, 36.30941], [8.9517, 36.30361], [8.96239, 36.30375], [8.9555, 36.2954], [8.96866, 36.29097], [8.97334, 36.28113], [8.97865, 36.27886], [8.98116, 36.26667], [8.98631, 36.26387], [8.98327, 36.26228], [8.9963, 36.25127], [8.99993, 36.2397], [9.04026, 36.23955], [9.04367, 36.23167], [9.03746, 36.22664], [9.03466, 36.21706], [9.05612, 36.2027], [9.03547, 36.18436], [9.03803, 36.17816], [9.03215, 36.15878], [9.03563, 36.14826], [9.04309, 36.13716], [9.06492, 36.13378], [9.09135, 36.11513], [9.11066, 36.11961], [9.12163, 36.10245], [9.13392, 36.10106], [9.14215, 36.0919], [9.15781, 36.08483], [9.16048, 36.07918], [9.15596, 36.07503], [9.15574, 36.06827], [9.16362, 36.05862], [9.15373, 36.04188], [9.15328, 36.03421], [9.15507, 36.03145], [9.16186, 36.03325], [9.17076, 36.02335], [9.15741, 36.01196], [9.16901, 36.00552], [9.13976, 35.98641], [9.11607, 35.97728], [9.1126, 35.96239], [9.09828, 35.94587], [9.09789, 35.92772], [9.10253, 35.91936], [9.09962, 35.91129], [9.07902, 35.89418], [9.05544, 35.89693], [9.04186, 35.87223], [9.03053, 35.86432], [9.03109, 35.85761], [9.02553, 35.85251], [9.03561, 35.85009], [9.05115, 35.85268], [9.04542, 35.85143], [9.04224, 35.84147], [9.03006, 35.83546], [9.01656, 35.83799], [9.03837, 35.81672], [9.03138, 35.80815], [9.03847, 35.78403], [9.02285, 35.7638], [9.0177, 35.76246], [9.03439, 35.73016], [9.03704, 35.70284], [9.0456, 35.6805], [8.99445, 35.70815], [8.96539, 35.70549], [8.95078, 35.71347], [8.92239, 35.71615], [8.88107, 35.73493], [8.84608, 35.74191], [8.82028, 35.75615], [8.80404, 35.7742], [8.78047, 35.7773], [8.77094, 35.78398], [8.76365, 35.78272], [8.76323, 35.77681], [8.75866, 35.77442], [8.74665, 35.77584], [8.73576, 35.77037], [8.72094, 35.77578], [8.71291, 35.77281], [8.7099, 35.77746], [8.71313, 35.78041], [8.71184, 35.78724], [8.70043, 35.79088], [8.68463, 35.78326], [8.67588, 35.78815], [8.6673, 35.78781], [8.66633, 35.75936], [8.6503, 35.7506], [8.63637, 35.75491], [8.63188, 35.74312], [8.61723, 35.74767], [8.61865, 35.73129], [8.62676, 35.72457], [8.62654, 35.71005], [8.6225, 35.70186], [8.63022, 35.69146], [8.62765, 35.68693], [8.63025, 35.68534], [8.61767, 35.67549], [8.6189, 35.67097], [8.61218, 35.66432], [8.61501, 35.65982], [8.58792, 35.65005], [8.57847, 35.6404], [8.57072, 35.64088], [8.56897, 35.63733], [8.55546, 35.64587], [8.54346, 35.65726], [8.548, 35.66575], [8.54359, 35.66738], [8.45632, 35.67251], [8.41735, 35.66426], [8.41514, 35.65457], [8.40113, 35.64009], [8.38626, 35.63531], [8.38934, 35.61594], [8.37046, 35.61963], [8.35396, 35.61661], [8.36029, 35.64651], [8.35602, 35.65347], [8.35604, 35.66977], [8.33678, 35.68345], [8.31859, 35.68507], [8.30783, 35.69155], [8.28008, 35.72257], [8.26427, 35.73066], [8.26639, 35.73936], [8.25857, 35.76245], [8.26541, 35.78171], [8.26838, 35.81361], [8.27325, 35.81981], [8.26717, 35.87065], [8.27071, 35.87865], [8.25346, 35.88588], [8.26762, 35.89782], [8.27153, 35.90775], [8.2557, 35.90832], [8.25625, 35.91371], [8.26344, 35.91878], [8.26291, 35.93762], [8.27033, 35.94577], [8.29048, 35.95315], [8.28833, 35.95539], [8.30006, 36.01082], [8.29691, 36.04024], [8.31412, 36.06278], [8.3117, 36.06959], [8.32103, 36.08369], [8.34171, 36.0901], [8.34601, 36.09703], [8.33828, 36.11853], [8.33853, 36.13782], [8.32567, 36.1445], [8.30927, 36.16129], [8.30697, 36.17436], [8.32731, 36.18801], [8.33789, 36.21256], [8.35467, 36.23237], [8.35362, 36.25463], [8.34935, 36.26221], [8.33792, 36.26452], [8.35582, 36.28775], [8.37189, 36.29792], [8.38095, 36.29699], [8.38316, 36.30292], [8.39106, 36.30494], [8.37956, 36.3121], [8.37684, 36.31844], [8.37639, 36.32308], [8.38536, 36.3338], [8.37645, 36.35006], [8.39582, 36.34783]]]}}, {"type": "Feature", "properties": {"shapeID": "13205935B49970022939178", "shapeName": "Sousse"}, "geometry": {"type": "Polygon", "coordinates": [[[10.18411, 36.15792], [10.19976, 36.15664], [10.23368, 36.1658], [10.23957, 36.15634], [10.24425, 36.15627], [10.25518, 36.15852], [10.26419, 36.16599], [10.26622, 36.17681], [10.25506, 36.19779], [10.26592, 36.21377], [10.25371, 36.22283], [10.25661, 36.22639], [10.27933, 36.23429], [10.27929, 36.21778], [10.2947, 36.2199], [10.30102, 36.21208], [10.31427, 36.21606], [10.31589, 36.21295], [10.32178, 36.22209], [10.33782, 36.22581], [10.34466, 36.23606], [10.35472, 36.23609], [10.36279, 36.23016], [10.3668, 36.23098], [10.36822, 36.23645], [10.37788, 36.23578], [10.38074, 36.25621], [10.38923, 36.26405], [10.36196, 36.27215], [10.35698, 36.28166], [10.36273, 36.28386], [10.37293, 36.28006], [10.39089, 36.30339], [10.38151, 36.30736], [10.3745, 36.33229], [10.36759, 36.33931], [10.37052, 36.34427], [10.36671, 36.35088], [10.37534, 36.35914], [10.3669, 36.36591], [10.36729, 36.38287], [10.38785, 36.38433], [10.40154, 36.37786], [10.42577, 36.37699], [10.45458, 36.36787], [10.47468, 36.35348], [10.50649, 36.39177], [10.53185, 36.37039], [10.5227, 36.35653], [10.52959, 36.35275], [10.50256, 36.30235], [10.48077, 36.24384], [10.46916, 36.19009], [10.46663, 36.14431], [10.4714, 36.09898], [10.48376, 36.0545], [10.49733, 36.03642], [10.50924, 36.0345], [10.51701, 36.0286], [10.52066, 36.00702], [10.53219, 35.97639], [10.52461, 35.97594], [10.52432, 35.99207], [10.51432, 36.00633], [10.50864, 36.00691], [10.50282, 36.00018], [10.4867, 36.00012], [10.46827, 36.01255], [10.45875, 36.01087], [10.45855, 36.00402], [10.45513, 36.00568], [10.4757, 35.99125], [10.47384, 35.9991], [10.48072, 36.00199], [10.48975, 35.9943], [10.50264, 35.99067], [10.47787, 35.98793], [10.47323, 35.98432], [10.48608, 35.98744], [10.50411, 35.98488], [10.50529, 35.98049], [10.50028, 35.98287], [10.50576, 35.97175], [10.50006, 35.97131], [10.51552, 35.96996], [10.53232, 35.97617], [10.55012, 35.94901], [10.60206, 35.89294], [10.59698, 35.89466], [10.60135, 35.89256], [10.60291, 35.87785], [10.61889, 35.86089], [10.62361, 35.84942], [10.64489, 35.82926], [10.65238, 35.82658], [10.64205, 35.82741], [10.64363, 35.82121], [10.64803, 35.82478], [10.64763, 35.81385], [10.6833, 35.79207], [10.67878, 35.79141], [10.68155, 35.78871], [10.68671, 35.78851], [10.66987, 35.77152], [10.67566, 35.75716], [10.6675, 35.74876], [10.66802, 35.74163], [10.64424, 35.743], [10.63436, 35.73385], [10.62337, 35.73302], [10.63061, 35.72151], [10.64226, 35.71456], [10.63358, 35.69993], [10.63819, 35.69334], [10.62528, 35.68563], [10.64685, 35.67264], [10.6469, 35.6641], [10.61871, 35.63642], [10.59372, 35.64824], [10.5774, 35.64082], [10.56902, 35.64982], [10.55957, 35.62834], [10.53189, 35.60954], [10.52308, 35.59227], [10.53892, 35.57168], [10.49999, 35.55684], [10.49334, 35.53275], [10.4932, 35.51738], [10.49686, 35.49539], [10.50141, 35.48858], [10.49995, 35.48157], [10.50306, 35.48314], [10.5079, 35.47871], [10.51275, 35.48353], [10.52916, 35.48275], [10.52773, 35.4849], [10.54021, 35.47047], [10.53959, 35.47284], [10.54664, 35.47237], [10.54281, 35.47811], [10.55128, 35.47326], [10.54572, 35.48044], [10.55778, 35.47455], [10.55937, 35.47701], [10.55075, 35.48778], [10.56048, 35.49758], [10.58349, 35.50235], [10.6107, 35.49381], [10.61236, 35.46565], [10.60485, 35.46449], [10.59602, 35.45647], [10.58808, 35.45935], [10.58619, 35.45359], [10.57157, 35.44857], [10.57051, 35.44294], [10.57465, 35.43686], [10.56759, 35.41951], [10.56628, 35.39809], [10.55933, 35.39664], [10.54287, 35.40903], [10.52875, 35.40523], [10.53064, 35.39934], [10.51088, 35.40766], [10.50285, 35.40546], [10.49161, 35.40871], [10.4764, 35.42415], [10.4762, 35.43062], [10.48532, 35.43389], [10.47693, 35.43915], [10.47421, 35.43338], [10.46062, 35.43504], [10.46503, 35.44172], [10.45865, 35.45305], [10.46283, 35.45427], [10.45226, 35.46873], [10.45833, 35.47469], [10.45108, 35.48192], [10.44069, 35.48168], [10.42653, 35.48902], [10.42301, 35.49717], [10.40289, 35.48984], [10.39682, 35.49519], [10.39109, 35.49393], [10.39147, 35.49826], [10.37654, 35.49255], [10.38946, 35.4937], [10.38323, 35.49264], [10.37831, 35.48479], [10.38565, 35.48335], [10.38319, 35.47754], [10.3769, 35.47726], [10.37115, 35.47085], [10.36208, 35.49299], [10.35569, 35.49098], [10.3506, 35.49417], [10.35089, 35.50047], [10.33626, 35.50222], [10.31985, 35.52178], [10.3142, 35.51801], [10.31062, 35.52957], [10.30116, 35.52641], [10.30766, 35.53416], [10.29436, 35.53971], [10.29291, 35.55151], [10.30102, 35.55303], [10.30184, 35.562], [10.3101, 35.56736], [10.30866, 35.57155], [10.31469, 35.57369], [10.32242, 35.56947], [10.31486, 35.58012], [10.32699, 35.57321], [10.32325, 35.58415], [10.32454, 35.59122], [10.33027, 35.59146], [10.33051, 35.5949], [10.32122, 35.59413], [10.31591, 35.58522], [10.30727, 35.58501], [10.27012, 35.63919], [10.2648, 35.65823], [10.25574, 35.66681], [10.25265, 35.68152], [10.231, 35.70379], [10.21282, 35.71162], [10.21417, 35.73894], [10.20636, 35.74563], [10.20308, 35.76447], [10.18493, 35.78202], [10.18147, 35.79031], [10.17317, 35.79329], [10.17411, 35.79783], [10.16565, 35.80252], [10.15884, 35.81292], [10.16032, 35.81927], [10.16618, 35.82166], [10.15923, 35.8247], [10.16115, 35.83646], [10.17209, 35.84019], [10.17025, 35.84509], [10.18077, 35.85355], [10.17677, 35.86763], [10.1812, 35.87982], [10.19587, 35.89052], [10.20226, 35.90377], [10.21434, 35.90614], [10.21924, 35.91959], [10.22898, 35.91851], [10.23436, 35.93396], [10.25278, 35.96245], [10.25781, 35.97974], [10.25553, 36.03565], [10.22173, 36.05498], [10.20374, 36.05655], [10.20446, 36.06545], [10.20972, 36.06624], [10.207, 36.06807], [10.21012, 36.07935], [10.21648, 36.08609], [10.20673, 36.08879], [10.21025, 36.09572], [10.20187, 36.10542], [10.20276, 36.13271], [10.20654, 36.13548], [10.18185, 36.13791], [10.18411, 36.15792]]]}}, {"type": "Feature", "properties": {"shapeID": "13205935B27259873852948", "shapeName": "Sfax"}, "geometry": {"type": "MultiPolygon", "coordinates": [[[[11.30771, 34.75441], [11.31485, 34.75829], [11.33329, 34.76047], [11.34309, 34.75705], [11.3266, 34.75548], [11.30841, 34.74432], [11.30549, 34.74848], [11.30771, 34.75441]]], [[[11.30536, 34.82956], [11.3105, 34.82897], [11.33529, 34.81539], [11.31242, 34.81718], [11.30397, 34.82582], [11.30536, 34.82956]]], [[[11.1325, 34.68318], [11.13446, 34.6895], [11.12927, 34.69109], [11.13613, 34.69195], [11.13382, 34.69988], [11.1494, 34.7045], [11.15758, 34.72214], [11.1743, 34.72847], [11.16981, 34.73524], [11.18167, 34.74248], [11.17024, 34.76239], [11.17967, 34.76186], [11.18424, 34.74845], [11.19803, 34.74095], [11.21903, 34.73967], [11.22555, 34.7455], [11.22411, 34.75008], [11.22889, 34.75052], [11.22666, 34.76133], [11.23244, 34.766], [11.21968, 34.77507], [11.2161, 34.78427], [11.227, 34.78211], [11.23427, 34.78657], [11.23344, 34.79056], [11.24784, 34.79127], [11.24102, 34.80718], [11.24367, 34.80923], [11.24542, 34.80627], [11.25044, 34.80608], [11.25061, 34.80359], [11.25258, 34.80289], [11.25035, 34.8133], [11.24426, 34.81697], [11.24476, 34.82277], [11.25045, 34.82657], [11.24647, 34.83091], [11.25621, 34.83076], [11.25561, 34.8272], [11.25811, 34.8306], [11.2573, 34.82672], [11.2646, 34.82268], [11.26891, 34.81042], [11.27878, 34.80269], [11.28291, 34.8065], [11.27394, 34.81369], [11.27618, 34.81929], [11.29599, 34.81352], [11.31789, 34.80122], [11.31588, 34.79767], [11.30306, 34.8059], [11.28641, 34.80465], [11.28545, 34.80098], [11.29362, 34.79554], [11.2874, 34.79386], [11.28609, 34.78915], [11.2953, 34.77803], [11.28156, 34.77571], [11.27741, 34.78222], [11.27149, 34.77804], [11.2782, 34.77487], [11.27688, 34.76524], [11.29853, 34.75159], [11.30445, 34.74255], [11.30481, 34.7357], [11.29729, 34.7318], [11.30137, 34.72677], [11.29585, 34.72599], [11.29728, 34.72369], [11.29537, 34.72587], [11.2966, 34.73088], [11.2889, 34.73298], [11.26312, 34.7205], [11.25829, 34.72395], [11.25493, 34.71996], [11.25012, 34.72372], [11.25139, 34.7143], [11.24812, 34.71091], [11.21737, 34.70607], [11.20759, 34.70007], [11.20296, 34.70265], [11.13092, 34.66305], [11.12491, 34.6633], [11.12593, 34.67633], [11.1218, 34.67936], [11.1325, 34.68318]]], [[[10.97684, 34.65821], [10.99261, 34.67249], [11.04204, 34.67202], [11.0494, 34.66822], [11.05745, 34.67241], [11.07722, 34.67034], [11.08858, 34.67368], [11.09423, 34.66861], [11.11393, 34.66746], [11.12104, 34.66116], [11.1248, 34.66312], [11.12208, 34.65781], [11.1052, 34.65437], [11.08269, 34.64314], [11.06003, 34.6232], [11.04736, 34.62055], [11.0478, 34.6131], [11.0293, 34.62777], [11.00654, 34.63467], [10.96644, 34.6567], [10.97684, 34.65821]]], [[[9.76151, 34.27435], [9.75435, 34.28434], [9.75524, 34.29019], [9.74592, 34.3003], [9.74134, 34.31594], [9.72005, 34.33308], [9.72314, 34.33719], [9.76438, 34.34603], [9.77492, 34.35133], [9.77947, 34.35849], [9.80099, 34.36488], [9.82412, 34.36736], [9.83208, 34.36345], [9.85912, 34.37021], [9.88746, 34.39682], [9.89838, 34.42057], [9.92079, 34.43168], [9.9162, 34.44628], [9.91682, 34.45939], [9.92444, 34.46776], [9.9358, 34.45065], [9.94109, 34.44731], [9.94755, 34.44999], [9.9624, 34.45877], [9.9739, 34.47187], [9.99129, 34.48063], [9.99664, 34.49009], [10.00758, 34.48666], [10.04715, 34.52237], [10.05984, 34.52583], [10.02258, 34.53524], [9.96944, 34.5381], [9.98122, 34.54739], [9.9706, 34.56747], [9.90782, 34.59601], [9.90053, 34.59805], [9.8825, 34.59255], [9.87824, 34.60426], [9.87284, 34.60725], [9.90105, 34.63271], [9.87931, 34.64371], [9.88721, 34.66116], [9.90848, 34.66525], [9.89943, 34.67954], [9.90355, 34.69469], [9.91816, 34.72057], [9.91769, 34.73149], [9.91199, 34.73461], [9.91313, 34.7512], [9.92509, 34.75078], [9.93928, 34.75609], [9.9414, 34.77788], [9.96068, 34.8281], [9.95463, 34.83099], [9.97862, 34.87221], [10.00872, 34.89707], [10.0291, 34.94874], [10.049, 34.98548], [10.06361, 35.00334], [10.06331, 35.02023], [10.05344, 35.04392], [10.05781, 35.0577], [10.08053, 35.07298], [10.08961, 35.08357], [10.1098, 35.09487], [10.13494, 35.11923], [10.14305, 35.11667], [10.14899, 35.12275], [10.15023, 35.13681], [10.17293, 35.13739], [10.20109, 35.14876], [10.22899, 35.15348], [10.28142, 35.13032], [10.29096, 35.13049], [10.32045, 35.14326], [10.33517, 35.13221], [10.3514, 35.13553], [10.36411, 35.13232], [10.3693, 35.12474], [10.38007, 35.1191], [10.3807, 35.1119], [10.39412, 35.10041], [10.4108, 35.09009], [10.42741, 35.08891], [10.47637, 35.13149], [10.52922, 35.14272], [10.55587, 35.15601], [10.58547, 35.17933], [10.59201, 35.1861], [10.56202, 35.22806], [10.62899, 35.25763], [10.63293, 35.25234], [10.6373, 35.25373], [10.64459, 35.24201], [10.6746, 35.22194], [10.68756, 35.2187], [10.71124, 35.2216], [10.73895, 35.23218], [10.74783, 35.24034], [10.75826, 35.24158], [10.75054, 35.24881], [10.76129, 35.26508], [10.7651, 35.27851], [10.7911, 35.27383], [10.79494, 35.25621], [10.80475, 35.24596], [10.80446, 35.21001], [10.83682, 35.16157], [10.83463, 35.14516], [10.88759, 35.16096], [10.90737, 35.18868], [10.93218, 35.16522], [10.92755, 35.16197], [10.94057, 35.15306], [10.91988, 35.13676], [10.93273, 35.12703], [10.95613, 35.09797], [10.98768, 35.09161], [10.99258, 35.09619], [11.00823, 35.08987], [11.02153, 35.08924], [11.0276, 35.07974], [11.0214, 35.05944], [11.02315, 35.0443], [11.03252, 35.04366], [11.03294, 35.04467], [11.03466, 35.04463], [11.03571, 35.04357], [11.0352, 35.04196], [11.03555, 35.04368], [11.03318, 35.04464], [11.03459, 35.04214], [11.01913, 35.04159], [11.01172, 35.02392], [11.00679, 35.02195], [11.00617, 35.01442], [10.95813, 34.9933], [10.92492, 34.96736], [10.92524, 34.96039], [10.92118, 34.95994], [10.92574, 34.95911], [10.92119, 34.94518], [10.92464, 34.9013], [10.92051, 34.88368], [10.90934, 34.87101], [10.91948, 34.86571], [10.90824, 34.87062], [10.88698, 34.85102], [10.88314, 34.83605], [10.87134, 34.8271], [10.866, 34.82791], [10.86521, 34.81545], [10.87138, 34.79915], [10.84664, 34.79434], [10.82369, 34.78285], [10.81399, 34.76931], [10.80786, 34.76973], [10.8063, 34.76132], [10.78246, 34.74772], [10.78664, 34.73145], [10.78115, 34.72217], [10.77818, 34.73028], [10.77648, 34.72679], [10.76978, 34.73133], [10.76453, 34.7283], [10.77617, 34.72128], [10.77041, 34.72004], [10.77001, 34.71509], [10.76851, 34.71387], [10.76739, 34.72002], [10.76108, 34.72153], [10.76482, 34.71963], [10.76127, 34.71576], [10.76522, 34.71302], [10.76088, 34.71126], [10.76753, 34.71311], [10.7653, 34.71121], [10.76011, 34.71114], [10.76058, 34.71962], [10.75882, 34.71653], [10.75368, 34.72385], [10.75125, 34.71064], [10.75571, 34.70909], [10.75428, 34.69912], [10.75058, 34.69969], [10.75106, 34.69424], [10.74749, 34.69203], [10.74943, 34.6846], [10.72958, 34.66142], [10.73539, 34.65765], [10.73099, 34.65284], [10.71472, 34.64026], [10.69992, 34.63452], [10.66312, 34.62709], [10.65843, 34.63643], [10.65049, 34.63526], [10.64141, 34.62843], [10.64116, 34.61971], [10.63036, 34.616], [10.62052, 34.59636], [10.60463, 34.58704], [10.59797, 34.5459], [10.60589, 34.55542], [10.59302, 34.53897], [10.5735, 34.5291], [10.54152, 34.51796], [10.53585, 34.51907], [10.55413, 34.52258], [10.55068, 34.5225], [10.56328, 34.52896], [10.55628, 34.53053], [10.53311, 34.52328], [10.52223, 34.52705], [10.5166, 34.5224], [10.50574, 34.52372], [10.49842, 34.52029], [10.50061, 34.51421], [10.4989, 34.51181], [10.49568, 34.52004], [10.46031, 34.50791], [10.43483, 34.48842], [10.43032, 34.49044], [10.43387, 34.48663], [10.37538, 34.42126], [10.36078, 34.41988], [10.36198, 34.4268], [10.35192, 34.42794], [10.35125, 34.42474], [10.33565, 34.41938], [10.33871, 34.41627], [10.32975, 34.41842], [10.32839, 34.41124], [10.32499, 34.41153], [10.3282, 34.40867], [10.3228, 34.41027], [10.32273, 34.4059], [10.34105, 34.40789], [10.35269, 34.41843], [10.35028, 34.40342], [10.32407, 34.39304], [10.33219, 34.39681], [10.31392, 34.39765], [10.29266, 34.40674], [10.29054, 34.40985], [10.29491, 34.41198], [10.28837, 34.41], [10.28618, 34.41904], [10.28562, 34.41247], [10.28175, 34.41277], [10.28737, 34.40525], [10.28389, 34.40092], [10.2802, 34.40302], [10.27948, 34.39634], [10.2748, 34.39459], [10.27907, 34.38941], [10.27247, 34.38382], [10.27076, 34.37317], [10.26886, 34.37049], [10.26828, 34.3732], [10.2565, 34.37332], [10.24064, 34.36976], [10.22741, 34.35485], [10.21026, 34.3477], [10.19129, 34.36434], [10.18478, 34.3536], [10.18399, 34.34102], [10.18003, 34.33515], [10.17362, 34.33864], [10.1702, 34.32597], [10.15765, 34.32936], [10.15778, 34.32255], [10.15743, 34.32881], [10.15221, 34.32903], [10.14018, 34.32489], [10.14596, 34.31682], [10.14034, 34.32249], [10.12222, 34.3174], [10.0998, 34.29464], [10.09764, 34.2874], [10.09308, 34.28667], [10.06517, 34.23134], [10.04896, 34.20886], [10.0452, 34.20491], [10.04366, 34.20556], [10.05163, 34.22477], [10.0433, 34.2269], [10.03782, 34.22155], [10.04288, 34.21739], [10.04064, 34.21176], [10.03672, 34.20717], [10.02914, 34.20723], [10.04115, 34.20302], [10.04301, 34.20638], [10.04345, 34.1886], [10.04247, 34.1845], [10.04127, 34.18708], [10.03928, 34.17656], [10.03361, 34.168], [10.03711, 34.17632], [10.03306, 34.17327], [10.02934, 34.17279], [10.034, 34.17429], [10.03651, 34.17761], [10.03401, 34.17545], [10.02812, 34.17383], [10.03308, 34.17558], [10.0344, 34.18161], [10.02815, 34.1764], [10.0254, 34.17925], [10.0285, 34.18025], [10.0223, 34.17902], [10.02171, 34.18108], [10.02761, 34.18308], [10.02296, 34.18235], [10.01651, 34.1909], [10.01101, 34.19323], [10.00114, 34.18824], [9.98245, 34.19701], [9.96592, 34.21114], [9.94913, 34.2055], [9.9343, 34.2062], [9.92203, 34.19656], [9.92218, 34.18957], [9.91756, 34.18574], [9.92376, 34.18142], [9.92215, 34.17833], [9.89695, 34.16834], [9.89162, 34.17913], [9.8636, 34.19867], [9.86522, 34.20683], [9.85446, 34.21579], [9.85195, 34.2277], [9.82523, 34.23807], [9.81599, 34.22927], [9.81864, 34.22044], [9.7549, 34.22013], [9.7111, 34.2815], [9.76151, 34.27435]]], [[[10.31303, 34.38082], [10.32073, 34.36789], [10.32107, 34.35966], [10.30655, 34.36239], [10.30327, 34.37065], [10.31303, 34.38082]]]]}}, {"type": "Feature", "properties": {"shapeID": "13205935B57742642676849", "shapeName": "Jendouba"}, "geometry": {"type": "Polygon", "coordinates": [[[8.91568, 36.44767], [8.90072, 36.42568], [8.86961, 36.41393], [8.84696, 36.41769], [8.8154, 36.40051], [8.80154, 36.401], [8.7687, 36.39262], [8.75472, 36.39675], [8.75235, 36.40376], [8.73976, 36.40426], [8.71532, 36.39298], [8.69652, 36.40187], [8.6936, 36.4084], [8.68549, 36.40868], [8.67547, 36.41657], [8.66923, 36.41495], [8.65792, 36.41902], [8.61129, 36.40662], [8.60657, 36.39564], [8.59741, 36.39445], [8.58224, 36.4032], [8.56164, 36.40103], [8.55284, 36.39515], [8.54338, 36.39869], [8.5401, 36.39324], [8.5171, 36.38014], [8.50327, 36.38139], [8.48147, 36.37601], [8.4781, 36.37094], [8.46321, 36.36686], [8.46071, 36.35307], [8.44957, 36.34722], [8.43392, 36.35153], [8.43032, 36.34829], [8.42055, 36.35118], [8.39582, 36.34783], [8.37645, 36.35006], [8.39392, 36.36509], [8.39375, 36.3704], [8.40192, 36.3781], [8.39383, 36.39388], [8.40966, 36.41186], [8.40628, 36.42308], [8.37178, 36.42833], [8.36581, 36.43944], [8.35487, 36.44618], [8.34343, 36.43523], [8.32786, 36.43234], [8.32731, 36.43614], [8.31533, 36.43815], [8.3065, 36.43416], [8.30321, 36.44254], [8.28452, 36.4461], [8.26309, 36.43858], [8.25099, 36.44633], [8.21342, 36.44669], [8.20384, 36.45007], [8.19556, 36.46083], [8.17603, 36.45956], [8.16876, 36.46423], [8.15483, 36.48042], [8.16022, 36.48847], [8.15365, 36.49686], [8.17294, 36.5041], [8.17711, 36.51348], [8.1953, 36.50719], [8.24598, 36.52701], [8.25642, 36.53705], [8.26583, 36.53504], [8.2915, 36.53962], [8.31996, 36.55714], [8.32614, 36.57382], [8.3806, 36.5979], [8.38772, 36.59484], [8.40369, 36.61654], [8.41783, 36.62239], [8.4492, 36.61807], [8.4468, 36.62368], [8.45988, 36.65834], [8.45132, 36.66208], [8.47017, 36.66796], [8.48399, 36.68312], [8.48745, 36.69732], [8.47986, 36.70265], [8.46582, 36.72517], [8.46405, 36.73539], [8.47005, 36.74142], [8.46408, 36.74836], [8.45897, 36.75145], [8.44466, 36.74602], [8.42892, 36.74873], [8.42993, 36.75952], [8.48415, 36.77948], [8.51683, 36.77835], [8.52742, 36.78259], [8.53231, 36.77429], [8.54539, 36.77342], [8.5535, 36.77884], [8.57248, 36.7732], [8.5996, 36.79872], [8.61111, 36.79093], [8.62191, 36.8008], [8.65478, 36.80943], [8.66945, 36.81732], [8.68113, 36.83895], [8.66892, 36.84423], [8.66252, 36.85201], [8.65393, 36.84861], [8.63114, 36.85605], [8.625, 36.85377], [8.63137, 36.87296], [8.62844, 36.8865], [8.63242, 36.8929], [8.63054, 36.89695], [8.63663, 36.90949], [8.65399, 36.91569], [8.64285, 36.92961], [8.64208, 36.94093], [8.68038, 36.95956], [8.69266, 36.96273], [8.7004, 36.9605], [8.71162, 36.96742], [8.71216, 36.96311], [8.71627, 36.96226], [8.74212, 36.9696], [8.75616, 36.95782], [8.75649, 36.96555], [8.76016, 36.96707], [8.7647, 36.96006], [8.76153, 36.96187], [8.75852, 36.95772], [8.7626, 36.96053], [8.76341, 36.95387], [8.78313, 36.9535], [8.83914, 36.97697], [8.88456, 37.00862], [8.92463, 36.98817], [8.9257, 36.9733], [8.93384, 36.95732], [8.93841, 36.95763], [8.93625, 36.95391], [8.94368, 36.9504], [8.93295, 36.94449], [8.92635, 36.93226], [8.92776, 36.92363], [8.97029, 36.9068], [8.98098, 36.89526], [9.00097, 36.88584], [8.99945, 36.87575], [8.98892, 36.87532], [8.99422, 36.85891], [8.98823, 36.8562], [8.98758, 36.85], [8.97224, 36.84271], [8.95001, 36.84332], [8.93241, 36.82661], [8.93288, 36.82133], [8.92204, 36.81632], [8.91795, 36.80611], [8.92097, 36.80184], [8.93354, 36.80364], [8.93065, 36.79747], [8.9334, 36.78994], [8.91531, 36.78316], [8.91125, 36.77805], [8.91623, 36.77333], [8.94041, 36.76987], [8.9497, 36.76435], [8.95492, 36.76774], [8.99466, 36.7658], [9.02755, 36.74991], [9.03071, 36.72988], [9.03674, 36.72494], [9.03249, 36.72152], [9.03442, 36.71479], [9.02935, 36.71266], [9.02718, 36.7063], [9.03253, 36.70115], [9.02766, 36.69496], [9.03229, 36.68403], [9.02727, 36.68439], [9.03027, 36.68154], [9.02622, 36.67202], [9.01643, 36.6656], [9.03107, 36.64364], [9.04257, 36.63954], [9.05461, 36.61648], [9.06283, 36.61099], [9.06135, 36.60628], [9.07615, 36.59717], [9.06783, 36.59021], [9.07288, 36.585], [9.06761, 36.5817], [9.07677, 36.55076], [9.06754, 36.54063], [9.07525, 36.52654], [9.06637, 36.52618], [9.05824, 36.51546], [9.04309, 36.50552], [9.05066, 36.50206], [9.04377, 36.49086], [9.05141, 36.48413], [9.05201, 36.47681], [9.04437, 36.46301], [9.04062, 36.46016], [9.03671, 36.4651], [8.99822, 36.46526], [8.98466, 36.45996], [8.96301, 36.45998], [8.91568, 36.44767]]]}}, {"type": "Feature", "properties": {"shapeID": "13205935B9888826763551", "shapeName": "Kairouan"}, "geometry": {"type": "Polygon", "coordinates": [[[10.20654, 36.13548], [10.20276, 36.13271], [10.20187, 36.10542], [10.21025, 36.09572], [10.20673, 36.08879], [10.21648, 36.08609], [10.21012, 36.07935], [10.207, 36.06807], [10.20972, 36.06624], [10.20446, 36.06545], [10.20374, 36.05655], [10.22173, 36.05498], [10.25553, 36.03565], [10.25781, 35.97974], [10.25278, 35.96245], [10.23436, 35.93396], [10.22898, 35.91851], [10.21924, 35.91959], [10.21434, 35.90614], [10.20226, 35.90377], [10.19587, 35.89052], [10.1812, 35.87982], [10.17677, 35.86763], [10.18077, 35.85355], [10.17025, 35.84509], [10.17209, 35.84019], [10.16115, 35.83646], [10.15923, 35.8247], [10.16618, 35.82166], [10.16032, 35.81927], [10.15884, 35.81292], [10.16565, 35.80252], [10.17411, 35.79783], [10.17317, 35.79329], [10.18147, 35.79031], [10.18493, 35.78202], [10.20308, 35.76447], [10.20636, 35.74563], [10.21417, 35.73894], [10.21282, 35.71162], [10.231, 35.70379], [10.25265, 35.68152], [10.25574, 35.66681], [10.2648, 35.65823], [10.27012, 35.63919], [10.30727, 35.58501], [10.30574, 35.58158], [10.28538, 35.57696], [10.27407, 35.5805], [10.23369, 35.56784], [10.20729, 35.55366], [10.25732, 35.49879], [10.22011, 35.47537], [10.22495, 35.45661], [10.21651, 35.43782], [10.19359, 35.43292], [10.18202, 35.42146], [10.17651, 35.40381], [10.17637, 35.38761], [10.16056, 35.357], [10.16722, 35.34525], [10.1921, 35.33527], [10.20513, 35.32054], [10.17437, 35.26661], [10.20488, 35.21392], [10.22056, 35.19755], [10.21063, 35.18681], [10.22295, 35.15303], [10.20109, 35.14876], [10.17293, 35.13739], [10.15023, 35.13681], [10.14899, 35.12275], [10.14305, 35.11667], [10.13494, 35.11923], [10.1098, 35.09487], [10.08961, 35.08357], [10.08053, 35.07298], [10.05781, 35.0577], [10.05344, 35.04392], [10.06331, 35.02023], [10.00773, 35.04245], [10.01739, 35.05058], [10.00582, 35.05244], [10.0129, 35.06608], [9.99409, 35.08419], [10.00235, 35.10288], [9.99211, 35.12081], [9.99711, 35.1265], [9.99476, 35.15515], [10.00149, 35.16453], [9.98404, 35.17243], [9.97313, 35.18228], [9.9676, 35.20244], [9.95054, 35.20771], [9.94264, 35.19894], [9.91437, 35.19298], [9.89803, 35.18409], [9.8884, 35.18489], [9.88271, 35.17989], [9.88649, 35.17439], [9.88389, 35.17], [9.8732, 35.16611], [9.82171, 35.17146], [9.79406, 35.18156], [9.74779, 35.18044], [9.69882, 35.20065], [9.69116, 35.21159], [9.69161, 35.23074], [9.68265, 35.23676], [9.67448, 35.23488], [9.65841, 35.24254], [9.65303, 35.25207], [9.64173, 35.26069], [9.60946, 35.26668], [9.60003, 35.2796], [9.58701, 35.28476], [9.56616, 35.26972], [9.55452, 35.2749], [9.53367, 35.31391], [9.53241, 35.31869], [9.53661, 35.3222], [9.52728, 35.33328], [9.53038, 35.33693], [9.52708, 35.3443], [9.45914, 35.36355], [9.47444, 35.38843], [9.48721, 35.39245], [9.5052, 35.40524], [9.50028, 35.41158], [9.50513, 35.4141], [9.49041, 35.42377], [9.4883, 35.42939], [9.48911, 35.44053], [9.48501, 35.44939], [9.49115, 35.45867], [9.48915, 35.46561], [9.46617, 35.47715], [9.46407, 35.49309], [9.44236, 35.50231], [9.43345, 35.53426], [9.41009, 35.54574], [9.39588, 35.54773], [9.39831, 35.55936], [9.41335, 35.55948], [9.41992, 35.56318], [9.42257, 35.57639], [9.4102, 35.57065], [9.39591, 35.58277], [9.39234, 35.58201], [9.38932, 35.59603], [9.36947, 35.59748], [9.3566, 35.62149], [9.31785, 35.65154], [9.30622, 35.65417], [9.30259, 35.66413], [9.27672, 35.68745], [9.26956, 35.70121], [9.27437, 35.71525], [9.28081, 35.72114], [9.29047, 35.72241], [9.30227, 35.72098], [9.33574, 35.70122], [9.36076, 35.70496], [9.39796, 35.68792], [9.41295, 35.69421], [9.43297, 35.71245], [9.44272, 35.70819], [9.45681, 35.71326], [9.4546, 35.72022], [9.46969, 35.7247], [9.46801, 35.72942], [9.47102, 35.72738], [9.47825, 35.73188], [9.50245, 35.72942], [9.51604, 35.73378], [9.51986, 35.72888], [9.52492, 35.73383], [9.52226, 35.73829], [9.53758, 35.74271], [9.53436, 35.75198], [9.50443, 35.7628], [9.49407, 35.78049], [9.48368, 35.78755], [9.51001, 35.78759], [9.49832, 35.7952], [9.50937, 35.81069], [9.50882, 35.82002], [9.51917, 35.82715], [9.52334, 35.84405], [9.515, 35.85131], [9.52019, 35.85708], [9.51763, 35.86162], [9.49304, 35.87236], [9.48736, 35.9045], [9.49131, 35.91041], [9.51755, 35.91232], [9.5238, 35.92191], [9.55821, 35.9402], [9.60964, 35.97747], [9.6196, 35.99009], [9.6305, 35.99516], [9.62965, 36.00381], [9.64454, 36.01617], [9.7042, 36.05027], [9.71202, 36.06374], [9.72764, 36.07037], [9.7533, 36.09012], [9.7556, 36.11363], [9.75959, 36.10878], [9.77935, 36.10222], [9.79808, 36.10276], [9.80784, 36.10682], [9.8254, 36.08946], [9.8287, 36.05502], [9.84258, 36.06385], [9.84316, 36.07382], [9.87788, 36.07538], [9.88246, 36.06823], [9.89136, 36.068], [9.89621, 36.06314], [9.89271, 36.05699], [9.89433, 36.04739], [9.90092, 36.04261], [9.92179, 36.04173], [9.93609, 36.04718], [9.95319, 36.04307], [9.95435, 36.03859], [9.97368, 36.0499], [9.97533, 36.03877], [9.99629, 36.03427], [10.00495, 36.02662], [10.01117, 36.01227], [10.02034, 36.01595], [10.02485, 36.00942], [10.04433, 36.00057], [10.04291, 36.00845], [10.06074, 36.04635], [10.05258, 36.07462], [10.05831, 36.10611], [10.06411, 36.09798], [10.06508, 36.08682], [10.0778, 36.07537], [10.12752, 36.08427], [10.13748, 36.08166], [10.1349, 36.09711], [10.12929, 36.09851], [10.12596, 36.1066], [10.13728, 36.11676], [10.13918, 36.1232], [10.14302, 36.12258], [10.14984, 36.13036], [10.18185, 36.13791], [10.20654, 36.13548]]]}}, {"type": "Feature", "properties": {"shapeID": "13205935B52637504718586", "shapeName": "Kasserine"}, "geometry": {"type": "Polygon", "coordinates": [[[8.37046, 35.61963], [8.38934, 35.61594], [8.38626, 35.63531], [8.40113, 35.64009], [8.41514, 35.65457], [8.41735, 35.66426], [8.45632, 35.67251], [8.54359, 35.66738], [8.548, 35.66575], [8.54346, 35.65726], [8.55546, 35.64587], [8.56897, 35.63733], [8.57072, 35.64088], [8.57847, 35.6404], [8.58792, 35.65005], [8.61501, 35.65982], [8.61218, 35.66432], [8.6189, 35.67097], [8.61767, 35.67549], [8.63025, 35.68534], [8.62765, 35.68693], [8.63022, 35.69146], [8.6225, 35.70186], [8.62654, 35.71005], [8.62676, 35.72457], [8.61865, 35.73129], [8.61723, 35.74767], [8.63188, 35.74312], [8.63637, 35.75491], [8.6503, 35.7506], [8.66633, 35.75936], [8.6673, 35.78781], [8.67588, 35.78815], [8.68463, 35.78326], [8.70043, 35.79088], [8.71184, 35.78724], [8.71313, 35.78041], [8.7099, 35.77746], [8.71291, 35.77281], [8.72094, 35.77578], [8.73576, 35.77037], [8.74665, 35.77584], [8.75866, 35.77442], [8.76323, 35.77681], [8.76365, 35.78272], [8.77094, 35.78398], [8.78047, 35.7773], [8.80404, 35.7742], [8.82028, 35.75615], [8.84608, 35.74191], [8.88107, 35.73493], [8.92239, 35.71615], [8.95078, 35.71347], [8.96539, 35.70549], [8.98627, 35.70946], [9.01244, 35.70111], [8.97997, 35.68676], [8.97658, 35.68169], [8.96765, 35.68176], [8.96401, 35.67687], [8.98184, 35.67667], [9.00011, 35.66617], [8.98602, 35.66326], [8.98888, 35.64732], [8.99727, 35.63652], [8.99419, 35.63302], [9.02371, 35.62836], [9.04845, 35.63444], [9.05553, 35.62175], [9.07997, 35.61263], [9.08692, 35.60051], [9.09137, 35.61176], [9.10159, 35.61755], [9.10141, 35.62414], [9.10528, 35.62666], [9.11472, 35.62754], [9.13199, 35.61019], [9.1507, 35.61941], [9.16684, 35.61203], [9.17449, 35.61698], [9.17061, 35.60549], [9.17829, 35.60491], [9.19244, 35.59433], [9.18381, 35.58496], [9.18593, 35.5784], [9.18145, 35.57419], [9.18108, 35.56266], [9.20513, 35.5558], [9.2143, 35.54277], [9.22536, 35.54213], [9.26799, 35.5535], [9.27408, 35.54567], [9.26914, 35.54088], [9.27025, 35.53233], [9.28143, 35.53075], [9.29348, 35.53477], [9.30161, 35.52305], [9.30821, 35.52094], [9.31038, 35.51352], [9.32231, 35.51086], [9.32259, 35.50108], [9.33019, 35.49251], [9.323, 35.48849], [9.33035, 35.47878], [9.33936, 35.47852], [9.33089, 35.47552], [9.322, 35.46555], [9.29516, 35.45496], [9.23188, 35.4124], [9.21046, 35.39333], [9.15763, 35.31117], [9.15012, 35.29154], [9.16916, 35.27233], [9.19966, 35.25552], [9.20345, 35.24508], [9.2489, 35.23127], [9.27489, 35.21513], [9.23814, 35.19808], [9.25232, 35.17908], [9.25375, 35.16711], [9.2528, 35.15342], [9.24286, 35.1376], [9.26309, 35.11772], [9.30261, 35.1022], [9.32389, 35.08274], [9.27194, 35.02087], [9.24756, 35.01859], [9.23861, 35.02268], [9.23083, 35.01735], [9.22177, 35.01927], [9.21309, 35.011], [9.20429, 35.00889], [9.18362, 35.01428], [9.17032, 35.0107], [9.15045, 34.99444], [9.12208, 34.99539], [9.10626, 34.9676], [9.06098, 34.95597], [9.04989, 34.93699], [9.03536, 34.94034], [9.03807, 34.92284], [9.02591, 34.91409], [9.0312, 34.89917], [9.02726, 34.8889], [9.03805, 34.88655], [9.05844, 34.89032], [9.06477, 34.88328], [9.05935, 34.87026], [9.03883, 34.85729], [9.01492, 34.84935], [8.97169, 34.82567], [8.94984, 34.82541], [8.93057, 34.81879], [8.92088, 34.81023], [8.89354, 34.8004], [8.83919, 34.77056], [8.78902, 34.75331], [8.7506, 34.72505], [8.73033, 34.72487], [8.7224, 34.71553], [8.65089, 34.67698], [8.58557, 34.62741], [8.5399, 34.6302], [8.52317, 34.63966], [8.50845, 34.64061], [8.48267, 34.66421], [8.46967, 34.66826], [8.44268, 34.68534], [8.41698, 34.69113], [8.36279, 34.71157], [8.31911, 34.73647], [8.29747, 34.74295], [8.28379, 34.76689], [8.28364, 34.82129], [8.27976, 34.82461], [8.27904, 34.83562], [8.27262, 34.84046], [8.27564, 34.84462], [8.27071, 34.8507], [8.26871, 34.86633], [8.26137, 34.87433], [8.25607, 34.90886], [8.24521, 34.92105], [8.26156, 34.93149], [8.26958, 34.9323], [8.28634, 34.94519], [8.30087, 34.94967], [8.31527, 34.94809], [8.30865, 34.95375], [8.31689, 34.99387], [8.31568, 35.00921], [8.35716, 35.09871], [8.39982, 35.12792], [8.41634, 35.15099], [8.42261, 35.17916], [8.45449, 35.22005], [8.47653, 35.23976], [8.45469, 35.23626], [8.43966, 35.23743], [8.42239, 35.24598], [8.40877, 35.24498], [8.35878, 35.27624], [8.3336, 35.28045], [8.32474, 35.28979], [8.32401, 35.29841], [8.31155, 35.31506], [8.31151, 35.32445], [8.31685, 35.32588], [8.31738, 35.34124], [8.31269, 35.37223], [8.32986, 35.40653], [8.32449, 35.41339], [8.31546, 35.41421], [8.32913, 35.42184], [8.33941, 35.44549], [8.34981, 35.45427], [8.35327, 35.46314], [8.37243, 35.46786], [8.3844, 35.46676], [8.3861, 35.47432], [8.38536, 35.48742], [8.37344, 35.49518], [8.35997, 35.52574], [8.36318, 35.53437], [8.35335, 35.58213], [8.35093, 35.61145], [8.35396, 35.61661], [8.37046, 35.61963]]]}}, {"type": "Feature", "properties": {"shapeID": "13205935B953488337212", "shapeName": "Mahdia"}, "geometry": {"type": "Polygon", "coordinates": [[[10.31591, 35.58522], [10.32122, 35.59413], [10.33051, 35.5949], [10.33027, 35.59146], [10.32454, 35.59122], [10.32325, 35.58415], [10.32699, 35.57321], [10.31486, 35.58012], [10.32242, 35.56947], [10.31469, 35.57369], [10.30866, 35.57155], [10.3101, 35.56736], [10.30184, 35.562], [10.30102, 35.55303], [10.29291, 35.55151], [10.29436, 35.53971], [10.30766, 35.53416], [10.30116, 35.52641], [10.31062, 35.52957], [10.3142, 35.51801], [10.31985, 35.52178], [10.33626, 35.50222], [10.35089, 35.50047], [10.3506, 35.49417], [10.35569, 35.49098], [10.36208, 35.49299], [10.37115, 35.47085], [10.3769, 35.47726], [10.38319, 35.47754], [10.38565, 35.48335], [10.37831, 35.48479], [10.38323, 35.49264], [10.38946, 35.4937], [10.37654, 35.49255], [10.39147, 35.49826], [10.39109, 35.49393], [10.39682, 35.49519], [10.40289, 35.48984], [10.42301, 35.49717], [10.42653, 35.48902], [10.44069, 35.48168], [10.45108, 35.48192], [10.45833, 35.47469], [10.45226, 35.46873], [10.46283, 35.45427], [10.45865, 35.45305], [10.46503, 35.44172], [10.46062, 35.43504], [10.47421, 35.43338], [10.47693, 35.43915], [10.48532, 35.43389], [10.4762, 35.43062], [10.4764, 35.42415], [10.49161, 35.40871], [10.50285, 35.40546], [10.51088, 35.40766], [10.53064, 35.39934], [10.52875, 35.40523], [10.54287, 35.40903], [10.55933, 35.39664], [10.56628, 35.39809], [10.56759, 35.41951], [10.57465, 35.43686], [10.57051, 35.44294], [10.57157, 35.44857], [10.58619, 35.45359], [10.58808, 35.45935], [10.59602, 35.45647], [10.60485, 35.46449], [10.61236, 35.46565], [10.61107, 35.4699], [10.61696, 35.47437], [10.62107, 35.48556], [10.63813, 35.50021], [10.64016, 35.48591], [10.66096, 35.47728], [10.67234, 35.48474], [10.6772, 35.47722], [10.68419, 35.47754], [10.68368, 35.47165], [10.68893, 35.47602], [10.69736, 35.4735], [10.69793, 35.47949], [10.71212, 35.4752], [10.71801, 35.48926], [10.73552, 35.48736], [10.73086, 35.4745], [10.75355, 35.46373], [10.75966, 35.44978], [10.76675, 35.44896], [10.77754, 35.44022], [10.77559, 35.43484], [10.78157, 35.43481], [10.78134, 35.42721], [10.79714, 35.42871], [10.79987, 35.42303], [10.80852, 35.42302], [10.81531, 35.43321], [10.82517, 35.43019], [10.82588, 35.43529], [10.84287, 35.43731], [10.84692, 35.45128], [10.83724, 35.45628], [10.84328, 35.46399], [10.84403, 35.46697], [10.83966, 35.46801], [10.84733, 35.48359], [10.85165, 35.48682], [10.85906, 35.48319], [10.86716, 35.48685], [10.87337, 35.49891], [10.87615, 35.49661], [10.89362, 35.50681], [10.91042, 35.50407], [10.92428, 35.50784], [10.9159, 35.51802], [10.92188, 35.52363], [10.92151, 35.5297], [10.92892, 35.52925], [10.9374, 35.54257], [10.95138, 35.54288], [10.95191, 35.53743], [10.95643, 35.53588], [10.9582, 35.54069], [10.99221, 35.54222], [10.99477, 35.54422], [10.9908, 35.55178], [10.99548, 35.55537], [11.00009, 35.55245], [11.00085, 35.55561], [11.01114, 35.55639], [11.01274, 35.55237], [11.02958, 35.55716], [11.03599, 35.53288], [11.04909, 35.51498], [11.06521, 35.50572], [11.08258, 35.50785], [11.06974, 35.49885], [11.06924, 35.50221], [11.06391, 35.50002], [11.0671, 35.4955], [11.07149, 35.49903], [11.06789, 35.49547], [11.06, 35.49452], [11.04349, 35.44464], [11.04074, 35.41893], [11.05029, 35.39098], [11.03547, 35.3856], [11.03191, 35.37001], [11.0341, 35.3468], [11.04108, 35.32674], [11.05587, 35.30834], [11.10056, 35.26687], [11.13227, 35.24576], [11.16316, 35.23317], [11.16643, 35.23072], [11.15804, 35.23269], [11.15486, 35.22417], [11.15004, 35.22213], [11.14339, 35.22588], [11.1393, 35.22299], [11.13443, 35.22747], [11.12676, 35.22598], [11.12929, 35.22306], [11.11791, 35.22275], [11.11854, 35.21923], [11.10857, 35.21131], [11.1087, 35.19402], [11.09938, 35.19084], [11.09888, 35.18365], [11.09083, 35.18097], [11.0821, 35.16931], [11.08814, 35.16097], [11.05855, 35.15907], [11.05126, 35.15183], [11.06029, 35.14605], [11.05054, 35.14995], [11.0385, 35.13536], [11.0235, 35.10917], [11.02153, 35.08924], [11.00823, 35.08987], [10.99258, 35.09619], [10.98768, 35.09161], [10.95613, 35.09797], [10.93273, 35.12703], [10.91988, 35.13676], [10.94057, 35.15306], [10.92755, 35.16197], [10.93218, 35.16522], [10.90737, 35.18868], [10.88759, 35.16096], [10.83463, 35.14516], [10.83682, 35.16157], [10.80446, 35.21001], [10.80475, 35.24596], [10.79494, 35.25621], [10.7911, 35.27383], [10.7651, 35.27851], [10.76129, 35.26508], [10.75054, 35.24881], [10.75826, 35.24158], [10.74783, 35.24034], [10.73895, 35.23218], [10.71124, 35.2216], [10.68756, 35.2187], [10.6746, 35.22194], [10.64459, 35.24201], [10.6373, 35.25373], [10.63293, 35.25234], [10.62899, 35.25763], [10.56202, 35.22806], [10.59201, 35.1861], [10.58547, 35.17933], [10.55587, 35.15601], [10.52922, 35.14272], [10.47637, 35.13149], [10.42741, 35.08891], [10.4108, 35.09009], [10.39412, 35.10041], [10.3807, 35.1119], [10.38007, 35.1191], [10.3693, 35.12474], [10.36411, 35.13232], [10.3514, 35.13553], [10.33517, 35.13221], [10.31706, 35.14357], [10.29096, 35.13049], [10.28142, 35.13032], [10.22899, 35.15348], [10.22295, 35.15303], [10.21063, 35.18681], [10.22056, 35.19755], [10.20488, 35.21392], [10.17437, 35.26661], [10.20513, 35.32054], [10.1921, 35.33527], [10.16722, 35.34525], [10.16056, 35.357], [10.17637, 35.38761], [10.17651, 35.40381], [10.18202, 35.42146], [10.19359, 35.43292], [10.21651, 35.43782], [10.22495, 35.45661], [10.22011, 35.47537], [10.25732, 35.49879], [10.20729, 35.55366], [10.23369, 35.56784], [10.27407, 35.5805], [10.28538, 35.57696], [10.30574, 35.58158], [10.30727, 35.58501], [10.31591, 35.58522]]]}}, {"type": "Feature", "properties": {"shapeID": "13205935B47286197858453", "shapeName": "Manouba"}, "geometry": {"type": "Polygon", "coordinates": [[[10.11917, 36.79748], [10.11523, 36.79592], [10.10041, 36.80202], [10.08139, 36.79582], [10.07388, 36.79958], [10.05985, 36.79714], [10.05157, 36.78665], [10.04474, 36.7941], [10.03905, 36.79255], [10.02958, 36.79865], [10.02068, 36.79852], [10.00379, 36.78692], [10.02585, 36.77334], [10.02789, 36.76141], [10.04094, 36.74534], [10.03226, 36.73961], [10.07499, 36.72414], [10.06983, 36.70614], [10.08553, 36.69519], [10.09042, 36.69374], [10.09327, 36.69685], [10.0814, 36.66706], [10.0595, 36.64566], [10.04295, 36.62266], [10.03693, 36.62954], [10.03525, 36.63985], [10.02379, 36.64893], [10.02892, 36.65437], [10.01746, 36.66277], [9.99856, 36.64406], [9.99291, 36.63094], [9.98083, 36.61747], [9.96276, 36.61461], [9.94978, 36.60698], [9.93794, 36.59454], [9.93562, 36.58474], [9.92172, 36.57621], [9.90247, 36.55297], [9.88882, 36.57264], [9.86402, 36.57501], [9.86053, 36.59393], [9.84781, 36.60889], [9.82882, 36.60557], [9.81744, 36.60769], [9.81007, 36.62184], [9.81631, 36.62932], [9.8118, 36.6398], [9.80371, 36.64077], [9.79694, 36.63511], [9.78541, 36.64658], [9.79674, 36.65273], [9.79875, 36.66534], [9.77571, 36.6855], [9.78801, 36.71005], [9.76849, 36.7216], [9.77491, 36.72963], [9.76227, 36.73094], [9.74179, 36.71212], [9.7366, 36.71481], [9.73792, 36.72255], [9.71379, 36.73326], [9.70815, 36.74371], [9.69646, 36.74485], [9.68133, 36.75432], [9.64691, 36.75774], [9.63811, 36.7618], [9.59905, 36.79034], [9.5981, 36.79591], [9.57126, 36.82731], [9.56626, 36.84131], [9.58243, 36.85509], [9.61574, 36.86653], [9.62754, 36.86686], [9.6307, 36.85628], [9.63486, 36.85704], [9.63696, 36.8623], [9.65287, 36.86499], [9.65465, 36.87237], [9.67667, 36.88399], [9.69216, 36.88394], [9.7133, 36.90212], [9.73992, 36.88948], [9.76764, 36.8914], [9.77926, 36.92055], [9.78429, 36.92294], [9.78925, 36.93424], [9.80584, 36.94278], [9.81273, 36.94024], [9.81316, 36.96298], [9.82556, 36.97166], [9.83881, 36.96124], [9.86263, 36.95488], [9.86952, 36.95792], [9.91651, 36.94952], [9.92691, 36.9532], [9.94443, 36.91942], [9.94365, 36.91464], [9.97991, 36.92645], [10.00046, 36.91805], [10.0112, 36.89706], [10.00438, 36.89027], [10.00502, 36.88092], [9.99695, 36.87722], [9.99803, 36.87075], [9.99087, 36.85802], [9.97563, 36.85883], [9.97891, 36.84664], [9.96731, 36.84594], [9.96329, 36.84355], [9.96528, 36.84178], [9.98103, 36.83836], [9.98925, 36.85221], [10.01987, 36.85138], [10.02528, 36.84795], [10.03751, 36.85637], [10.03953, 36.85391], [10.05476, 36.87077], [10.07359, 36.87267], [10.07766, 36.86952], [10.07511, 36.86418], [10.09391, 36.83977], [10.09606, 36.831], [10.10491, 36.82197], [10.11496, 36.82753], [10.11917, 36.79748]]]}}, {"type": "Feature", "properties": {"shapeID": "13205935B988461082754", "shapeName": "Sidi Bouzid"}, "geometry": {"type": "Polygon", "coordinates": [[[10.06361, 35.00334], [10.049, 34.98548], [10.0291, 34.94874], [10.00872, 34.89707], [9.97862, 34.87221], [9.95463, 34.83099], [9.96068, 34.8281], [9.9414, 34.77788], [9.93928, 34.75609], [9.92509, 34.75078], [9.91313, 34.7512], [9.91199, 34.73461], [9.91769, 34.73149], [9.91816, 34.72057], [9.90355, 34.69469], [9.89943, 34.67954], [9.90848, 34.66525], [9.88721, 34.66116], [9.87931, 34.64371], [9.90105, 34.63271], [9.87284, 34.60725], [9.87824, 34.60426], [9.8825, 34.59255], [9.90053, 34.59805], [9.90782, 34.59601], [9.9706, 34.56747], [9.98122, 34.54739], [9.96944, 34.5381], [10.02258, 34.53524], [10.05984, 34.52583], [10.04715, 34.52237], [10.00758, 34.48666], [9.99664, 34.49009], [9.99129, 34.48063], [9.9739, 34.47187], [9.9624, 34.45877], [9.94755, 34.44999], [9.94109, 34.44731], [9.9358, 34.45065], [9.92444, 34.46776], [9.91682, 34.45939], [9.9162, 34.44628], [9.92079, 34.43168], [9.89838, 34.42057], [9.88746, 34.39682], [9.85912, 34.37021], [9.83208, 34.36345], [9.82412, 34.36736], [9.80099, 34.36488], [9.77947, 34.35849], [9.77492, 34.35133], [9.76438, 34.34603], [9.72314, 34.33719], [9.72005, 34.33308], [9.74134, 34.31594], [9.74592, 34.3003], [9.75524, 34.29019], [9.75435, 34.28434], [9.76151, 34.27435], [9.69552, 34.28262], [9.54858, 34.26474], [9.55191, 34.2778], [9.54489, 34.29346], [9.55035, 34.3151], [9.53848, 34.3517], [9.55505, 34.36119], [9.56073, 34.36954], [9.50732, 34.38175], [9.48865, 34.44604], [9.45944, 34.46396], [9.45309, 34.48144], [9.41748, 34.48261], [9.40354, 34.4934], [9.40473, 34.49957], [9.35781, 34.50673], [9.34243, 34.50393], [9.33512, 34.49406], [9.31016, 34.50158], [9.31256, 34.50791], [9.33807, 34.52941], [9.33364, 34.53544], [9.33469, 34.54315], [9.34366, 34.55913], [9.35023, 34.56295], [9.34782, 34.56748], [9.31424, 34.55227], [9.30608, 34.55768], [9.31286, 34.56529], [9.29649, 34.56627], [9.29306, 34.58039], [9.27029, 34.5684], [9.2548, 34.57867], [9.27759, 34.62472], [9.27201, 34.63421], [9.27174, 34.64546], [9.28191, 34.66024], [9.26828, 34.67066], [9.26937, 34.6756], [9.2632, 34.68384], [9.2278, 34.70833], [9.19618, 34.70611], [9.19055, 34.69297], [9.15261, 34.70629], [9.15619, 34.71706], [9.14246, 34.71083], [9.12477, 34.71001], [9.11809, 34.7037], [9.1015, 34.70915], [9.09003, 34.70556], [9.08095, 34.69948], [9.07866, 34.68904], [9.07286, 34.68804], [9.06776, 34.67982], [9.06341, 34.6881], [9.04101, 34.6937], [9.02612, 34.70619], [9.00331, 34.7096], [8.97751, 34.73064], [8.95213, 34.75398], [8.92088, 34.81023], [8.94128, 34.82365], [8.97169, 34.82567], [9.05935, 34.87026], [9.06477, 34.88328], [9.05844, 34.89032], [9.03805, 34.88655], [9.02726, 34.8889], [9.0312, 34.89917], [9.02591, 34.91409], [9.03807, 34.92284], [9.03536, 34.94034], [9.04989, 34.93699], [9.06098, 34.95597], [9.10626, 34.9676], [9.12208, 34.99539], [9.15045, 34.99444], [9.17032, 35.0107], [9.18362, 35.01428], [9.20429, 35.00889], [9.21309, 35.011], [9.22177, 35.01927], [9.23083, 35.01735], [9.23861, 35.02268], [9.24756, 35.01859], [9.27194, 35.02087], [9.32389, 35.08274], [9.30261, 35.1022], [9.26309, 35.11772], [9.24286, 35.1376], [9.2528, 35.15342], [9.25375, 35.16711], [9.25232, 35.17908], [9.23814, 35.19808], [9.27489, 35.21513], [9.2489, 35.23127], [9.20345, 35.24508], [9.19966, 35.25552], [9.16916, 35.27233], [9.15012, 35.29154], [9.15763, 35.31117], [9.21046, 35.39333], [9.23188, 35.4124], [9.29516, 35.45496], [9.32621, 35.46801], [9.33089, 35.47552], [9.36373, 35.4793], [9.39527, 35.49525], [9.40707, 35.49549], [9.41294, 35.48881], [9.4454, 35.48448], [9.46407, 35.49309], [9.46617, 35.47715], [9.49034, 35.46347], [9.49115, 35.45867], [9.48501, 35.44939], [9.48911, 35.44053], [9.4883, 35.42939], [9.49041, 35.42377], [9.50513, 35.4141], [9.50028, 35.41158], [9.5052, 35.40524], [9.48721, 35.39245], [9.47444, 35.38843], [9.45914, 35.36355], [9.52708, 35.3443], [9.53038, 35.33693], [9.52728, 35.33328], [9.53661, 35.3222], [9.53241, 35.31869], [9.53367, 35.31391], [9.55452, 35.2749], [9.56616, 35.26972], [9.58701, 35.28476], [9.60003, 35.2796], [9.60946, 35.26668], [9.64173, 35.26069], [9.65303, 35.25207], [9.65841, 35.24254], [9.67448, 35.23488], [9.68265, 35.23676], [9.69161, 35.23074], [9.69116, 35.21159], [9.69882, 35.20065], [9.74779, 35.18044], [9.79406, 35.18156], [9.82171, 35.17146], [9.8732, 35.16611], [9.88389, 35.17], [9.88649, 35.17439], [9.88271, 35.17989], [9.8884, 35.18489], [9.89803, 35.18409], [9.91437, 35.19298], [9.94264, 35.19894], [9.95054, 35.20771], [9.9676, 35.20244], [9.97313, 35.18228], [9.98404, 35.17243], [10.00149, 35.16453], [9.99476, 35.15515], [9.99711, 35.1265], [9.99211, 35.12081], [10.00235, 35.10288], [9.99409, 35.08419], [10.0129, 35.06608], [10.00582, 35.05244], [10.01739, 35.05058], [10.00773, 35.04245], [10.06331, 35.02023], [10.06361, 35.00334]]]}}, {"type": "Feature", "properties": {"shapeID": "13205935B11721331776240", "shapeName": "K\u00e9bili"}, "geometry": {"type": "Polygon", "coordinates": [[[7.84735, 33.45661], [7.90887, 33.49328], [8.02858, 33.57404], [8.09253, 33.62399], [8.22445, 33.71767], [8.31776, 33.75676], [8.35249, 33.77988], [8.43244, 33.84155], [8.44715, 33.86057], [8.54673, 33.92374], [8.60484, 33.99366], [8.63002, 34.01513], [8.64814, 34.05061], [8.64766, 34.06603], [8.65366, 34.07872], [8.66079, 34.08262], [8.67967, 34.08887], [8.69581, 34.08624], [8.72533, 34.09498], [8.73832, 34.09286], [8.76112, 34.09676], [8.80044, 34.09178], [8.84438, 34.09498], [8.85442, 34.09984], [8.85545, 34.1206], [8.91236, 34.12207], [8.95706, 34.11579], [9.01684, 34.12214], [9.04408, 34.12878], [9.07688, 34.14251], [9.08817, 34.15093], [9.12816, 34.16525], [9.14799, 34.16792], [9.15666, 34.16408], [9.22354, 34.17183], [9.24739, 34.18543], [9.27558, 34.14129], [9.30431, 34.13258], [9.30752, 34.12484], [9.35078, 34.11313], [9.32754, 34.10655], [9.32573, 34.09766], [9.31831, 34.09127], [9.3015, 34.09196], [9.29205, 34.08746], [9.28482, 34.0789], [9.27204, 34.07324], [9.27602, 34.06582], [9.26248, 34.05902], [9.26256, 34.0532], [9.25282, 34.03844], [9.24809, 33.92923], [9.27221, 33.87042], [9.33385, 33.77285], [9.33959, 33.73611], [9.35091, 33.71065], [9.37059, 33.70242], [9.42439, 33.69365], [9.44312, 33.68396], [9.4517, 33.66844], [9.46368, 33.62435], [9.51975, 33.62999], [9.53109, 33.63659], [9.53902, 33.6353], [9.53418, 33.616], [9.53645, 33.60524], [9.55586, 33.58888], [9.56519, 33.58551], [9.58141, 33.59428], [9.61677, 33.59079], [9.5904, 33.58375], [9.58025, 33.56609], [9.55984, 33.55413], [9.54485, 33.52269], [9.54739, 33.51471], [9.53145, 33.49745], [9.5168, 33.49703], [9.50167, 33.50182], [9.48828, 33.49509], [9.49437, 33.49652], [9.50458, 33.49223], [9.53509, 33.46733], [9.55002, 33.46259], [9.55514, 33.45879], [9.55647, 33.45134], [9.57078, 33.43974], [9.62226, 33.41924], [9.62835, 33.40604], [9.62972, 33.39129], [9.63669, 33.38365], [9.64827, 33.35019], [9.67491, 33.32699], [9.70964, 33.28403], [9.79021, 33.22009], [9.85754, 33.20357], [9.89934, 33.21189], [9.9166, 33.19844], [9.91355, 33.17046], [9.91887, 33.147], [9.91005, 33.08871], [9.91537, 33.07249], [9.9068, 33.06648], [9.8965, 33.06525], [9.89355, 33.05226], [9.89866, 33.048], [9.90979, 33.05123], [9.91688, 33.04681], [9.92738, 33.03374], [9.93663, 33.00355], [9.96283, 32.99267], [9.97704, 32.99643], [9.99508, 32.99298], [10.004, 32.98861], [10.01166, 32.97728], [9.99599, 32.96398], [9.96355, 32.96142], [9.93648, 32.95193], [9.93096, 32.94156], [9.93825, 32.93407], [9.93284, 32.92291], [9.94077, 32.91761], [9.9432, 32.88879], [9.97139, 32.85563], [9.94314, 32.81518], [9.92931, 32.81953], [9.91233, 32.81083], [9.91269, 32.79411], [9.9242, 32.78011], [9.92342, 32.76352], [9.90239, 32.75201], [9.89543, 32.74002], [9.87986, 32.73518], [9.89754, 32.7281], [9.89883, 32.72254], [9.91273, 32.70955], [9.96309, 32.68494], [9.96404, 32.65995], [9.95863, 32.65143], [9.95051, 32.64764], [9.93497, 32.64756], [9.9142, 32.65847], [9.91107, 32.66572], [9.9019, 32.67079], [9.90477, 32.67859], [9.901, 32.68307], [9.87077, 32.69285], [9.86089, 32.70202], [9.84178, 32.70343], [9.83971, 32.71758], [9.82813, 32.72704], [9.80744, 32.7217], [9.79118, 32.75714], [9.78397, 32.7609], [9.78032, 32.76891], [9.77457, 32.76884], [9.77036, 32.78533], [9.75763, 32.79129], [9.74998, 32.78761], [9.74309, 32.79593], [9.73745, 32.79681], [9.72537, 32.79775], [9.71486, 32.79343], [9.70985, 32.80062], [9.67906, 32.79236], [9.6793, 32.78331], [9.65766, 32.78032], [9.6496, 32.77314], [9.64095, 32.77681], [9.61339, 32.76797], [9.59689, 32.7553], [9.58968, 32.76119], [9.57051, 32.75848], [9.56619, 32.75331], [9.55954, 32.75499], [9.52168, 32.72885], [9.47154, 32.70685], [9.21126, 32.64892], [8.35683, 32.5026], [8.3226, 32.82347], [8.24718, 32.92441], [8.16896, 33.00497], [8.11615, 33.04984], [8.11726, 33.09981], [7.90565, 33.18449], [7.83215, 33.18812], [7.78962, 33.27999], [7.77775, 33.32364], [7.74922, 33.32735], [7.73256, 33.3747], [7.73658, 33.42466], [7.84735, 33.45661]]]}}, {"type": "Feature", "properties": {"shapeID": "13205935B67114336122672", "shapeName": "B\u00e9ja"}, "geometry": {"type": "Polygon", "coordinates": [[[9.03671, 36.4651], [9.04062, 36.46016], [9.04437, 36.46301], [9.05201, 36.47681], [9.05141, 36.48413], [9.04377, 36.49086], [9.05066, 36.50206], [9.04309, 36.50552], [9.05824, 36.51546], [9.06637, 36.52618], [9.07525, 36.52654], [9.06754, 36.54063], [9.07677, 36.55076], [9.06761, 36.5817], [9.07288, 36.585], [9.06783, 36.59021], [9.07615, 36.59717], [9.06135, 36.60628], [9.06283, 36.61099], [9.05461, 36.61648], [9.04257, 36.63954], [9.03107, 36.64364], [9.01643, 36.6656], [9.02622, 36.67202], [9.03027, 36.68154], [9.02727, 36.68439], [9.03229, 36.68403], [9.02766, 36.69496], [9.03253, 36.70115], [9.02718, 36.7063], [9.02935, 36.71266], [9.03442, 36.71479], [9.03249, 36.72152], [9.03674, 36.72494], [9.03071, 36.72988], [9.02755, 36.74991], [8.99466, 36.7658], [8.95492, 36.76774], [8.9497, 36.76435], [8.94041, 36.76987], [8.91623, 36.77333], [8.91125, 36.77805], [8.91531, 36.78316], [8.9334, 36.78994], [8.93065, 36.79747], [8.93354, 36.80364], [8.92097, 36.80184], [8.91795, 36.80611], [8.92204, 36.81632], [8.93288, 36.82133], [8.93241, 36.82661], [8.95001, 36.84332], [8.97224, 36.84271], [8.98758, 36.85], [8.98823, 36.8562], [8.99422, 36.85891], [8.98892, 36.87532], [8.99945, 36.87575], [9.00097, 36.88584], [8.98098, 36.89526], [8.97029, 36.9068], [8.92776, 36.92363], [8.92635, 36.93226], [8.93295, 36.94449], [8.94368, 36.9504], [8.93625, 36.95391], [8.93841, 36.95763], [8.93384, 36.95732], [8.9257, 36.9733], [8.92463, 36.98817], [8.88456, 37.00862], [8.95436, 37.0621], [8.96269, 37.07675], [8.98481, 37.09834], [8.98449, 37.10296], [8.9784, 37.10399], [9.00919, 37.11889], [9.01208, 37.12685], [9.02042, 37.12788], [9.0262, 37.13738], [9.07371, 37.15637], [9.08211, 37.15702], [9.09013, 37.15044], [9.09666, 37.1362], [9.11159, 37.12861], [9.10598, 37.11686], [9.0916, 37.11246], [9.09195, 37.1071], [9.08468, 37.10171], [9.07457, 37.08208], [9.09554, 37.06934], [9.10627, 37.04734], [9.11332, 37.0509], [9.12227, 37.04725], [9.13799, 37.04897], [9.14626, 37.05417], [9.16961, 37.05528], [9.18718, 37.05064], [9.19332, 37.04472], [9.2066, 37.02759], [9.2087, 37.01599], [9.2046, 37.01044], [9.21694, 36.99952], [9.21403, 36.97829], [9.2037, 36.97037], [9.23158, 36.9573], [9.24046, 36.94475], [9.26024, 36.92853], [9.24398, 36.9129], [9.24786, 36.90588], [9.2639, 36.9001], [9.26782, 36.8951], [9.29389, 36.89227], [9.29724, 36.88112], [9.31271, 36.87145], [9.31917, 36.87315], [9.31919, 36.88158], [9.32774, 36.88563], [9.33236, 36.87805], [9.33995, 36.87781], [9.36014, 36.86079], [9.38452, 36.84945], [9.38362, 36.8429], [9.38995, 36.83808], [9.37946, 36.83372], [9.35989, 36.80745], [9.35727, 36.7845], [9.34495, 36.76662], [9.35251, 36.75564], [9.36691, 36.75248], [9.386, 36.74156], [9.401, 36.7234], [9.41954, 36.73322], [9.42737, 36.73292], [9.43254, 36.74551], [9.44866, 36.75964], [9.47552, 36.76674], [9.48685, 36.77605], [9.51546, 36.7865], [9.51691, 36.80099], [9.52822, 36.8174], [9.54839, 36.82789], [9.56019, 36.84125], [9.56697, 36.84341], [9.57126, 36.82731], [9.5981, 36.79591], [9.59905, 36.79034], [9.63811, 36.7618], [9.64691, 36.75774], [9.68133, 36.75432], [9.69646, 36.74485], [9.70815, 36.74371], [9.71379, 36.73326], [9.73792, 36.72255], [9.7366, 36.71481], [9.74179, 36.71212], [9.76227, 36.73094], [9.77491, 36.72963], [9.76849, 36.7216], [9.78801, 36.71005], [9.77571, 36.6855], [9.79875, 36.66534], [9.79674, 36.65273], [9.78541, 36.64658], [9.79694, 36.63511], [9.80371, 36.64077], [9.8118, 36.6398], [9.81631, 36.62932], [9.81007, 36.62184], [9.81744, 36.60769], [9.82882, 36.60557], [9.84781, 36.60889], [9.85425, 36.60441], [9.85531, 36.59762], [9.86053, 36.59393], [9.86402, 36.57501], [9.83866, 36.56659], [9.82404, 36.53022], [9.7971, 36.52363], [9.78397, 36.511], [9.78414, 36.5005], [9.77565, 36.48734], [9.76824, 36.48551], [9.75937, 36.48885], [9.75167, 36.47795], [9.73293, 36.46962], [9.73965, 36.46574], [9.73554, 36.46161], [9.73917, 36.45074], [9.71134, 36.44041], [9.69819, 36.44605], [9.68201, 36.44092], [9.67524, 36.4346], [9.65564, 36.42733], [9.65248, 36.41086], [9.64751, 36.41228], [9.64256, 36.42122], [9.62901, 36.42605], [9.60836, 36.42448], [9.58836, 36.42854], [9.58304, 36.42493], [9.56924, 36.42598], [9.56469, 36.43729], [9.55225, 36.44352], [9.54066, 36.44382], [9.53124, 36.45481], [9.5094, 36.46384], [9.50221, 36.45869], [9.48416, 36.45859], [9.46331, 36.44965], [9.45284, 36.45968], [9.43041, 36.46249], [9.3955, 36.44218], [9.3812, 36.44032], [9.37289, 36.44333], [9.36119, 36.4393], [9.36201, 36.4191], [9.34929, 36.40536], [9.34069, 36.40311], [9.345, 36.39436], [9.34252, 36.39059], [9.32321, 36.37613], [9.2864, 36.35982], [9.27546, 36.33866], [9.27007, 36.33545], [9.25769, 36.36649], [9.24591, 36.37412], [9.24271, 36.36981], [9.19373, 36.37166], [9.18013, 36.38301], [9.17298, 36.38441], [9.14687, 36.37405], [9.13156, 36.36359], [9.11337, 36.36571], [9.11064, 36.37062], [9.11406, 36.37153], [9.1162, 36.38357], [9.11195, 36.39664], [9.09839, 36.40354], [9.08612, 36.40273], [9.08176, 36.40675], [9.09028, 36.41245], [9.08886, 36.4195], [9.0671, 36.43528], [9.03343, 36.44405], [9.01789, 36.45649], [9.01615, 36.46342], [9.03671, 36.4651]]]}}, {"type": "Feature", "properties": {"shapeID": "13205935B85172640982228", "shapeName": "Tataouine"}, "geometry": {"type": "Polygon", "coordinates": [[[9.21126, 32.64892], [9.47154, 32.70685], [9.52168, 32.72885], [9.55954, 32.75499], [9.56619, 32.75331], [9.57051, 32.75848], [9.58968, 32.76119], [9.59689, 32.7553], [9.61339, 32.76797], [9.64095, 32.77681], [9.6496, 32.77314], [9.65766, 32.78032], [9.6793, 32.78331], [9.67906, 32.79236], [9.70985, 32.80062], [9.71486, 32.79343], [9.72537, 32.79775], [9.73745, 32.79681], [9.74309, 32.79593], [9.74998, 32.78761], [9.75763, 32.79129], [9.76833, 32.7867], [9.77457, 32.76884], [9.78032, 32.76891], [9.78397, 32.7609], [9.79118, 32.75714], [9.80744, 32.7217], [9.82813, 32.72704], [9.83971, 32.71758], [9.84178, 32.70343], [9.86089, 32.70202], [9.87077, 32.69285], [9.901, 32.68307], [9.90477, 32.67859], [9.9019, 32.67079], [9.91107, 32.66572], [9.9142, 32.65847], [9.93497, 32.64756], [9.95051, 32.64764], [9.95863, 32.65143], [9.96404, 32.65995], [9.96309, 32.68494], [9.91273, 32.70955], [9.89883, 32.72254], [9.89754, 32.7281], [9.87986, 32.73518], [9.89543, 32.74002], [9.90239, 32.75201], [9.92342, 32.76352], [9.9242, 32.78011], [9.91269, 32.79411], [9.91233, 32.81083], [9.92931, 32.81953], [9.94314, 32.81518], [9.97139, 32.85563], [9.9432, 32.88879], [9.94077, 32.91761], [9.93284, 32.92291], [9.93825, 32.93407], [9.93096, 32.94156], [9.93648, 32.95193], [9.96355, 32.96142], [9.99599, 32.96398], [10.01166, 32.97728], [10.004, 32.98861], [9.99508, 32.99298], [9.97704, 32.99643], [9.96283, 32.99267], [9.93663, 33.00355], [9.92738, 33.03374], [9.91688, 33.04681], [9.90979, 33.05123], [9.89866, 33.048], [9.89355, 33.05226], [9.8965, 33.06525], [9.91366, 33.06577], [9.9204, 33.062], [9.92316, 33.0527], [9.942, 33.04631], [9.9495, 33.04883], [9.96017, 33.06656], [10.01288, 33.06036], [10.03172, 33.06552], [10.06543, 33.06108], [10.07246, 33.06345], [10.08313, 33.05962], [10.09336, 33.07642], [10.09998, 33.08062], [10.11004, 33.08267], [10.11487, 33.07987], [10.1355, 33.08849], [10.14433, 33.08134], [10.16048, 33.08098], [10.1866, 33.09358], [10.24518, 33.13659], [10.2899, 33.15353], [10.30674, 33.15402], [10.3096, 33.15938], [10.32312, 33.16615], [10.35351, 33.17011], [10.35833, 33.16629], [10.36628, 33.16823], [10.37667, 33.179], [10.39395, 33.18391], [10.40579, 33.19421], [10.45264, 33.20974], [10.49084, 33.23475], [10.49057, 33.21471], [10.61391, 33.20371], [10.60905, 33.19698], [10.57047, 33.17198], [10.56637, 33.15958], [10.54712, 33.15112], [10.52927, 33.15258], [10.52354, 33.14886], [10.54938, 33.1186], [10.55905, 33.11218], [10.64741, 33.10483], [10.70199, 33.09616], [10.72877, 33.09576], [10.74208, 33.10222], [10.75852, 33.09538], [10.77277, 33.09701], [10.81108, 33.09325], [10.8228, 33.0887], [10.85517, 33.08897], [10.87218, 33.08256], [10.88464, 33.09157], [10.89228, 33.0893], [10.89762, 33.09328], [11.00589, 33.07901], [11.0163, 33.08981], [11.03635, 33.09507], [11.03355, 33.05349], [11.02158, 33.03451], [11.03794, 33.02238], [11.03984, 32.99636], [11.09257, 32.91325], [11.09402, 32.90117], [11.11525, 32.86588], [11.1097, 32.81498], [11.12168, 32.77531], [11.12669, 32.71766], [11.08482, 32.67561], [11.0964, 32.65868], [11.14445, 32.53301], [11.20228, 32.40813], [11.22163, 32.38769], [11.22574, 32.37674], [11.32554, 32.39849], [11.34198, 32.38756], [11.33597, 32.38156], [11.33536, 32.37304], [11.31594, 32.36494], [11.30868, 32.3565], [11.28787, 32.35215], [11.25666, 32.32999], [11.2236, 32.32146], [11.20091, 32.30958], [11.18121, 32.30626], [11.15529, 32.24992], [11.02917, 32.19972], [10.98794, 32.17166], [10.86143, 32.1053], [10.86098, 32.08564], [10.79514, 31.99814], [10.75919, 31.98451], [10.74725, 31.98532], [10.72229, 31.96767], [10.70778, 31.96809], [10.67948, 31.97677], [10.65815, 31.9777], [10.65635, 31.97414], [10.64723, 31.97426], [10.65126, 31.97361], [10.64895, 31.96911], [10.64062, 31.96782], [10.64759, 31.96625], [10.6444, 31.96107], [10.6397, 31.96101], [10.63938, 31.95695], [10.63442, 31.96112], [10.63281, 31.95757], [10.63871, 31.95205], [10.63481, 31.95182], [10.6333, 31.94446], [10.64264, 31.94411], [10.63388, 31.9416], [10.63858, 31.93953], [10.63436, 31.9355], [10.63805, 31.93306], [10.63324, 31.93199], [10.63028, 31.93916], [10.62652, 31.93348], [10.63077, 31.93162], [10.62468, 31.92849], [10.63124, 31.92847], [10.61264, 31.91634], [10.62386, 31.91614], [10.61317, 31.90924], [10.6275, 31.89997], [10.63495, 31.87925], [10.6181, 31.85006], [10.58495, 31.82412], [10.56315, 31.79715], [10.56158, 31.77944], [10.52684, 31.74083], [10.50826, 31.74273], [10.49891, 31.75416], [10.4929, 31.75085], [10.4862, 31.73906], [10.46912, 31.73197], [10.44842, 31.73025], [10.44423, 31.73558], [10.43797, 31.73286], [10.43441, 31.73786], [10.42076, 31.73582], [10.38615, 31.74047], [10.31182, 31.70307], [10.27626, 31.6724], [10.26706, 31.64715], [10.21234, 31.56603], [10.18015, 31.53756], [10.13904, 31.49009], [10.13391, 31.47875], [10.13695, 31.46325], [10.15041, 31.44218], [10.15359, 31.41682], [10.16627, 31.37699], [10.19779, 31.30628], [10.20371, 31.28378], [10.22511, 31.24565], [10.24577, 31.19787], [10.26214, 31.18695], [10.25693, 31.16918], [10.26568, 31.12181], [10.29414, 31.09126], [10.27514, 31.04081], [10.28472, 30.95504], [10.29712, 30.90755], [10.30559, 30.89499], [10.29308, 30.87754], [10.28484, 30.83519], [10.27208, 30.80051], [10.21901, 30.70434], [10.2019, 30.69354], [10.13037, 30.59811], [10.0696, 30.50836], [10.01712, 30.47924], [10.0071, 30.46977], [9.98106, 30.42549], [9.96926, 30.42001], [9.95428, 30.40328], [9.94415, 30.38342], [9.8775, 30.33693], [9.83175, 30.33725], [9.66831, 30.27519], [9.60799, 30.24234], [9.55845, 30.23024], [9.19748, 31.63627], [9.09846, 31.99944], [9.06531, 32.08738], [8.80032, 32.23621], [8.35683, 32.5026], [9.21126, 32.64892]]]}}, {"type": "Feature", "properties": {"shapeID": "13205935B69181748376292", "shapeName": "Gab\u00e8s"}, "geometry": {"type": "Polygon", "coordinates": [[[9.7549, 34.22013], [9.81864, 34.22044], [9.81599, 34.22927], [9.82523, 34.23807], [9.85195, 34.2277], [9.85446, 34.21579], [9.86522, 34.20683], [9.8636, 34.19867], [9.89162, 34.17913], [9.89695, 34.16834], [9.92215, 34.17833], [9.92376, 34.18142], [9.91756, 34.18574], [9.92218, 34.18957], [9.92203, 34.19656], [9.9343, 34.2062], [9.94913, 34.2055], [9.96592, 34.21114], [9.98245, 34.19701], [10.00114, 34.18824], [10.01101, 34.19323], [10.01651, 34.1909], [10.01553, 34.16853], [10.02645, 34.15148], [10.02314, 34.11989], [10.01975, 34.1189], [10.02463, 34.1162], [10.02228, 34.11162], [10.02727, 34.09159], [10.02521, 34.08698], [10.0371, 34.03573], [10.05709, 33.98107], [10.08558, 33.93071], [10.10693, 33.92777], [10.11305, 33.92459], [10.09901, 33.92757], [10.09515, 33.92441], [10.09654, 33.91915], [10.10926, 33.92194], [10.10352, 33.91685], [10.10457, 33.91072], [10.11289, 33.89623], [10.11744, 33.897], [10.1205, 33.89523], [10.11687, 33.89679], [10.11184, 33.89357], [10.11898, 33.89494], [10.11979, 33.88815], [10.13093, 33.8733], [10.18149, 33.8245], [10.26715, 33.76827], [10.28146, 33.74711], [10.28133, 33.73997], [10.28426, 33.74293], [10.29297, 33.74042], [10.33187, 33.70901], [10.35225, 33.698], [10.35784, 33.69778], [10.36229, 33.70267], [10.36385, 33.70214], [10.35818, 33.69784], [10.35971, 33.69478], [10.40024, 33.67068], [10.42742, 33.66682], [10.42732, 33.66395], [10.46671, 33.65582], [10.48034, 33.64881], [10.46596, 33.64897], [10.4616, 33.64448], [10.45195, 33.64671], [10.45227, 33.64138], [10.43884, 33.63262], [10.42484, 33.63559], [10.41552, 33.63018], [10.42033, 33.61964], [10.41628, 33.6094], [10.41825, 33.60604], [10.41269, 33.60556], [10.40636, 33.59153], [10.39215, 33.59333], [10.38249, 33.58126], [10.37171, 33.57512], [10.36681, 33.55915], [10.36018, 33.55465], [10.35996, 33.53427], [10.35487, 33.52483], [10.34985, 33.52435], [10.34008, 33.51248], [10.33903, 33.50006], [10.33274, 33.48982], [10.31854, 33.47968], [10.30855, 33.47964], [10.29715, 33.4697], [10.28637, 33.4525], [10.28829, 33.44538], [10.27752, 33.42929], [10.26383, 33.42267], [10.23551, 33.41745], [10.22727, 33.42291], [10.21643, 33.42354], [10.1575, 33.40874], [10.14682, 33.39934], [10.13366, 33.39455], [10.14504, 33.38753], [10.12596, 33.37893], [10.12039, 33.37241], [10.09925, 33.37245], [10.09325, 33.36126], [10.10655, 33.34607], [10.07482, 33.32653], [10.03644, 33.30955], [10.02478, 33.31283], [10.00067, 33.29323], [9.92908, 33.29959], [9.89376, 33.28751], [9.82855, 33.28484], [9.79163, 33.26988], [9.72734, 33.28641], [9.70964, 33.28403], [9.67491, 33.32699], [9.64827, 33.35019], [9.63669, 33.38365], [9.62972, 33.39129], [9.62835, 33.40604], [9.62226, 33.41924], [9.57078, 33.43974], [9.55647, 33.45134], [9.55514, 33.45879], [9.55002, 33.46259], [9.53509, 33.46733], [9.50458, 33.49223], [9.49437, 33.49652], [9.48828, 33.49509], [9.50167, 33.50182], [9.5168, 33.49703], [9.53145, 33.49745], [9.54739, 33.51471], [9.54485, 33.52269], [9.55984, 33.55413], [9.58025, 33.56609], [9.5904, 33.58375], [9.61677, 33.59079], [9.58141, 33.59428], [9.56519, 33.58551], [9.55586, 33.58888], [9.53645, 33.60524], [9.53418, 33.616], [9.53902, 33.6353], [9.53109, 33.63659], [9.51975, 33.62999], [9.46368, 33.62435], [9.4517, 33.66844], [9.44312, 33.68396], [9.42439, 33.69365], [9.37059, 33.70242], [9.35091, 33.71065], [9.33959, 33.73611], [9.33385, 33.77285], [9.27221, 33.87042], [9.24809, 33.92923], [9.25282, 34.03844], [9.26256, 34.0532], [9.26248, 34.05902], [9.27602, 34.06582], [9.27204, 34.07324], [9.28482, 34.0789], [9.29205, 34.08746], [9.3015, 34.09196], [9.31831, 34.09127], [9.32573, 34.09766], [9.32754, 34.10655], [9.35078, 34.11313], [9.30752, 34.12484], [9.30431, 34.13258], [9.27558, 34.14129], [9.24739, 34.18543], [9.25891, 34.19563], [9.26867, 34.19585], [9.27859, 34.20352], [9.31839, 34.22056], [9.34062, 34.22023], [9.35593, 34.22462], [9.36631, 34.22194], [9.37797, 34.22919], [9.38138, 34.2223], [9.43805, 34.21035], [9.45115, 34.21228], [9.455, 34.21756], [9.47026, 34.21634], [9.48135, 34.22823], [9.50097, 34.22478], [9.504, 34.22796], [9.52226, 34.22792], [9.52743, 34.23427], [9.5393, 34.23521], [9.54443, 34.23948], [9.53915, 34.2516], [9.54884, 34.26051], [9.54858, 34.26474], [9.69552, 34.28262], [9.7111, 34.2815], [9.7549, 34.22013]]]}}, {"type": "Feature", "properties": {"shapeID": "13205935B29646166511918", "shapeName": "Bizerte"}, "geometry": {"type": "MultiPolygon", "coordinates": [[[[9.97991, 36.92645], [9.94365, 36.91464], [9.94443, 36.91942], [9.92691, 36.9532], [9.91651, 36.94952], [9.86952, 36.95792], [9.86263, 36.95488], [9.83881, 36.96124], [9.82254, 36.97163], [9.81316, 36.96298], [9.81273, 36.94024], [9.80584, 36.94278], [9.78925, 36.93424], [9.78429, 36.92294], [9.77926, 36.92055], [9.76764, 36.8914], [9.73992, 36.88948], [9.7133, 36.90212], [9.69216, 36.88394], [9.67667, 36.88399], [9.65465, 36.87237], [9.65287, 36.86499], [9.63696, 36.8623], [9.63486, 36.85704], [9.6307, 36.85628], [9.62754, 36.86686], [9.61574, 36.86653], [9.58243, 36.85509], [9.56019, 36.84125], [9.54839, 36.82789], [9.52822, 36.8174], [9.51691, 36.80099], [9.51546, 36.7865], [9.48685, 36.77605], [9.47552, 36.76674], [9.45434, 36.76291], [9.43254, 36.74551], [9.42737, 36.73292], [9.41954, 36.73322], [9.401, 36.7234], [9.38946, 36.73903], [9.36691, 36.75248], [9.35251, 36.75564], [9.34495, 36.76662], [9.35727, 36.7845], [9.35989, 36.80745], [9.37946, 36.83372], [9.38995, 36.83808], [9.38362, 36.8429], [9.38452, 36.84945], [9.36014, 36.86079], [9.33995, 36.87781], [9.33236, 36.87805], [9.32774, 36.88563], [9.31919, 36.88158], [9.31917, 36.87315], [9.31271, 36.87145], [9.29724, 36.88112], [9.29389, 36.89227], [9.26782, 36.8951], [9.2639, 36.9001], [9.24786, 36.90588], [9.24398, 36.9129], [9.26024, 36.92853], [9.24046, 36.94475], [9.23158, 36.9573], [9.2037, 36.97037], [9.21403, 36.97829], [9.21694, 36.99952], [9.2046, 37.01044], [9.2087, 37.01599], [9.2066, 37.02759], [9.18718, 37.05064], [9.16961, 37.05528], [9.14626, 37.05417], [9.13799, 37.04897], [9.12227, 37.04725], [9.11332, 37.0509], [9.10627, 37.04734], [9.09554, 37.06934], [9.07457, 37.08208], [9.08468, 37.10171], [9.09195, 37.1071], [9.0916, 37.11246], [9.10598, 37.11686], [9.11159, 37.12861], [9.09666, 37.1362], [9.09013, 37.15044], [9.08211, 37.15702], [9.12186, 37.16224], [9.12476, 37.16892], [9.15401, 37.18327], [9.17171, 37.20277], [9.17556, 37.20251], [9.17816, 37.21278], [9.1891, 37.22356], [9.21742, 37.24098], [9.21995, 37.22736], [9.2251, 37.22786], [9.22356, 37.22076], [9.2347, 37.21679], [9.24283, 37.21951], [9.25494, 37.21611], [9.25976, 37.21751], [9.25881, 37.22111], [9.27358, 37.22082], [9.29676, 37.23181], [9.33081, 37.23121], [9.37459, 37.2488], [9.38878, 37.25878], [9.38785, 37.26418], [9.4036, 37.26489], [9.40845, 37.2695], [9.4303, 37.26955], [9.44316, 37.26886], [9.4563, 37.26303], [9.51366, 37.28399], [9.53595, 37.29982], [9.54301, 37.29773], [9.56076, 37.30587], [9.57354, 37.29451], [9.59221, 37.29724], [9.62449, 37.31249], [9.6695, 37.34074], [9.6751, 37.33585], [9.69018, 37.33922], [9.70352, 37.33423], [9.74491, 37.34738], [9.75584, 37.34703], [9.76023, 37.33636], [9.78474, 37.3276], [9.80198, 37.32753], [9.82288, 37.33635], [9.83538, 37.33515], [9.83705, 37.33866], [9.8429, 37.3331], [9.86319, 37.33431], [9.86956, 37.31735], [9.86809, 37.30375], [9.87596, 37.2874], [9.89078, 37.27835], [9.88514, 37.27866], [9.88374, 37.27527], [9.8847, 37.27836], [9.87795, 37.27908], [9.87518, 37.2782], [9.87587, 37.27546], [9.87849, 37.27853], [9.88032, 37.27312], [9.88144, 37.27805], [9.88305, 37.27488], [9.88197, 37.27307], [9.86705, 37.2648], [9.8506, 37.26199], [9.85931, 37.25722], [9.84266, 37.25461], [9.84208, 37.2491], [9.83459, 37.24593], [9.83351, 37.2498], [9.82689, 37.24406], [9.8193, 37.24476], [9.82414, 37.23718], [9.81731, 37.23848], [9.81352, 37.24455], [9.80478, 37.23844], [9.79772, 37.24003], [9.7919, 37.23596], [9.7772, 37.23938], [9.78165, 37.23684], [9.77901, 37.23386], [9.78048, 37.21882], [9.77057, 37.22351], [9.76761, 37.21737], [9.77496, 37.21372], [9.77487, 37.20422], [9.77681, 37.206], [9.7784, 37.20471], [9.77614, 37.20292], [9.7848, 37.20235], [9.78584, 37.20954], [9.78752, 37.20156], [9.78249, 37.18079], [9.79092, 37.17303], [9.80341, 37.17012], [9.80114, 37.16782], [9.81332, 37.16003], [9.80978, 37.1604], [9.80782, 37.15253], [9.81064, 37.15188], [9.80671, 37.14856], [9.81274, 37.14205], [9.86464, 37.13487], [9.88567, 37.14911], [9.91272, 37.15674], [9.9243, 37.17206], [9.9381, 37.21074], [9.93935, 37.20791], [9.93769, 37.21691], [9.9312, 37.22467], [9.88462, 37.22477], [9.88273, 37.22799], [9.86126, 37.23226], [9.85352, 37.23014], [9.8543, 37.22756], [9.84324, 37.22995], [9.83577, 37.22307], [9.82134, 37.22548], [9.82301, 37.23138], [9.82974, 37.22966], [9.83783, 37.23436], [9.83758, 37.2413], [9.86698, 37.25267], [9.8707, 37.26372], [9.87906, 37.26882], [9.88413, 37.27144], [9.88294, 37.26852], [9.8884, 37.26829], [9.89041, 37.27519], [9.88885, 37.26931], [9.89146, 37.27044], [9.8959, 37.26882], [9.89197, 37.27018], [9.88974, 37.26689], [9.89308, 37.2651], [9.89443, 37.2688], [9.89317, 37.26402], [9.9069, 37.2577], [9.97647, 37.24717], [10.01701, 37.25145], [10.06802, 37.26905], [10.07023, 37.25888], [10.08545, 37.24174], [10.12446, 37.23751], [10.14906, 37.22815], [10.16781, 37.21487], [10.19466, 37.20663], [10.19237, 37.20435], [10.20857, 37.19712], [10.20876, 37.19132], [10.21491, 37.18637], [10.27938, 37.18166], [10.28125, 37.17726], [10.25587, 37.17235], [10.23188, 37.15006], [10.23049, 37.15611], [10.23018, 37.15188], [10.22691, 37.15592], [10.22091, 37.15449], [10.22308, 37.16509], [10.2194, 37.16951], [10.16154, 37.16758], [10.15017, 37.16326], [10.13492, 37.14223], [10.13921, 37.13962], [10.13567, 37.1369], [10.14189, 37.1366], [10.14212, 37.12983], [10.15788, 37.12512], [10.17615, 37.1247], [10.18157, 37.12919], [10.17468, 37.11949], [10.19124, 37.11121], [10.21487, 37.11233], [10.20625, 37.14092], [10.21343, 37.14841], [10.20952, 37.1482], [10.21972, 37.15394], [10.21069, 37.14083], [10.21632, 37.1112], [10.18051, 37.10659], [10.16961, 37.11107], [10.16184, 37.10887], [10.15678, 37.11516], [10.13124, 37.10756], [10.13056, 37.11181], [10.12369, 37.11361], [10.09403, 37.09504], [10.08842, 37.08374], [10.09451, 37.06546], [10.09051, 37.05106], [10.07857, 37.03498], [10.07452, 37.01947], [10.06757, 37.01422], [10.06605, 37.00666], [10.0291, 36.98401], [10.02803, 36.96984], [10.0187, 36.96683], [10.02399, 36.96258], [10.0219, 36.95061], [10.00615, 36.9379], [10.00983, 36.93511], [10.01588, 36.93723], [10.02699, 36.92147], [10.01513, 36.91463], [10.00983, 36.92552], [10.00418, 36.92852], [9.99926, 36.92455], [10.00046, 36.91805], [9.97991, 36.92645]]], [[[9.78619, 37.22142], [9.78439, 37.22459], [9.79963, 37.23745], [9.80987, 37.23378], [9.79894, 37.21793], [9.78622, 37.21467], [9.78288, 37.21855], [9.78619, 37.22142]]], [[[8.91152, 37.53004], [8.93599, 37.53239], [8.94137, 37.54203], [8.94766, 37.54072], [8.94847, 37.53561], [8.95865, 37.52722], [8.95113, 37.51642], [8.93826, 37.52425], [8.91223, 37.51369], [8.90351, 37.51447], [8.89859, 37.51906], [8.91152, 37.53004]]]]}}, {"type": "Feature", "properties": {"shapeID": "13205935B58390004509121", "shapeName": "Ariana"}, "geometry": {"type": "Polygon", "coordinates": [[[10.2498, 36.93997], [10.25585, 36.92816], [10.26937, 36.9176], [10.27755, 36.90628], [10.27582, 36.90426], [10.28493, 36.90119], [10.28283, 36.89376], [10.27656, 36.89076], [10.28049, 36.88518], [10.27148, 36.87504], [10.28864, 36.8672], [10.28043, 36.86273], [10.24396, 36.86166], [10.23112, 36.85687], [10.23501, 36.87105], [10.23251, 36.87122], [10.21433, 36.85986], [10.2126, 36.84855], [10.19077, 36.851], [10.16936, 36.8405], [10.15196, 36.85222], [10.14052, 36.85445], [10.11672, 36.84454], [10.11496, 36.82753], [10.10491, 36.82197], [10.07511, 36.86418], [10.07591, 36.87239], [10.05476, 36.87077], [10.03953, 36.85391], [10.03751, 36.85637], [10.02528, 36.84795], [10.01987, 36.85138], [9.98925, 36.85221], [9.98103, 36.83836], [9.96329, 36.84355], [9.97891, 36.84664], [9.97563, 36.85883], [9.99087, 36.85802], [9.99803, 36.87075], [9.99695, 36.87722], [10.00502, 36.88092], [10.00438, 36.89027], [10.0112, 36.89706], [10.00046, 36.91805], [10.00055, 36.92748], [10.00983, 36.92552], [10.01513, 36.91463], [10.02699, 36.92147], [10.01588, 36.93723], [10.00983, 36.93511], [10.00615, 36.9379], [10.0219, 36.95061], [10.02399, 36.96258], [10.0187, 36.96683], [10.02803, 36.96984], [10.0291, 36.98401], [10.06605, 37.00666], [10.06757, 37.01422], [10.07452, 37.01947], [10.07857, 37.03498], [10.09051, 37.05106], [10.09451, 37.06546], [10.0889, 37.08634], [10.09403, 37.09504], [10.11608, 37.10634], [10.11995, 37.1126], [10.13056, 37.11181], [10.13124, 37.10756], [10.15678, 37.11516], [10.16184, 37.10887], [10.16961, 37.11107], [10.18051, 37.10659], [10.21632, 37.1112], [10.20761, 37.09644], [10.21546, 37.11083], [10.19882, 37.10384], [10.18746, 37.09288], [10.20453, 37.09993], [10.19359, 37.09305], [10.19632, 37.08923], [10.19287, 37.09173], [10.1808, 37.07694], [10.17808, 37.04523], [10.20579, 36.98129], [10.22442, 36.9623], [10.25216, 36.94316], [10.2498, 36.93997]]]}}, {"type": "Feature", "properties": {"shapeID": "13205935B21712567795690", "shapeName": "Nabeul"}, "geometry": {"type": "MultiPolygon", "coordinates": [[[[10.34, 36.49806], [10.34425, 36.51348], [10.35457, 36.51597], [10.34809, 36.53393], [10.36049, 36.54086], [10.37874, 36.54399], [10.37997, 36.56555], [10.3627, 36.58252], [10.33722, 36.57423], [10.3323, 36.57696], [10.34378, 36.5915], [10.37205, 36.61492], [10.3743, 36.62837], [10.36681, 36.63585], [10.37305, 36.63917], [10.36531, 36.64516], [10.39153, 36.64482], [10.39784, 36.69652], [10.41789, 36.71243], [10.41761, 36.71661], [10.46117, 36.72741], [10.48234, 36.74047], [10.53694, 36.7575], [10.54035, 36.76654], [10.55086, 36.77179], [10.55466, 36.79341], [10.56238, 36.79744], [10.56828, 36.82073], [10.56566, 36.82496], [10.57183, 36.83977], [10.56934, 36.84314], [10.58227, 36.85016], [10.58574, 36.86373], [10.59986, 36.86611], [10.61249, 36.8739], [10.60915, 36.88217], [10.62469, 36.87592], [10.65876, 36.88431], [10.67204, 36.87844], [10.69381, 36.87829], [10.75867, 36.90532], [10.79654, 36.93651], [10.81872, 36.94535], [10.86499, 36.97559], [10.87421, 36.97731], [10.87354, 36.98188], [10.88007, 36.98307], [10.88521, 36.99207], [10.89269, 36.99435], [10.89332, 37.00207], [10.90035, 37.0063], [10.89886, 37.0107], [10.9119, 37.00715], [10.91481, 37.01859], [10.91096, 37.0212], [10.90935, 37.01879], [10.90713, 37.01917], [10.90975, 37.02104], [10.90608, 37.02238], [10.91116, 37.02369], [10.90445, 37.02801], [10.90982, 37.03287], [10.90399, 37.03681], [10.90969, 37.04057], [10.90416, 37.04349], [10.90868, 37.04496], [10.90553, 37.04681], [10.90786, 37.05037], [10.91376, 37.04618], [10.92387, 37.04611], [10.93254, 37.05174], [10.93831, 37.04956], [10.96211, 37.05459], [10.96678, 37.04998], [10.9746, 37.04979], [10.98604, 37.05806], [11.01637, 37.0666], [11.03829, 37.07875], [11.03517, 37.0887], [11.0478, 37.08191], [11.04662, 37.07769], [11.05806, 37.07309], [11.05989, 37.06369], [11.07498, 37.051], [11.07206, 37.04645], [11.07437, 37.04414], [11.06328, 37.04111], [11.05849, 37.03201], [11.05956, 37.00885], [11.09874, 36.9565], [11.10692, 36.90328], [11.11765, 36.889], [11.13673, 36.87478], [11.12981, 36.85532], [11.11918, 36.83584], [11.11299, 36.83185], [11.10748, 36.83234], [11.11455, 36.83289], [11.10837, 36.83704], [11.09753, 36.83599], [11.05466, 36.8129], [11.02311, 36.78704], [10.97204, 36.72586], [10.87396, 36.58175], [10.80853, 36.45684], [10.79966, 36.4555], [10.79677, 36.45045], [10.79884, 36.45487], [10.79554, 36.45097], [10.78604, 36.45375], [10.76664, 36.45041], [10.75059, 36.4426], [10.72405, 36.43974], [10.69465, 36.43039], [10.67332, 36.42028], [10.65554, 36.40543], [10.62963, 36.39968], [10.61657, 36.39215], [10.59983, 36.40328], [10.57573, 36.3978], [10.55498, 36.38355], [10.54695, 36.36903], [10.54919, 36.37399], [10.54492, 36.37684], [10.54328, 36.37621], [10.54663, 36.37095], [10.54189, 36.36971], [10.52959, 36.35275], [10.5227, 36.35653], [10.53185, 36.37039], [10.50649, 36.39177], [10.47468, 36.35348], [10.45458, 36.36787], [10.42577, 36.37699], [10.40154, 36.37786], [10.38785, 36.38433], [10.36729, 36.38287], [10.3553, 36.40277], [10.35463, 36.41243], [10.34442, 36.42348], [10.34409, 36.43401], [10.34746, 36.43665], [10.34491, 36.44471], [10.35155, 36.45327], [10.34555, 36.46687], [10.35282, 36.47792], [10.34, 36.49806]]], [[[10.80239, 37.13581], [10.80623, 37.14315], [10.8142, 37.12761], [10.81928, 37.12574], [10.8196, 37.11858], [10.79487, 37.11594], [10.78893, 37.12585], [10.80239, 37.13581]]]]}}, {"type": "Feature", "properties": {"shapeID": "13205935B50453639335401", "shapeName": "Monastir"}, "geometry": {"type": "MultiPolygon", "coordinates": [[[[10.60853, 35.49609], [10.59572, 35.49677], [10.58349, 35.50235], [10.56048, 35.49758], [10.55518, 35.49298], [10.55075, 35.48778], [10.55937, 35.47701], [10.55778, 35.47455], [10.54572, 35.48044], [10.55128, 35.47326], [10.54281, 35.47811], [10.54664, 35.47237], [10.53789, 35.47066], [10.53317, 35.48156], [10.52773, 35.4849], [10.52916, 35.48275], [10.51275, 35.48353], [10.5079, 35.47871], [10.50306, 35.48314], [10.49995, 35.48157], [10.49334, 35.53275], [10.49999, 35.55684], [10.53892, 35.57168], [10.52308, 35.59227], [10.53189, 35.60954], [10.55957, 35.62834], [10.56902, 35.64982], [10.5774, 35.64082], [10.59372, 35.64824], [10.61871, 35.63642], [10.6469, 35.6641], [10.64685, 35.67264], [10.62528, 35.68563], [10.63819, 35.69334], [10.63358, 35.69993], [10.64226, 35.71456], [10.63061, 35.72151], [10.62337, 35.73302], [10.63436, 35.73385], [10.64424, 35.743], [10.66802, 35.74163], [10.6675, 35.74876], [10.67566, 35.75716], [10.66987, 35.77152], [10.68548, 35.78745], [10.72697, 35.7672], [10.74646, 35.76515], [10.77554, 35.7743], [10.78057, 35.78005], [10.79485, 35.77877], [10.80646, 35.78507], [10.83031, 35.77996], [10.83459, 35.78797], [10.83389, 35.78156], [10.83745, 35.77831], [10.8315, 35.77985], [10.84365, 35.76856], [10.8398, 35.75659], [10.83811, 35.75913], [10.83076, 35.7543], [10.83157, 35.74236], [10.82554, 35.74574], [10.82547, 35.73759], [10.82274, 35.74023], [10.81998, 35.73057], [10.82437, 35.7217], [10.82003, 35.72088], [10.82475, 35.71669], [10.81688, 35.72109], [10.83293, 35.69756], [10.85795, 35.68417], [10.87321, 35.6833], [10.88707, 35.67433], [10.89445, 35.67643], [10.89268, 35.67312], [10.94538, 35.65965], [10.95816, 35.66163], [10.95513, 35.66052], [10.95467, 35.65805], [10.9574, 35.66109], [10.96142, 35.65583], [10.98139, 35.65456], [10.98584, 35.6464], [10.99369, 35.64487], [11.0034, 35.63667], [11.02719, 35.63493], [11.04986, 35.62425], [11.04536, 35.617], [11.04466, 35.60406], [11.03293, 35.58067], [11.03072, 35.55444], [11.02726, 35.55736], [11.01274, 35.55237], [11.01114, 35.55639], [11.00085, 35.55561], [11.00009, 35.55245], [10.99548, 35.55537], [10.9908, 35.55178], [10.99477, 35.54422], [10.99221, 35.54222], [10.9582, 35.54069], [10.9548, 35.53563], [10.95138, 35.54288], [10.9374, 35.54257], [10.92892, 35.52925], [10.92151, 35.5297], [10.92188, 35.52363], [10.9159, 35.51802], [10.92428, 35.50784], [10.91042, 35.50407], [10.89362, 35.50681], [10.87615, 35.49661], [10.87337, 35.49891], [10.86716, 35.48685], [10.85906, 35.48319], [10.85165, 35.48682], [10.84733, 35.48359], [10.83966, 35.46801], [10.84403, 35.46697], [10.84328, 35.46399], [10.83724, 35.45628], [10.84692, 35.45128], [10.84287, 35.43731], [10.82588, 35.43529], [10.82517, 35.43019], [10.81531, 35.43321], [10.80852, 35.42302], [10.79987, 35.42303], [10.79714, 35.42871], [10.78134, 35.42721], [10.78157, 35.43481], [10.77559, 35.43484], [10.77754, 35.44022], [10.76675, 35.44896], [10.75966, 35.44978], [10.75355, 35.46373], [10.73086, 35.4745], [10.73552, 35.48736], [10.71801, 35.48926], [10.71212, 35.4752], [10.69793, 35.47949], [10.69736, 35.4735], [10.68893, 35.47602], [10.68368, 35.47165], [10.68419, 35.47754], [10.6772, 35.47722], [10.67234, 35.48474], [10.66096, 35.47728], [10.64016, 35.48591], [10.63813, 35.50021], [10.62107, 35.48556], [10.61696, 35.47437], [10.6133, 35.47452], [10.60853, 35.49609]]], [[[11.03374, 35.80545], [11.04067, 35.80508], [11.04646, 35.79701], [11.0362, 35.79051], [11.02575, 35.78876], [11.02031, 35.7918], [11.03374, 35.80545]]]]}}, {"type": "Feature", "properties": {"shapeID": "13205935B74205220895681", "shapeName": "Siliana"}, "geometry": {"type": "Polygon", "coordinates": [[[9.02084, 35.69282], [9.03026, 35.69156], [9.0456, 35.6805], [9.03704, 35.70284], [9.03439, 35.73016], [9.0177, 35.76246], [9.02285, 35.7638], [9.03847, 35.78403], [9.03138, 35.80815], [9.03837, 35.81672], [9.01656, 35.83799], [9.03006, 35.83546], [9.04224, 35.84147], [9.04542, 35.85143], [9.05115, 35.85268], [9.03561, 35.85009], [9.02553, 35.85251], [9.03109, 35.85761], [9.03053, 35.86432], [9.04186, 35.87223], [9.05544, 35.89693], [9.07902, 35.89418], [9.09962, 35.91129], [9.10253, 35.91936], [9.09789, 35.92772], [9.09828, 35.94587], [9.1126, 35.96239], [9.11607, 35.97728], [9.13976, 35.98641], [9.16901, 36.00552], [9.15741, 36.01196], [9.17076, 36.02335], [9.16186, 36.03325], [9.15507, 36.03145], [9.15328, 36.03421], [9.15373, 36.04188], [9.16362, 36.05862], [9.15574, 36.06827], [9.15596, 36.07503], [9.16048, 36.07918], [9.15781, 36.08483], [9.14215, 36.0919], [9.13392, 36.10106], [9.12163, 36.10245], [9.11066, 36.11961], [9.09135, 36.11513], [9.06492, 36.13378], [9.04309, 36.13716], [9.03563, 36.14826], [9.03215, 36.15878], [9.03803, 36.17816], [9.03547, 36.18436], [9.05612, 36.2027], [9.03466, 36.21706], [9.03746, 36.22664], [9.04367, 36.23167], [9.04026, 36.23955], [8.99993, 36.2397], [8.9963, 36.25127], [8.98327, 36.26228], [8.98631, 36.26387], [8.98116, 36.26667], [8.97865, 36.27886], [8.97334, 36.28113], [8.96866, 36.29097], [8.9555, 36.2954], [8.96239, 36.30375], [8.9517, 36.30361], [8.94527, 36.30941], [8.94397, 36.31418], [8.95329, 36.31539], [8.94673, 36.3201], [8.9577, 36.32732], [8.95646, 36.33093], [8.9613, 36.33067], [8.96013, 36.3368], [8.96664, 36.33284], [8.96632, 36.34145], [8.97704, 36.33659], [8.97381, 36.34189], [8.98216, 36.34026], [8.98067, 36.34585], [8.98734, 36.34804], [8.97893, 36.35534], [8.98204, 36.35913], [8.97277, 36.36484], [8.97789, 36.37655], [8.96683, 36.384], [8.96332, 36.39857], [8.95996, 36.39873], [8.96125, 36.40369], [8.95558, 36.40283], [8.95565, 36.40872], [8.94128, 36.41318], [8.93834, 36.41929], [8.9328, 36.42042], [8.92798, 36.42973], [8.92862, 36.43782], [8.92446, 36.44144], [8.9314, 36.444], [8.93, 36.45016], [8.93548, 36.44908], [8.93543, 36.45214], [8.96301, 36.45998], [8.98466, 36.45996], [8.99822, 36.46526], [9.01615, 36.46342], [9.01789, 36.45649], [9.03343, 36.44405], [9.0671, 36.43528], [9.08886, 36.4195], [9.09028, 36.41245], [9.08176, 36.40675], [9.08612, 36.40273], [9.09839, 36.40354], [9.11195, 36.39664], [9.1162, 36.38357], [9.11406, 36.37153], [9.11064, 36.37062], [9.11337, 36.36571], [9.13156, 36.36359], [9.14687, 36.37405], [9.17298, 36.38441], [9.18013, 36.38301], [9.19373, 36.37166], [9.24271, 36.36981], [9.24591, 36.37412], [9.25769, 36.36649], [9.27007, 36.33545], [9.27546, 36.33866], [9.2864, 36.35982], [9.32321, 36.37613], [9.34252, 36.39059], [9.345, 36.39436], [9.34069, 36.40311], [9.34929, 36.40536], [9.36201, 36.4191], [9.36119, 36.4393], [9.37289, 36.44333], [9.3812, 36.44032], [9.3955, 36.44218], [9.43041, 36.46249], [9.45284, 36.45968], [9.46331, 36.44965], [9.48416, 36.45859], [9.50221, 36.45869], [9.5094, 36.46384], [9.53124, 36.45481], [9.54066, 36.44382], [9.55225, 36.44352], [9.56469, 36.43729], [9.56924, 36.42598], [9.58304, 36.42493], [9.58836, 36.42854], [9.60836, 36.42448], [9.62901, 36.42605], [9.64256, 36.42122], [9.64751, 36.41228], [9.65248, 36.41086], [9.65564, 36.42733], [9.67524, 36.4346], [9.68201, 36.44092], [9.69819, 36.44605], [9.71134, 36.44041], [9.73917, 36.45074], [9.74779, 36.44982], [9.74516, 36.44688], [9.75402, 36.44294], [9.75387, 36.43743], [9.74945, 36.43693], [9.75394, 36.43303], [9.75001, 36.42887], [9.75421, 36.41775], [9.76093, 36.41297], [9.76102, 36.41019], [9.75102, 36.40743], [9.75786, 36.38637], [9.75608, 36.36381], [9.75462, 36.35641], [9.73439, 36.34979], [9.71664, 36.33375], [9.72398, 36.31469], [9.70392, 36.30194], [9.6863, 36.29943], [9.67143, 36.28947], [9.6367, 36.28862], [9.6182, 36.26754], [9.59629, 36.26126], [9.59453, 36.25698], [9.59766, 36.25015], [9.61425, 36.24447], [9.61513, 36.23943], [9.63704, 36.23481], [9.64418, 36.22481], [9.65049, 36.22438], [9.65508, 36.21569], [9.67139, 36.21724], [9.66972, 36.22763], [9.67311, 36.2294], [9.68637, 36.21818], [9.69819, 36.2142], [9.70003, 36.20984], [9.71995, 36.19849], [9.71747, 36.1885], [9.72236, 36.18117], [9.72472, 36.1635], [9.74397, 36.15978], [9.76969, 36.14392], [9.7556, 36.11363], [9.7533, 36.09012], [9.72764, 36.07037], [9.71202, 36.06374], [9.7042, 36.05027], [9.64454, 36.01617], [9.62965, 36.00381], [9.6305, 35.99516], [9.6196, 35.99009], [9.61642, 35.98329], [9.5754, 35.95179], [9.5238, 35.92191], [9.51755, 35.91232], [9.49131, 35.91041], [9.48736, 35.9045], [9.49304, 35.87236], [9.51763, 35.86162], [9.52019, 35.85708], [9.515, 35.85131], [9.52334, 35.84405], [9.51917, 35.82715], [9.50882, 35.82002], [9.50937, 35.81069], [9.49832, 35.7952], [9.51001, 35.78759], [9.48368, 35.78755], [9.49407, 35.78049], [9.50443, 35.7628], [9.53436, 35.75198], [9.53758, 35.74271], [9.52226, 35.73829], [9.52492, 35.73383], [9.51986, 35.72888], [9.51604, 35.73378], [9.50245, 35.72942], [9.47825, 35.73188], [9.47102, 35.72738], [9.46801, 35.72942], [9.46969, 35.7247], [9.4546, 35.72022], [9.45681, 35.71326], [9.44272, 35.70819], [9.43297, 35.71245], [9.41295, 35.69421], [9.39796, 35.68792], [9.36076, 35.70496], [9.33574, 35.70122], [9.30227, 35.72098], [9.29047, 35.72241], [9.28081, 35.72114], [9.27437, 35.71525], [9.26956, 35.70121], [9.27672, 35.68745], [9.30259, 35.66413], [9.30622, 35.65417], [9.31785, 35.65154], [9.3566, 35.62149], [9.36947, 35.59748], [9.38932, 35.59603], [9.39234, 35.58201], [9.39591, 35.58277], [9.4102, 35.57065], [9.42257, 35.57639], [9.41992, 35.56318], [9.41335, 35.55948], [9.39831, 35.55936], [9.39588, 35.54773], [9.41009, 35.54574], [9.43345, 35.53426], [9.44236, 35.50231], [9.46407, 35.49309], [9.4454, 35.48448], [9.41294, 35.48881], [9.40707, 35.49549], [9.39527, 35.49525], [9.36373, 35.4793], [9.33313, 35.47764], [9.323, 35.48849], [9.33019, 35.49251], [9.32259, 35.50108], [9.32231, 35.51086], [9.31038, 35.51352], [9.30821, 35.52094], [9.30161, 35.52305], [9.29348, 35.53477], [9.28143, 35.53075], [9.27025, 35.53233], [9.26914, 35.54088], [9.27408, 35.54567], [9.26799, 35.5535], [9.22536, 35.54213], [9.2143, 35.54277], [9.20513, 35.5558], [9.18108, 35.56266], [9.18145, 35.57419], [9.18593, 35.5784], [9.18381, 35.58496], [9.19244, 35.59433], [9.17829, 35.60491], [9.17061, 35.60549], [9.17449, 35.61698], [9.16684, 35.61203], [9.1507, 35.61941], [9.13199, 35.61019], [9.11472, 35.62754], [9.10528, 35.62666], [9.10141, 35.62414], [9.10159, 35.61755], [9.09137, 35.61176], [9.08692, 35.60051], [9.07997, 35.61263], [9.05553, 35.62175], [9.04845, 35.63444], [9.02371, 35.62836], [8.99419, 35.63302], [8.99727, 35.63652], [8.98888, 35.64732], [8.98602, 35.66326], [9.00011, 35.66617], [8.98184, 35.67667], [8.96401, 35.67687], [8.96765, 35.68176], [8.97658, 35.68169], [8.97997, 35.68676], [9.01244, 35.70111], [9.02084, 35.69282]]]}}, {"type": "Feature", "properties": {"shapeID": "13205935B3129194497982", "shapeName": "Zaghouan"}, "geometry": {"type": "Polygon", "coordinates": [[[10.05287, 36.61315], [10.09022, 36.59622], [10.08808, 36.59498], [10.10753, 36.58095], [10.14352, 36.60275], [10.14766, 36.59265], [10.14324, 36.57896], [10.14526, 36.56659], [10.15108, 36.56957], [10.15559, 36.55211], [10.15242, 36.54721], [10.16419, 36.54748], [10.16512, 36.5326], [10.1914, 36.52011], [10.19881, 36.51237], [10.24929, 36.50526], [10.25602, 36.50798], [10.27082, 36.50341], [10.25229, 36.47048], [10.24997, 36.46074], [10.25325, 36.4511], [10.26922, 36.4551], [10.27967, 36.44671], [10.28015, 36.45543], [10.29015, 36.46483], [10.34767, 36.48785], [10.35282, 36.47792], [10.34555, 36.46687], [10.35155, 36.45327], [10.34491, 36.44471], [10.34746, 36.43665], [10.34409, 36.43401], [10.34442, 36.42348], [10.35463, 36.41243], [10.3553, 36.40277], [10.36729, 36.38287], [10.3669, 36.36591], [10.37534, 36.35914], [10.36671, 36.35088], [10.37052, 36.34427], [10.36759, 36.33931], [10.3745, 36.33229], [10.38151, 36.30736], [10.39089, 36.30339], [10.37293, 36.28006], [10.36273, 36.28386], [10.35698, 36.28166], [10.36196, 36.27215], [10.38923, 36.26405], [10.38074, 36.25621], [10.37788, 36.23578], [10.36822, 36.23645], [10.3668, 36.23098], [10.36279, 36.23016], [10.35472, 36.23609], [10.34466, 36.23606], [10.33782, 36.22581], [10.32178, 36.22209], [10.31589, 36.21295], [10.31427, 36.21606], [10.30102, 36.21208], [10.2947, 36.2199], [10.27929, 36.21778], [10.27933, 36.23429], [10.25661, 36.22639], [10.25371, 36.22283], [10.26592, 36.21377], [10.25506, 36.19779], [10.26622, 36.17681], [10.26419, 36.16599], [10.25518, 36.15852], [10.24425, 36.15627], [10.23957, 36.15634], [10.23368, 36.1658], [10.19976, 36.15664], [10.18411, 36.15792], [10.18185, 36.13791], [10.14984, 36.13036], [10.14302, 36.12258], [10.13918, 36.1232], [10.13728, 36.11676], [10.12596, 36.1066], [10.12929, 36.09851], [10.1349, 36.09711], [10.13748, 36.08166], [10.12752, 36.08427], [10.0778, 36.07537], [10.06508, 36.08682], [10.06411, 36.09798], [10.05831, 36.10611], [10.05258, 36.07462], [10.06074, 36.04635], [10.04291, 36.00845], [10.04433, 36.00057], [10.02485, 36.00942], [10.02034, 36.01595], [10.01117, 36.01227], [10.00495, 36.02662], [9.99629, 36.03427], [9.97533, 36.03877], [9.97368, 36.0499], [9.95435, 36.03859], [9.95319, 36.04307], [9.93609, 36.04718], [9.92179, 36.04173], [9.90092, 36.04261], [9.89433, 36.04739], [9.89271, 36.05699], [9.89621, 36.06314], [9.89136, 36.068], [9.88246, 36.06823], [9.87788, 36.07538], [9.84316, 36.07382], [9.84258, 36.06385], [9.8287, 36.05502], [9.8254, 36.08946], [9.80784, 36.10682], [9.79808, 36.10276], [9.77935, 36.10222], [9.75959, 36.10878], [9.7556, 36.11363], [9.76969, 36.14392], [9.74397, 36.15978], [9.72472, 36.1635], [9.72236, 36.18117], [9.71747, 36.1885], [9.71995, 36.19849], [9.67311, 36.2294], [9.66972, 36.22763], [9.67139, 36.21724], [9.65508, 36.21569], [9.65049, 36.22438], [9.64418, 36.22481], [9.63704, 36.23481], [9.61513, 36.23943], [9.61425, 36.24447], [9.59766, 36.25015], [9.59453, 36.25698], [9.59629, 36.26126], [9.6182, 36.26754], [9.6367, 36.28862], [9.67143, 36.28947], [9.6863, 36.29943], [9.70392, 36.30194], [9.72398, 36.31469], [9.71664, 36.33375], [9.73439, 36.34979], [9.75462, 36.35641], [9.75786, 36.38637], [9.75102, 36.40743], [9.76102, 36.41019], [9.75001, 36.42887], [9.75394, 36.43303], [9.74945, 36.43693], [9.75387, 36.43743], [9.75402, 36.44294], [9.74516, 36.44688], [9.74779, 36.44982], [9.73917, 36.45074], [9.73554, 36.46161], [9.73965, 36.46574], [9.73293, 36.46962], [9.75167, 36.47795], [9.75937, 36.48885], [9.76824, 36.48551], [9.77565, 36.48734], [9.78414, 36.5005], [9.78397, 36.511], [9.7971, 36.52363], [9.82404, 36.53022], [9.83866, 36.56659], [9.86402, 36.57501], [9.88882, 36.57264], [9.90247, 36.55297], [9.92172, 36.57621], [9.93562, 36.58474], [9.93794, 36.59454], [9.94978, 36.60698], [9.96276, 36.61461], [9.98083, 36.61747], [9.99291, 36.63094], [9.99856, 36.64406], [10.01746, 36.66277], [10.02892, 36.65437], [10.02379, 36.64893], [10.03525, 36.63985], [10.03693, 36.62954], [10.05287, 36.61315]]]}}, {"type": "Feature", "properties": {"shapeID": "13205935B54080015312342", "shapeName": "Gafsa"}, "geometry": {"type": "Polygon", "coordinates": [[[8.35317, 34.71971], [8.36279, 34.71157], [8.41698, 34.69113], [8.44268, 34.68534], [8.46967, 34.66826], [8.48267, 34.66421], [8.50845, 34.64061], [8.52317, 34.63966], [8.5399, 34.6302], [8.58557, 34.62741], [8.65089, 34.67698], [8.7224, 34.71553], [8.73033, 34.72487], [8.7506, 34.72505], [8.78902, 34.75331], [8.83919, 34.77056], [8.89354, 34.8004], [8.92088, 34.81023], [8.95213, 34.75398], [8.97751, 34.73064], [9.00331, 34.7096], [9.02612, 34.70619], [9.04101, 34.6937], [9.06341, 34.6881], [9.06776, 34.67982], [9.07286, 34.68804], [9.07866, 34.68904], [9.08095, 34.69948], [9.1015, 34.70915], [9.11809, 34.7037], [9.12477, 34.71001], [9.14246, 34.71083], [9.15619, 34.71706], [9.15261, 34.70629], [9.19055, 34.69297], [9.19618, 34.70611], [9.2278, 34.70833], [9.2632, 34.68384], [9.26937, 34.6756], [9.26828, 34.67066], [9.28191, 34.66024], [9.27174, 34.64546], [9.27201, 34.63421], [9.27759, 34.62472], [9.2548, 34.57867], [9.27029, 34.5684], [9.29306, 34.58039], [9.29649, 34.56627], [9.31286, 34.56529], [9.30608, 34.55768], [9.31424, 34.55227], [9.34782, 34.56748], [9.35023, 34.56295], [9.34366, 34.55913], [9.33469, 34.54315], [9.33364, 34.53544], [9.33807, 34.52941], [9.31256, 34.50791], [9.31016, 34.50158], [9.33512, 34.49406], [9.34243, 34.50393], [9.35781, 34.50673], [9.40473, 34.49957], [9.40354, 34.4934], [9.41748, 34.48261], [9.45309, 34.48144], [9.45944, 34.46396], [9.48865, 34.44604], [9.50732, 34.38175], [9.56073, 34.36954], [9.55505, 34.36119], [9.53848, 34.3517], [9.55035, 34.3151], [9.54489, 34.29346], [9.55191, 34.2778], [9.54884, 34.26051], [9.53915, 34.2516], [9.54443, 34.23948], [9.5393, 34.23521], [9.52743, 34.23427], [9.52226, 34.22792], [9.504, 34.22796], [9.50097, 34.22478], [9.49201, 34.22815], [9.47739, 34.2272], [9.47026, 34.21634], [9.455, 34.21756], [9.45115, 34.21228], [9.43805, 34.21035], [9.38138, 34.2223], [9.37797, 34.22919], [9.36631, 34.22194], [9.35593, 34.22462], [9.34062, 34.22023], [9.31839, 34.22056], [9.27859, 34.20352], [9.26867, 34.19585], [9.25891, 34.19563], [9.22354, 34.17183], [9.15666, 34.16408], [9.14799, 34.16792], [9.12816, 34.16525], [9.08817, 34.15093], [9.07688, 34.14251], [9.04408, 34.12878], [9.01684, 34.12214], [8.95706, 34.11579], [8.91236, 34.12207], [8.85545, 34.1206], [8.85442, 34.09984], [8.84438, 34.09498], [8.80044, 34.09178], [8.76112, 34.09676], [8.73832, 34.09286], [8.72533, 34.09498], [8.69581, 34.08624], [8.67967, 34.08887], [8.65366, 34.07872], [8.64766, 34.06077], [8.64039, 34.06099], [8.63218, 34.06742], [8.55834, 34.06044], [8.47159, 34.0677], [8.41184, 34.06316], [8.38709, 34.05286], [8.37205, 34.0558], [8.34887, 34.05307], [8.33916, 34.06697], [8.33375, 34.08336], [8.3437, 34.10758], [8.34077, 34.11448], [8.32773, 34.12228], [8.32839, 34.15706], [8.29026, 34.15028], [8.15413, 34.20264], [8.15162, 34.2201], [8.12199, 34.26163], [8.06218, 34.30405], [8.04644, 34.31759], [8.04168, 34.32855], [8.05911, 34.35758], [8.09519, 34.39885], [8.07792, 34.41665], [8.10117, 34.44771], [8.13476, 34.5286], [8.13765, 34.53235], [8.14911, 34.53364], [8.1512, 34.54635], [8.15641, 34.5472], [8.15838, 34.55195], [8.16667, 34.55267], [8.16071, 34.56215], [8.16329, 34.56319], [8.16153, 34.56918], [8.17151, 34.56446], [8.17002, 34.57429], [8.18831, 34.57189], [8.20587, 34.57454], [8.20589, 34.57774], [8.22224, 34.57802], [8.20434, 34.58905], [8.20906, 34.59155], [8.21102, 34.60353], [8.2287, 34.60929], [8.22713, 34.61367], [8.23179, 34.61543], [8.25013, 34.61455], [8.24387, 34.62064], [8.24134, 34.63148], [8.26515, 34.6443], [8.27382, 34.64402], [8.27384, 34.64907], [8.28084, 34.6548], [8.27691, 34.6605], [8.25622, 34.66179], [8.24139, 34.66972], [8.23713, 34.67669], [8.24062, 34.68791], [8.26466, 34.69235], [8.28847, 34.71727], [8.29549, 34.73144], [8.31477, 34.7283], [8.32421, 34.73281], [8.35317, 34.71971]]]}}, {"type": "Feature", "properties": {"shapeID": "13205935B11392830158982", "shapeName": "M\u00e9denine"}, "geometry": {"type": "MultiPolygon", "coordinates": [[[[9.91537, 33.07249], [9.91005, 33.08871], [9.91887, 33.147], [9.91355, 33.17046], [9.9166, 33.19844], [9.91008, 33.20613], [9.89934, 33.21189], [9.85754, 33.20357], [9.79021, 33.22009], [9.70964, 33.28403], [9.72734, 33.28641], [9.79163, 33.26988], [9.82855, 33.28484], [9.89376, 33.28751], [9.92908, 33.29959], [10.00067, 33.29323], [10.02478, 33.31283], [10.03644, 33.30955], [10.07482, 33.32653], [10.10655, 33.34607], [10.09325, 33.36126], [10.09925, 33.37245], [10.12039, 33.37241], [10.12596, 33.37893], [10.14504, 33.38753], [10.13366, 33.39455], [10.14682, 33.39934], [10.1575, 33.40874], [10.21643, 33.42354], [10.22727, 33.42291], [10.23551, 33.41745], [10.26383, 33.42267], [10.27752, 33.42929], [10.28829, 33.44538], [10.28637, 33.4525], [10.29715, 33.4697], [10.30855, 33.47964], [10.31854, 33.47968], [10.33274, 33.48982], [10.33903, 33.50006], [10.34008, 33.51248], [10.34985, 33.52435], [10.35487, 33.52483], [10.35996, 33.53427], [10.36018, 33.55465], [10.36681, 33.55915], [10.37171, 33.57512], [10.38249, 33.58126], [10.39215, 33.59333], [10.40636, 33.59153], [10.41269, 33.60556], [10.41825, 33.60604], [10.41628, 33.6094], [10.42033, 33.61964], [10.41552, 33.63018], [10.42484, 33.63559], [10.42824, 33.63157], [10.43679, 33.63411], [10.44324, 33.62222], [10.44963, 33.62205], [10.44815, 33.62484], [10.45543, 33.62925], [10.46062, 33.62727], [10.46974, 33.63338], [10.48155, 33.63123], [10.4929, 33.62051], [10.48703, 33.62973], [10.49409, 33.63779], [10.50973, 33.63979], [10.52045, 33.64748], [10.55428, 33.64956], [10.5681, 33.65583], [10.55897, 33.63319], [10.56282, 33.63429], [10.55514, 33.63059], [10.5544, 33.62932], [10.57216, 33.63447], [10.58712, 33.63008], [10.59446, 33.63477], [10.5945, 33.64064], [10.58008, 33.63417], [10.56921, 33.63866], [10.56591, 33.64413], [10.57189, 33.65458], [10.59979, 33.66065], [10.60972, 33.66919], [10.64332, 33.67459], [10.69758, 33.70549], [10.72359, 33.70704], [10.73591, 33.69795], [10.74514, 33.6774], [10.73915, 33.6615], [10.74272, 33.66021], [10.73935, 33.66048], [10.73092, 33.64594], [10.73524, 33.60283], [10.72608, 33.59497], [10.72065, 33.5755], [10.71308, 33.57511], [10.68778, 33.55792], [10.6816, 33.5432], [10.68931, 33.53986], [10.68162, 33.54084], [10.68065, 33.53426], [10.69333, 33.52899], [10.70254, 33.51943], [10.69626, 33.49887], [10.69954, 33.49125], [10.72765, 33.48976], [10.74178, 33.47963], [10.74107, 33.47496], [10.74852, 33.47247], [10.76551, 33.47514], [10.78007, 33.4727], [10.78214, 33.47706], [10.78297, 33.47191], [10.78632, 33.48183], [10.79987, 33.48354], [10.80641, 33.49488], [10.82746, 33.4964], [10.84334, 33.50157], [10.85107, 33.50948], [10.9249, 33.52876], [10.93965, 33.54716], [10.94791, 33.56942], [10.94127, 33.57861], [10.93763, 33.57664], [10.94038, 33.58013], [10.92697, 33.59945], [10.91267, 33.6036], [10.91094, 33.61151], [10.92154, 33.61979], [10.94565, 33.62631], [10.94585, 33.62786], [10.94053, 33.63262], [10.93521, 33.64012], [10.92711, 33.65486], [10.94578, 33.6282], [10.94727, 33.63147], [10.97284, 33.62223], [10.99513, 33.6273], [10.99528, 33.63606], [10.98963, 33.63395], [10.98856, 33.63884], [11.00493, 33.63853], [11.00219, 33.64488], [10.9909, 33.6497], [10.9972, 33.65005], [11.02122, 33.62916], [11.03464, 33.62353], [11.04771, 33.6248], [11.05982, 33.6112], [11.06724, 33.60807], [11.06498, 33.60446], [11.10492, 33.5621], [11.11511, 33.5378], [11.11785, 33.5023], [11.13139, 33.47968], [11.11995, 33.49543], [11.11581, 33.4916], [11.12082, 33.49103], [11.11201, 33.49069], [11.12054, 33.48177], [11.11148, 33.47555], [11.11212, 33.47022], [11.11086, 33.4764], [11.10612, 33.47572], [11.10403, 33.46548], [11.10035, 33.46554], [11.09429, 33.45587], [11.09254, 33.4353], [11.10647, 33.41256], [11.10517, 33.40766], [11.11017, 33.39758], [11.11206, 33.39582], [11.10905, 33.40489], [11.11455, 33.39572], [11.11204, 33.4071], [11.13812, 33.38689], [11.13003, 33.37872], [11.12433, 33.38868], [11.11776, 33.38969], [11.12312, 33.3823], [11.12258, 33.37422], [11.11238, 33.36406], [11.0977, 33.36623], [11.09583, 33.35977], [11.10694, 33.35568], [11.1163, 33.35751], [11.12695, 33.36772], [11.13528, 33.37019], [11.14884, 33.36399], [11.16815, 33.34697], [11.17391, 33.34052], [11.17492, 33.32945], [11.23982, 33.30678], [11.29415, 33.27786], [11.17544, 33.31582], [11.14695, 33.31951], [11.1391, 33.31376], [11.12915, 33.31539], [11.12331, 33.2958], [11.11412, 33.2931], [11.11652, 33.28595], [11.12243, 33.28133], [11.12448, 33.28382], [11.136, 33.26777], [11.15945, 33.25246], [11.1594, 33.24638], [11.16802, 33.23607], [11.16682, 33.22214], [11.17523, 33.20776], [11.19202, 33.20176], [11.19835, 33.20505], [11.19162, 33.20491], [11.21281, 33.20858], [11.23845, 33.20439], [11.26319, 33.20607], [11.3704, 33.18017], [11.38732, 33.18409], [11.39112, 33.18916], [11.41738, 33.17721], [11.4386, 33.18181], [11.44036, 33.17946], [11.44524, 33.17911], [11.43878, 33.18283], [11.44477, 33.1894], [11.44234, 33.19561], [11.38906, 33.22569], [11.3516, 33.25403], [11.32299, 33.26549], [11.32685, 33.26683], [11.36493, 33.24953], [11.40844, 33.21889], [11.48289, 33.18241], [11.52424, 33.16908], [11.54496, 33.16529], [11.56153, 33.16677], [11.5605, 33.14006], [11.53593, 33.08954], [11.52699, 33.07833], [11.51966, 33.01236], [11.52773, 32.98619], [11.51867, 32.9778], [11.51539, 32.95568], [11.49986, 32.93153], [11.4955, 32.91786], [11.50024, 32.89001], [11.49627, 32.87406], [11.50138, 32.83029], [11.48754, 32.76244], [11.49391, 32.7297], [11.49426, 32.69572], [11.48868, 32.68935], [11.48889, 32.67237], [11.47786, 32.65591], [11.49031, 32.64641], [11.50483, 32.60658], [11.55168, 32.58076], [11.59994, 32.51918], [11.595, 32.45445], [11.57253, 32.43777], [11.54893, 32.40865], [11.51885, 32.40017], [11.46209, 32.36902], [11.37278, 32.34139], [11.15529, 32.24992], [11.18121, 32.30626], [11.20091, 32.30958], [11.2236, 32.32146], [11.25666, 32.32999], [11.28787, 32.35215], [11.30868, 32.3565], [11.31594, 32.36494], [11.33536, 32.37304], [11.33597, 32.38156], [11.34198, 32.38756], [11.32554, 32.39849], [11.22574, 32.37674], [11.22163, 32.38769], [11.20228, 32.40813], [11.14445, 32.53301], [11.0964, 32.65868], [11.08482, 32.67561], [11.12669, 32.71766], [11.12168, 32.77531], [11.1097, 32.81498], [11.11525, 32.86588], [11.09402, 32.90117], [11.09257, 32.91325], [11.03984, 32.99636], [11.03794, 33.02238], [11.02158, 33.03451], [11.03355, 33.05349], [11.03635, 33.09507], [11.0163, 33.08981], [11.00589, 33.07901], [10.89762, 33.09328], [10.89228, 33.0893], [10.88464, 33.09157], [10.87218, 33.08256], [10.85517, 33.08897], [10.8228, 33.0887], [10.81108, 33.09325], [10.77277, 33.09701], [10.75852, 33.09538], [10.74208, 33.10222], [10.72877, 33.09576], [10.70199, 33.09616], [10.64741, 33.10483], [10.55905, 33.11218], [10.54938, 33.1186], [10.52354, 33.14886], [10.52927, 33.15258], [10.54712, 33.15112], [10.56637, 33.15958], [10.57047, 33.17198], [10.60905, 33.19698], [10.61391, 33.20371], [10.49057, 33.21471], [10.49084, 33.23475], [10.45264, 33.20974], [10.40579, 33.19421], [10.39395, 33.18391], [10.37667, 33.179], [10.36628, 33.16823], [10.35833, 33.16629], [10.35351, 33.17011], [10.32312, 33.16615], [10.3096, 33.15938], [10.30674, 33.15402], [10.2899, 33.15353], [10.24518, 33.13659], [10.1866, 33.09358], [10.16048, 33.08098], [10.14433, 33.08134], [10.1355, 33.08849], [10.11487, 33.07987], [10.11004, 33.08267], [10.09998, 33.08062], [10.09336, 33.07642], [10.08313, 33.05962], [10.07246, 33.06345], [10.06543, 33.06108], [10.03172, 33.06552], [10.01288, 33.06036], [9.96017, 33.06656], [9.9495, 33.04883], [9.942, 33.04631], [9.92606, 33.05096], [9.9204, 33.062], [9.9068, 33.06648], [9.91537, 33.07249]]], [[[10.73588, 33.77923], [10.74171, 33.7798], [10.7406, 33.78393], [10.74937, 33.79816], [10.74916, 33.84028], [10.74291, 33.85472], [10.744, 33.85985], [10.74774, 33.85657], [10.75126, 33.86247], [10.74517, 33.87043], [10.7478, 33.8806], [10.74114, 33.87871], [10.74421, 33.88817], [10.79341, 33.89844], [10.79306, 33.90299], [10.79956, 33.89889], [10.82631, 33.8968], [10.8535, 33.88681], [10.85824, 33.8902], [10.85957, 33.8849], [10.87566, 33.87769], [10.88268, 33.87938], [10.91075, 33.87342], [10.9348, 33.87794], [10.93601, 33.88286], [10.92778, 33.89412], [10.9324, 33.8954], [10.88924, 33.91292], [10.89231, 33.91508], [10.93343, 33.89572], [11.01342, 33.83422], [11.02782, 33.8302], [11.03613, 33.83291], [11.0564, 33.82438], [11.05686, 33.80337], [11.06253, 33.7892], [11.05844, 33.78763], [11.06026, 33.78236], [11.05638, 33.77756], [11.04764, 33.77936], [11.03092, 33.77004], [11.02131, 33.75794], [10.9974, 33.75196], [10.98844, 33.73239], [10.98657, 33.69999], [10.97386, 33.68281], [10.96674, 33.68065], [10.97166, 33.68437], [10.96885, 33.68892], [10.97271, 33.69374], [10.96837, 33.68893], [10.96513, 33.69384], [10.97023, 33.71053], [10.96642, 33.71874], [10.96778, 33.72722], [10.95546, 33.72543], [10.94846, 33.71704], [10.93969, 33.6942], [10.92931, 33.69101], [10.91594, 33.67836], [10.92635, 33.65613], [10.915, 33.67992], [10.90013, 33.67585], [10.89193, 33.66803], [10.88693, 33.63144], [10.87363, 33.63858], [10.8689, 33.65386], [10.87976, 33.67862], [10.87734, 33.69002], [10.83168, 33.73547], [10.82646, 33.73818], [10.81434, 33.73626], [10.79076, 33.72205], [10.78685, 33.70625], [10.78981, 33.69682], [10.7804, 33.70373], [10.761, 33.69945], [10.74938, 33.71661], [10.74386, 33.71982], [10.74106, 33.71612], [10.7438, 33.72011], [10.73681, 33.72914], [10.73452, 33.74405], [10.728, 33.75107], [10.73038, 33.75736], [10.72751, 33.76363], [10.73588, 33.77923]]], [[[10.86568, 33.60409], [10.8733, 33.60154], [10.87046, 33.58359], [10.86005, 33.59917], [10.86568, 33.60409]]], [[[10.72013, 33.74175], [10.72189, 33.72228], [10.71677, 33.72349], [10.7075, 33.73216], [10.72013, 33.74175]]]]}}, {"type": "Feature", "properties": {"shapeID": "13205935B95771050896452", "shapeName": "Tozeur"}, "geometry": {"type": "Polygon", "coordinates": [[[8.64814, 34.05061], [8.63002, 34.01513], [8.60484, 33.99366], [8.54673, 33.92374], [8.44715, 33.86057], [8.43244, 33.84155], [8.35249, 33.77988], [8.31776, 33.75676], [8.22445, 33.71767], [8.09253, 33.62399], [8.02858, 33.57404], [7.90887, 33.49328], [7.84735, 33.45661], [7.73658, 33.42466], [7.63385, 33.57211], [7.5965, 33.6481], [7.58915, 33.68826], [7.5648, 33.72721], [7.56215, 33.77744], [7.52541, 33.7983], [7.54721, 33.83684], [7.52198, 33.90508], [7.54142, 33.93798], [7.53994, 33.97516], [7.56039, 34.01462], [7.53151, 34.05845], [7.53205, 34.07027], [7.55902, 34.07793], [7.56392, 34.08367], [7.58096, 34.08635], [7.59084, 34.09571], [7.58191, 34.09433], [7.57962, 34.09882], [7.58765, 34.10497], [7.61405, 34.11366], [7.61934, 34.13983], [7.65521, 34.19743], [7.73279, 34.16983], [7.81604, 34.21354], [7.81334, 34.24332], [7.81859, 34.26621], [7.85354, 34.3558], [7.85129, 34.36801], [7.85805, 34.38042], [7.85234, 34.39158], [7.85651, 34.4053], [7.87555, 34.40671], [7.88982, 34.416], [7.91501, 34.41491], [7.93266, 34.41995], [7.93684, 34.42275], [7.93238, 34.42375], [7.93139, 34.42827], [7.9415, 34.43793], [7.95059, 34.43946], [7.95334, 34.4474], [7.97468, 34.44781], [8.01123, 34.45809], [8.01869, 34.47236], [8.04298, 34.4934], [8.07202, 34.49693], [8.07096, 34.5032], [8.08488, 34.51134], [8.08306, 34.5158], [8.11562, 34.51232], [8.12034, 34.52419], [8.13519, 34.53207], [8.13765, 34.53235], [8.11341, 34.47224], [8.10117, 34.44771], [8.07792, 34.41665], [8.09519, 34.39885], [8.05911, 34.35758], [8.04168, 34.32855], [8.04644, 34.31759], [8.06218, 34.30405], [8.12199, 34.26163], [8.15162, 34.2201], [8.15413, 34.20264], [8.29026, 34.15028], [8.32839, 34.15706], [8.32773, 34.12228], [8.34077, 34.11448], [8.3437, 34.10758], [8.33375, 34.08336], [8.33916, 34.06697], [8.34887, 34.05307], [8.37205, 34.0558], [8.38709, 34.05286], [8.41184, 34.06316], [8.47159, 34.0677], [8.55834, 34.06044], [8.63218, 34.06742], [8.64039, 34.06099], [8.64766, 34.06077], [8.64814, 34.05061]]]}}]}