{"type": "FeatureCollection", "features": [{"type": "Feature", "properties": {"shapeID": "11933810B37215570160824", "shapeName": "\u0627\u0644\u0642\u0635\u0648\u0631"}, "geometry": {"type": "Polygon", "coordinates": [[[8.80651, 35.79486], [8.85814, 35.8313], [8.86575, 35.85034], [8.86217, 35.85618], [8.88396, 35.86548], [8.88387, 35.87493], [8.8897, 35.88579], [8.88255, 35.88553], [8.8773, 35.90544], [8.85047, 35.9296], [8.85884, 35.94308], [8.86234, 35.94301], [8.86452, 35.93643], [8.8825, 35.93725], [8.88462, 35.92492], [8.90242, 35.91776], [8.90827, 35.90966], [8.96018, 35.87733], [8.96535, 35.88007], [8.92672, 35.93228], [8.92737, 35.94333], [8.97996, 35.97519], [9.00846, 35.96398], [9.05783, 35.96366], [9.06576, 35.96734], [9.07044, 35.95563], [9.08553, 35.94351], [9.09828, 35.94587], [9.10071, 35.91265], [9.07902, 35.89418], [9.05544, 35.89693], [9.04186, 35.87223], [9.03053, 35.86432], [9.03109, 35.85761], [9.02553, 35.85251], [9.03561, 35.85009], [9.05115, 35.85268], [9.04542, 35.85143], [9.04224, 35.84147], [9.03115, 35.83579], [9.01656, 35.83799], [9.03837, 35.81672], [9.03138, 35.80815], [9.03847, 35.78403], [9.02285, 35.7638], [9.0177, 35.76246], [9.03439, 35.73016], [9.03704, 35.70284], [9.0456, 35.6805], [9.03026, 35.69156], [9.02084, 35.69282], [9.01244, 35.70111], [9.00509, 35.70097], [8.99402, 35.70829], [8.96539, 35.70549], [8.95078, 35.71347], [8.92239, 35.71615], [8.88107, 35.73493], [8.84608, 35.74191], [8.82028, 35.75615], [8.80404, 35.7742], [8.79755, 35.77615], [8.80651, 35.79486]]]}}, {"type": "Feature", "properties": {"shapeID": "11933810B66585629816917", "shapeName": "\u0627\u0644\u0645\u0632\u0648\u0646\u0629"}, "geometry": {"type": "Polygon", "coordinates": [[[9.46024, 34.49081], [9.51178, 34.48254], [9.54022, 34.48475], [9.55813, 34.49096], [9.59009, 34.49045], [9.61634, 34.49978], [9.63308, 34.49808], [9.63965, 34.50405], [9.6502, 34.50649], [9.6581, 34.51779], [9.6548, 34.52493], [9.66832, 34.5331], [9.66882, 34.54203], [9.68034, 34.55615], [9.67944, 34.56105], [9.69577, 34.57305], [9.69638, 34.58404], [9.70816, 34.59293], [9.69823, 34.5988], [9.70406, 34.60523], [9.71463, 34.60702], [9.72554, 34.61733], [9.74844, 34.60873], [9.78252, 34.62198], [9.78992, 34.63046], [9.80056, 34.62668], [9.82176, 34.63127], [9.84126, 34.646], [9.86214, 34.64985], [9.87018, 34.6576], [9.88029, 34.66084], [9.88612, 34.65927], [9.87931, 34.64371], [9.90105, 34.63271], [9.87284, 34.60725], [9.87824, 34.60426], [9.8825, 34.59255], [9.90053, 34.59805], [9.90782, 34.59601], [9.9706, 34.56747], [9.98122, 34.54739], [9.96944, 34.5381], [10.02258, 34.53524], [10.05984, 34.52583], [10.04715, 34.52237], [10.00758, 34.48666], [9.99664, 34.49009], [9.99129, 34.48063], [9.9739, 34.47187], [9.9624, 34.45877], [9.94755, 34.44999], [9.94109, 34.44731], [9.9358, 34.45065], [9.92444, 34.46776], [9.91682, 34.45939], [9.9162, 34.44628], [9.92079, 34.43168], [9.89838, 34.42057], [9.88746, 34.39682], [9.85912, 34.37021], [9.83208, 34.36345], [9.82412, 34.36736], [9.80099, 34.36488], [9.77947, 34.35849], [9.77492, 34.35133], [9.76438, 34.34603], [9.72314, 34.33719], [9.72005, 34.33308], [9.74134, 34.31594], [9.74592, 34.3003], [9.75524, 34.29019], [9.75435, 34.28434], [9.76151, 34.27435], [9.69552, 34.28262], [9.54858, 34.26474], [9.55191, 34.2778], [9.54489, 34.29346], [9.55035, 34.3151], [9.53848, 34.3517], [9.55505, 34.36119], [9.56073, 34.36954], [9.50732, 34.38175], [9.48865, 34.44604], [9.45944, 34.46396], [9.45309, 34.48144], [9.46024, 34.49081]]]}}, {"type": "Feature", "properties": {"shapeID": "11933810B82124432646139", "shapeName": "\u0627\u0644\u0639\u0631\u0648\u0633\u0629"}, "geometry": {"type": "Polygon", "coordinates": [[[9.34252, 36.39059], [9.345, 36.39436], [9.34069, 36.40311], [9.34929, 36.40536], [9.36201, 36.4191], [9.36119, 36.4393], [9.37289, 36.44333], [9.3812, 36.44032], [9.3955, 36.44218], [9.43041, 36.46249], [9.45284, 36.45968], [9.46331, 36.44965], [9.48416, 36.45859], [9.50221, 36.45869], [9.5094, 36.46384], [9.53124, 36.45481], [9.54066, 36.44382], [9.55225, 36.44352], [9.56469, 36.43729], [9.56924, 36.42598], [9.57615, 36.42662], [9.57512, 36.42068], [9.57854, 36.41882], [9.56199, 36.40892], [9.54939, 36.38284], [9.53167, 36.3719], [9.5419, 36.37258], [9.54471, 36.36884], [9.55274, 36.37145], [9.55319, 36.36632], [9.57134, 36.3501], [9.59486, 36.34197], [9.5861, 36.33517], [9.57573, 36.33412], [9.57133, 36.32329], [9.55742, 36.31511], [9.55131, 36.3146], [9.54672, 36.31938], [9.5229, 36.29574], [9.52748, 36.28959], [9.53123, 36.29078], [9.5372, 36.28014], [9.55056, 36.27772], [9.52437, 36.26561], [9.51049, 36.24388], [9.49346, 36.25172], [9.49384, 36.25664], [9.49009, 36.26177], [9.49241, 36.25655], [9.48608, 36.25439], [9.4828, 36.24731], [9.43207, 36.26799], [9.41783, 36.29133], [9.41092, 36.29577], [9.41186, 36.30196], [9.39431, 36.30881], [9.38985, 36.31732], [9.39328, 36.32482], [9.38585, 36.32382], [9.37798, 36.33313], [9.37201, 36.32992], [9.37055, 36.33606], [9.36435, 36.33818], [9.35534, 36.33744], [9.35813, 36.33338], [9.34641, 36.33407], [9.34041, 36.34769], [9.31873, 36.35965], [9.3153, 36.37283], [9.34252, 36.39059]]]}}, {"type": "Feature", "properties": {"shapeID": "11933810B80183977842330", "shapeName": "\u0645\u0627\u0637\u0631"}, "geometry": {"type": "Polygon", "coordinates": [[[9.51995, 36.97144], [9.516, 36.97607], [9.5063, 36.97597], [9.5051, 36.98348], [9.51269, 37.00168], [9.5299, 37.00901], [9.53145, 37.01576], [9.56239, 37.0319], [9.56874, 37.04057], [9.60029, 37.05584], [9.60539, 37.06577], [9.59505, 37.07738], [9.6199, 37.0985], [9.61771, 37.10278], [9.62885, 37.11136], [9.72034, 37.11276], [9.71425, 37.07322], [9.7338, 37.07658], [9.74315, 37.08339], [9.75535, 37.0768], [9.77833, 37.0889], [9.78642, 37.06565], [9.82475, 37.03993], [9.82977, 37.04767], [9.83835, 37.0431], [9.84687, 37.02396], [9.83009, 37.02694], [9.83374, 37.00691], [9.8296, 36.99368], [9.83279, 36.98558], [9.83037, 36.97913], [9.82322, 36.98048], [9.82267, 36.97685], [9.82863, 36.97251], [9.82254, 36.97163], [9.81316, 36.96298], [9.81273, 36.94024], [9.80584, 36.94278], [9.78925, 36.93424], [9.78429, 36.92294], [9.77926, 36.92055], [9.76764, 36.8914], [9.73992, 36.88948], [9.7133, 36.90212], [9.69216, 36.88394], [9.67667, 36.88399], [9.65465, 36.87237], [9.65287, 36.86499], [9.63696, 36.8623], [9.63486, 36.85704], [9.6307, 36.85628], [9.63042, 36.86375], [9.62534, 36.86738], [9.58813, 36.85678], [9.57675, 36.86853], [9.55314, 36.88024], [9.55198, 36.89064], [9.53516, 36.89726], [9.52641, 36.91764], [9.51375, 36.91819], [9.50997, 36.93308], [9.49295, 36.93768], [9.51928, 36.95198], [9.51413, 36.95478], [9.51995, 36.97144]]]}}, {"type": "Feature", "properties": {"shapeID": "11933810B43888701821775", "shapeName": "\u0627\u0644\u062c\u0645"}, "geometry": {"type": "Polygon", "coordinates": [[[10.67675, 35.34819], [10.7122, 35.36642], [10.71627, 35.38318], [10.72429, 35.3822], [10.73199, 35.38827], [10.75024, 35.39085], [10.74218, 35.39978], [10.74413, 35.40418], [10.731, 35.40964], [10.75987, 35.41293], [10.77128, 35.40133], [10.77991, 35.40235], [10.80677, 35.35813], [10.80922, 35.3484], [10.81506, 35.34733], [10.81088, 35.34204], [10.82779, 35.32752], [10.81556, 35.32522], [10.82852, 35.31446], [10.8151, 35.30702], [10.82609, 35.29509], [10.8555, 35.27487], [10.85771, 35.25859], [10.80475, 35.24596], [10.79494, 35.25621], [10.7911, 35.27383], [10.7651, 35.27851], [10.76129, 35.26508], [10.75054, 35.24881], [10.75826, 35.24158], [10.74783, 35.24034], [10.73895, 35.23218], [10.71124, 35.2216], [10.68756, 35.2187], [10.66089, 35.22996], [10.64459, 35.24201], [10.6373, 35.25373], [10.63293, 35.25234], [10.62899, 35.25763], [10.59424, 35.24197], [10.58184, 35.28154], [10.5967, 35.29663], [10.60326, 35.29033], [10.61046, 35.29519], [10.61655, 35.31294], [10.62532, 35.31789], [10.63045, 35.31649], [10.61633, 35.32299], [10.61974, 35.34433], [10.63312, 35.34049], [10.63545, 35.35187], [10.64177, 35.34445], [10.6474, 35.34445], [10.67213, 35.3573], [10.67675, 35.34819]]]}}, {"type": "Feature", "properties": {"shapeID": "11933810B93906060339366", "shapeName": "\u0627\u0644\u0642\u0635\u0631"}, "geometry": {"type": "Polygon", "coordinates": [[[8.83386, 34.45662], [8.84247, 34.45362], [8.83781, 34.44851], [8.83522, 34.43241], [8.86099, 34.43592], [8.88571, 34.44686], [8.87187, 34.48524], [8.88155, 34.49662], [8.91806, 34.48541], [8.96415, 34.50209], [8.98522, 34.486], [9.00363, 34.45688], [9.00896, 34.4371], [9.02859, 34.42022], [9.0322, 34.40874], [9.05531, 34.3812], [9.04085, 34.38233], [9.00042, 34.39977], [8.98065, 34.39831], [8.90597, 34.36957], [8.87452, 34.34349], [8.8421, 34.34115], [8.8055, 34.32496], [8.76224, 34.32209], [8.7537, 34.32537], [8.7201, 34.32432], [8.71881, 34.33684], [8.74384, 34.36629], [8.73217, 34.38842], [8.73478, 34.40254], [8.7482, 34.40831], [8.76816, 34.38489], [8.77438, 34.38067], [8.7837, 34.38191], [8.78463, 34.40739], [8.80454, 34.41044], [8.83386, 34.45662]]]}}, {"type": "Feature", "properties": {"shapeID": "11933810B57127812574337", "shapeName": "\u0635\u0641\u0627\u0642\u0633 \u0627\u0644\u062c\u0646\u0648\u0628\u064a\u0629"}, "geometry": {"type": "Polygon", "coordinates": [[[10.68036, 34.92385], [10.69524, 34.90579], [10.70801, 34.88092], [10.68809, 34.88074], [10.71746, 34.8562], [10.72568, 34.83037], [10.73514, 34.81473], [10.71665, 34.81617], [10.74902, 34.77159], [10.7279, 34.76288], [10.72455, 34.7657], [10.71132, 34.75695], [10.69292, 34.74023], [10.69512, 34.73494], [10.64111, 34.73012], [10.64356, 34.74077], [10.61675, 34.74133], [10.62161, 34.7563], [10.60864, 34.77006], [10.61843, 34.77203], [10.60749, 34.78798], [10.61519, 34.79345], [10.60893, 34.80068], [10.61093, 34.80379], [10.58472, 34.81633], [10.59751, 34.83037], [10.58013, 34.84483], [10.6132, 34.86605], [10.61038, 34.86781], [10.61346, 34.87148], [10.63223, 34.88088], [10.61613, 34.89363], [10.63686, 34.90435], [10.64066, 34.89677], [10.64958, 34.90935], [10.66218, 34.91859], [10.66042, 34.92596], [10.67732, 34.93905], [10.68036, 34.92385]]]}}, {"type": "Feature", "properties": {"shapeID": "11933810B10905453653895", "shapeName": "\u063a\u0632\u0627\u0644\u0629"}, "geometry": {"type": "Polygon", "coordinates": [[[9.61771, 37.10278], [9.6199, 37.0985], [9.59505, 37.07738], [9.60539, 37.06577], [9.60029, 37.05584], [9.56874, 37.04057], [9.56239, 37.0319], [9.53145, 37.01576], [9.5299, 37.00901], [9.51269, 37.00168], [9.5051, 36.98348], [9.5063, 36.97597], [9.516, 36.97607], [9.51995, 36.97144], [9.51769, 36.96145], [9.5034, 36.96393], [9.48677, 36.96186], [9.4657, 36.95224], [9.45922, 36.95419], [9.4551, 36.9629], [9.43856, 36.96499], [9.42903, 36.97113], [9.43055, 36.97842], [9.43995, 36.98644], [9.43701, 36.99035], [9.44639, 36.99876], [9.44317, 37.00503], [9.43023, 37.00742], [9.41614, 37.00063], [9.3747, 36.99372], [9.35858, 37.00243], [9.34833, 37.01602], [9.3602, 37.03331], [9.35552, 37.04775], [9.36191, 37.05398], [9.35758, 37.05801], [9.35994, 37.05973], [9.34863, 37.06169], [9.35142, 37.06675], [9.36867, 37.07052], [9.36483, 37.07579], [9.37496, 37.07858], [9.37371, 37.08274], [9.39466, 37.09598], [9.38925, 37.12847], [9.39217, 37.13752], [9.40425, 37.13938], [9.40594, 37.13668], [9.42144, 37.14402], [9.42742, 37.14775], [9.42706, 37.15242], [9.43849, 37.15625], [9.44223, 37.16328], [9.45864, 37.16731], [9.45555, 37.16902], [9.46255, 37.17056], [9.46062, 37.17437], [9.48025, 37.1782], [9.48272, 37.18304], [9.48881, 37.18262], [9.50265, 37.19104], [9.50212, 37.19444], [9.50984, 37.1946], [9.52624, 37.20502], [9.53666, 37.19801], [9.55276, 37.20335], [9.57846, 37.19374], [9.58434, 37.18738], [9.6073, 37.18321], [9.61174, 37.17419], [9.594, 37.16797], [9.58778, 37.15587], [9.59417, 37.14564], [9.60516, 37.14348], [9.6113, 37.13346], [9.62044, 37.12946], [9.62106, 37.1247], [9.61516, 37.1199], [9.62385, 37.11815], [9.62885, 37.11136], [9.61771, 37.10278]]]}}, {"type": "Feature", "properties": {"shapeID": "11933810B38600373367169", "shapeName": "\u0633\u064a\u062f\u064a \u0639\u064a\u0634"}, "geometry": {"type": "Polygon", "coordinates": [[[8.65089, 34.67698], [8.7224, 34.71553], [8.73033, 34.72487], [8.7506, 34.72505], [8.78902, 34.75331], [8.84275, 34.77215], [8.89354, 34.8004], [8.92088, 34.81023], [8.95213, 34.75398], [8.98957, 34.72121], [8.95595, 34.69051], [8.94975, 34.67558], [8.94188, 34.67143], [8.93811, 34.64904], [8.93176, 34.6455], [8.93122, 34.63824], [8.91742, 34.61714], [8.91843, 34.61052], [8.9276, 34.60817], [8.93825, 34.59532], [8.95375, 34.59093], [8.94545, 34.57837], [8.91415, 34.5809], [8.90138, 34.59124], [8.89529, 34.58573], [8.82936, 34.6172], [8.81436, 34.62774], [8.79124, 34.63595], [8.78203, 34.63362], [8.74458, 34.60485], [8.72533, 34.61288], [8.69477, 34.59264], [8.67604, 34.60019], [8.6646, 34.62282], [8.65456, 34.62815], [8.6464, 34.63984], [8.63467, 34.64533], [8.63002, 34.65778], [8.62478, 34.6582], [8.65089, 34.67698]]]}}, {"type": "Feature", "properties": {"shapeID": "11933810B46466927285708", "shapeName": "\u0627\u0644\u0634\u0628\u064a\u0643\u0629"}, "geometry": {"type": "Polygon", "coordinates": [[[9.84166, 35.78353], [9.85066, 35.80244], [9.85888, 35.81079], [9.85705, 35.81336], [9.86789, 35.82034], [9.8616, 35.82752], [9.86867, 35.82813], [9.90525, 35.81183], [9.92449, 35.81889], [9.94659, 35.80623], [9.96802, 35.78368], [9.98643, 35.75689], [9.97575, 35.73889], [9.978, 35.7334], [9.97304, 35.72624], [9.97612, 35.71821], [9.97069, 35.70576], [9.98744, 35.69871], [10.00665, 35.69778], [9.99859, 35.68116], [10.01641, 35.6817], [10.01012, 35.66255], [9.98055, 35.65239], [9.96188, 35.63919], [9.98014, 35.63623], [9.98895, 35.62793], [9.98595, 35.62611], [9.98963, 35.61567], [10.00227, 35.61345], [10.03001, 35.62046], [10.03507, 35.61652], [10.04066, 35.61763], [10.0129, 35.59398], [10.02854, 35.58216], [10.05851, 35.58201], [10.04092, 35.54019], [10.02865, 35.53297], [10.00388, 35.52659], [9.98504, 35.53367], [9.98245, 35.54008], [9.97296, 35.53935], [9.95992, 35.54435], [9.93069, 35.51604], [9.93091, 35.50731], [9.92048, 35.50206], [9.92191, 35.49898], [9.91259, 35.49028], [9.90257, 35.49366], [9.88523, 35.50865], [9.81984, 35.49017], [9.81605, 35.50207], [9.8068, 35.51036], [9.80602, 35.51576], [9.81042, 35.51924], [9.80021, 35.5339], [9.79027, 35.53861], [9.76511, 35.56309], [9.76104, 35.56269], [9.75607, 35.56748], [9.75533, 35.57505], [9.76982, 35.58361], [9.79098, 35.58289], [9.83095, 35.5927], [9.82598, 35.62738], [9.81993, 35.63475], [9.82546, 35.63923], [9.84107, 35.6417], [9.84476, 35.65367], [9.86214, 35.66289], [9.86398, 35.67467], [9.864, 35.69264], [9.85423, 35.70165], [9.86142, 35.70596], [9.86502, 35.71718], [9.83952, 35.74351], [9.84166, 35.78353]]]}}, {"type": "Feature", "properties": {"shapeID": "11933810B49203985770178", "shapeName": "\u062a\u0637\u0627\u0648\u064a\u0646 \u0627\u0644\u0634\u0645\u0627\u0644\u064a\u0629"}, "geometry": {"type": "Polygon", "coordinates": [[[10.70199, 33.09616], [10.72, 33.09801], [10.68316, 33.07003], [10.69335, 33.06389], [10.70672, 33.06509], [10.71427, 33.06012], [10.73033, 33.06231], [10.73819, 33.05875], [10.72828, 33.04381], [10.71165, 33.03287], [10.71406, 33.00026], [10.75092, 32.97804], [10.7475, 32.96742], [10.78091, 32.98308], [10.82872, 32.99041], [10.84604, 32.97798], [10.85249, 32.96097], [10.75691, 32.95583], [10.75703, 32.95236], [10.7481, 32.95013], [10.75782, 32.92821], [10.75833, 32.91256], [10.76594, 32.90676], [10.77193, 32.8893], [10.78813, 32.87886], [10.79541, 32.88076], [10.80578, 32.87601], [10.76946, 32.86987], [10.75587, 32.87167], [10.7347, 32.82926], [10.6837, 32.79736], [10.78608, 32.74062], [10.81682, 32.70966], [10.88685, 32.68438], [10.8947, 32.67707], [10.91476, 32.63599], [10.95614, 32.57228], [10.98119, 32.54174], [11.01526, 32.50946], [11.03155, 32.47408], [11.0861, 32.41089], [11.09914, 32.38666], [11.15031, 32.34858], [11.16646, 32.33204], [11.16983, 32.32109], [11.18121, 32.30626], [11.15212, 32.31198], [11.08678, 32.3092], [10.97395, 32.29641], [10.89998, 32.30643], [10.83065, 32.36742], [10.78818, 32.44499], [10.78081, 32.46269], [10.80197, 32.49513], [10.64015, 32.48725], [10.6101, 32.48231], [10.60028, 32.47729], [10.57857, 32.48224], [10.56917, 32.48977], [10.56234, 32.50318], [10.47303, 32.56678], [10.43596, 32.58584], [10.42615, 32.58212], [10.41292, 32.58495], [10.40031, 32.58143], [10.41304, 32.67492], [10.41196, 32.71378], [10.42799, 32.72691], [10.43733, 32.76323], [10.45125, 32.78198], [10.45296, 32.82597], [10.45826, 32.82841], [10.46745, 32.82378], [10.50237, 32.82865], [10.50495, 32.85241], [10.52123, 32.86539], [10.51724, 32.89026], [10.51989, 32.8978], [10.51096, 32.89734], [10.48775, 32.90549], [10.47476, 32.91449], [10.46304, 32.91222], [10.4576, 32.92348], [10.44963, 32.92877], [10.45304, 32.94399], [10.44868, 32.9346], [10.43734, 32.92624], [10.43194, 32.92678], [10.4285, 32.9336], [10.42232, 32.92598], [10.42629, 32.92457], [10.4201, 32.91859], [10.39295, 32.92312], [10.3916, 32.92998], [10.36876, 32.95368], [10.37655, 32.95821], [10.35249, 32.98645], [10.34443, 32.98186], [10.34166, 32.98467], [10.343, 32.99397], [10.36232, 32.99575], [10.40825, 33.01883], [10.41357, 33.01933], [10.42659, 33.01108], [10.42665, 33.00614], [10.44811, 33.01312], [10.44485, 33.0221], [10.47393, 33.04298], [10.4775, 33.05106], [10.50967, 33.06207], [10.51138, 33.07473], [10.52167, 33.07975], [10.53995, 33.07491], [10.55607, 33.08259], [10.60564, 33.08046], [10.60732, 33.10875], [10.70199, 33.09616]]]}}, {"type": "Feature", "properties": {"shapeID": "11933810B42878076535883", "shapeName": "\u0631\u0645\u0627\u062f\u0629"}, "geometry": {"type": "Polygon", "coordinates": [[[10.41292, 32.58495], [10.42615, 32.58212], [10.43596, 32.58584], [10.47303, 32.56678], [10.56234, 32.50318], [10.56917, 32.48977], [10.57857, 32.48224], [10.60028, 32.47729], [10.6101, 32.48231], [10.64015, 32.48725], [10.80197, 32.49513], [10.72332, 32.38501], [10.71692, 32.35607], [10.71677, 32.33641], [10.70905, 32.32048], [10.71973, 32.31461], [10.72695, 32.29198], [10.71829, 32.27377], [10.72037, 32.26515], [10.70672, 32.25598], [10.68027, 32.22274], [10.67873, 32.19785], [10.66561, 32.20213], [10.66531, 32.19283], [10.65945, 32.18894], [10.59026, 32.16928], [10.55595, 32.15148], [10.54122, 32.1298], [10.52946, 32.12254], [10.52019, 32.10475], [10.51354, 32.1009], [10.50702, 32.08701], [10.49732, 32.07794], [10.4887, 32.03279], [10.47303, 32.0184], [10.47479, 32.00111], [10.42696, 32.00697], [10.41322, 31.99859], [10.35848, 32.00467], [10.3221, 31.97931], [10.28369, 31.96021], [10.26316, 31.94031], [10.24102, 31.93784], [10.21071, 31.91542], [10.179, 31.91405], [10.15604, 31.91991], [10.10491, 31.89642], [10.09594, 31.87974], [10.08699, 31.87359], [10.08994, 31.85942], [10.09546, 31.8547], [10.08564, 31.83874], [10.08263, 31.82096], [10.02284, 31.77677], [9.98156, 31.70166], [10.15041, 31.44218], [10.15359, 31.41682], [10.16627, 31.37699], [10.19779, 31.30628], [10.20371, 31.28378], [10.22511, 31.24565], [10.24577, 31.19787], [10.26214, 31.18695], [10.25693, 31.16918], [10.26568, 31.12181], [10.29414, 31.09126], [10.27514, 31.04081], [10.28472, 30.95504], [10.29712, 30.90755], [10.30559, 30.89499], [10.29308, 30.87754], [10.28484, 30.83519], [10.27208, 30.80051], [10.21901, 30.70434], [10.2019, 30.69354], [10.13037, 30.59811], [10.0696, 30.50836], [10.01712, 30.47924], [10.0071, 30.46977], [9.98106, 30.42549], [9.96926, 30.42001], [9.95428, 30.40328], [9.94415, 30.38342], [9.8775, 30.33693], [9.83175, 30.33725], [9.66831, 30.27519], [9.60799, 30.24234], [9.55845, 30.23024], [9.19748, 31.63627], [9.09846, 31.99944], [9.06531, 32.08738], [8.80032, 32.23621], [8.35683, 32.5026], [9.21126, 32.64892], [9.47154, 32.70685], [9.52168, 32.72885], [9.55954, 32.75499], [9.56619, 32.75331], [9.57051, 32.75848], [9.58968, 32.76119], [9.59689, 32.7553], [9.61339, 32.76797], [9.64095, 32.77681], [9.6496, 32.77314], [9.65766, 32.78032], [9.6793, 32.78331], [9.67906, 32.79236], [9.70985, 32.80062], [9.71486, 32.79343], [9.72537, 32.79775], [9.73745, 32.79681], [9.74309, 32.79593], [9.74998, 32.78761], [9.75763, 32.79129], [9.76833, 32.7867], [9.77457, 32.76884], [9.78032, 32.76891], [9.78397, 32.7609], [9.79118, 32.75714], [9.80744, 32.7217], [9.82813, 32.72704], [9.83971, 32.71758], [9.84178, 32.70343], [9.86089, 32.70202], [9.87077, 32.69285], [9.901, 32.68307], [9.90477, 32.67859], [9.9019, 32.67079], [9.91107, 32.66572], [9.9142, 32.65847], [9.93497, 32.64756], [9.95051, 32.64764], [9.98824, 32.62063], [9.96569, 32.58697], [9.97365, 32.58621], [9.99005, 32.57587], [10.00462, 32.58417], [10.01613, 32.58335], [10.02341, 32.57783], [10.04288, 32.57861], [10.05776, 32.58806], [10.07772, 32.58797], [10.08896, 32.5839], [10.11896, 32.60018], [10.14488, 32.60786], [10.17193, 32.60595], [10.1929, 32.61242], [10.23113, 32.60878], [10.24855, 32.61734], [10.26701, 32.62064], [10.27448, 32.6166], [10.28929, 32.62779], [10.34288, 32.6189], [10.34967, 32.60909], [10.34839, 32.60244], [10.35371, 32.59241], [10.36997, 32.58024], [10.38731, 32.57772], [10.39433, 32.58308], [10.41292, 32.58495]]]}}, {"type": "Feature", "properties": {"shapeID": "11933810B83498935151337", "shapeName": "\u0627\u0644\u0635\u0645\u0627\u0631"}, "geometry": {"type": "Polygon", "coordinates": [[[11.16983, 32.32109], [11.16646, 32.33204], [11.15031, 32.34858], [11.09914, 32.38666], [11.0861, 32.41089], [11.03155, 32.47408], [11.01526, 32.50946], [10.98119, 32.54174], [10.95614, 32.57228], [10.91476, 32.63599], [10.8947, 32.67707], [10.88685, 32.68438], [10.81682, 32.70966], [10.78608, 32.74062], [10.6837, 32.79736], [10.7347, 32.82926], [10.75587, 32.87167], [10.76946, 32.86987], [10.80578, 32.87601], [10.79541, 32.88076], [10.78813, 32.87886], [10.77193, 32.8893], [10.76594, 32.90676], [10.75833, 32.91256], [10.75782, 32.92821], [10.7481, 32.95013], [10.75703, 32.95236], [10.75691, 32.95583], [10.85249, 32.96097], [10.84604, 32.97798], [10.82872, 32.99041], [10.78091, 32.98308], [10.7475, 32.96742], [10.75092, 32.97804], [10.71406, 33.00026], [10.71165, 33.03287], [10.72828, 33.04381], [10.73819, 33.05875], [10.73033, 33.06231], [10.71427, 33.06012], [10.70672, 33.06509], [10.69335, 33.06389], [10.68316, 33.07003], [10.72, 33.09801], [10.72877, 33.09576], [10.74208, 33.10222], [10.75852, 33.09538], [10.77277, 33.09701], [10.81108, 33.09325], [10.8228, 33.0887], [10.85517, 33.08897], [10.87218, 33.08256], [10.88464, 33.09157], [10.89228, 33.0893], [10.89762, 33.09328], [11.00589, 33.07901], [11.0163, 33.08981], [11.03635, 33.09507], [11.03355, 33.05349], [11.02158, 33.03451], [11.03794, 33.02238], [11.03984, 32.99636], [11.09257, 32.91325], [11.09402, 32.90117], [11.11525, 32.86588], [11.1097, 32.81498], [11.12168, 32.77531], [11.12669, 32.71766], [11.08482, 32.67561], [11.0964, 32.65868], [11.14445, 32.53301], [11.20228, 32.40813], [11.22163, 32.38769], [11.22574, 32.37674], [11.32554, 32.39849], [11.34198, 32.38756], [11.33597, 32.38156], [11.33536, 32.37304], [11.31594, 32.36494], [11.30868, 32.3565], [11.28787, 32.35215], [11.25666, 32.32999], [11.2236, 32.32146], [11.20091, 32.30958], [11.18121, 32.30626], [11.16983, 32.32109]]]}}, {"type": "Feature", "properties": {"shapeID": "11933810B11827339972029", "shapeName": "\u0633\u0644\u064a\u0645\u0627\u0646"}, "geometry": {"type": "Polygon", "coordinates": [[[10.41803, 36.71258], [10.41761, 36.71661], [10.46117, 36.72741], [10.48234, 36.74047], [10.53694, 36.7575], [10.54035, 36.76654], [10.55086, 36.77179], [10.55466, 36.79341], [10.56238, 36.79744], [10.56828, 36.82073], [10.56566, 36.82496], [10.57183, 36.83977], [10.56934, 36.84314], [10.58227, 36.85016], [10.58694, 36.86395], [10.58291, 36.83884], [10.59527, 36.8359], [10.58848, 36.80637], [10.58955, 36.79608], [10.59971, 36.78555], [10.60579, 36.77085], [10.59198, 36.75493], [10.59746, 36.74507], [10.6137, 36.74486], [10.61175, 36.72998], [10.6101, 36.72748], [10.59305, 36.72955], [10.58745, 36.72525], [10.57446, 36.72391], [10.56147, 36.72985], [10.5623, 36.71999], [10.54903, 36.70859], [10.56378, 36.68216], [10.55999, 36.67559], [10.55411, 36.67644], [10.54111, 36.6691], [10.55432, 36.66156], [10.54295, 36.6526], [10.55086, 36.6485], [10.52362, 36.63481], [10.51686, 36.6433], [10.51604, 36.6391], [10.50444, 36.65748], [10.49231, 36.66843], [10.46352, 36.68817], [10.43789, 36.68824], [10.43438, 36.69507], [10.40386, 36.70133], [10.41803, 36.71258]]]}}, {"type": "Feature", "properties": {"shapeID": "11933810B93669853270617", "shapeName": "\u0623\u0648\u0644\u0627\u062f \u062d\u0641\u0648\u0632"}, "geometry": {"type": "Polygon", "coordinates": [[[9.74779, 35.18044], [9.79406, 35.18156], [9.82171, 35.17146], [9.8732, 35.16611], [9.88389, 35.17], [9.88649, 35.17439], [9.88271, 35.17989], [9.8884, 35.18489], [9.89803, 35.18409], [9.91437, 35.19298], [9.94264, 35.19894], [9.95054, 35.20771], [9.9676, 35.20244], [9.97358, 35.18183], [9.98404, 35.17243], [10.00149, 35.16453], [9.99476, 35.15515], [9.99711, 35.1265], [9.99211, 35.12081], [10.00235, 35.10288], [9.99409, 35.08419], [10.0129, 35.06608], [10.00582, 35.05244], [10.01739, 35.05058], [10.01154, 35.04326], [10.00237, 35.04504], [10.00044, 35.04171], [9.97641, 35.05432], [9.96953, 35.0489], [9.95022, 35.05827], [9.93808, 35.05669], [9.91952, 35.06327], [9.90709, 35.05482], [9.8767, 35.01863], [9.79241, 34.99219], [9.79367, 35.00499], [9.78797, 35.0132], [9.7885, 35.02015], [9.76611, 35.05149], [9.74346, 35.06291], [9.74042, 35.07129], [9.72137, 35.08199], [9.72336, 35.08632], [9.71817, 35.09793], [9.73128, 35.1086], [9.72082, 35.11482], [9.69612, 35.11842], [9.70872, 35.1415], [9.69882, 35.20065], [9.74779, 35.18044]]]}}, {"type": "Feature", "properties": {"shapeID": "11933810B54153099076840", "shapeName": "\u0627\u0644\u0631\u062f\u064a\u0641"}, "geometry": {"type": "Polygon", "coordinates": [[[8.12553, 34.48491], [8.12893, 34.47921], [8.17185, 34.46885], [8.18511, 34.45242], [8.20227, 34.45494], [8.20912, 34.45035], [8.22237, 34.44936], [8.22843, 34.45896], [8.24165, 34.46558], [8.25147, 34.46086], [8.25454, 34.45431], [8.27013, 34.44262], [8.28797, 34.43536], [8.30972, 34.40856], [8.33994, 34.39895], [8.3359, 34.38592], [8.34725, 34.3804], [8.34308, 34.37329], [8.34795, 34.36389], [8.34054, 34.35144], [8.33249, 34.34845], [8.22763, 34.36708], [8.21132, 34.35923], [8.21258, 34.32409], [8.24421, 34.29099], [8.2463, 34.28007], [8.19033, 34.25429], [8.1492, 34.25306], [8.14651, 34.23564], [8.15162, 34.2201], [8.12199, 34.26163], [8.06492, 34.30211], [8.04644, 34.31759], [8.04168, 34.32855], [8.05911, 34.35758], [8.09519, 34.39885], [8.07792, 34.41665], [8.10117, 34.44771], [8.11818, 34.48593], [8.12553, 34.48491]]]}}, {"type": "Feature", "properties": {"shapeID": "11933810B17149479798456", "shapeName": "\u0627\u0644\u0646\u0627\u0638\u0648\u0631"}, "geometry": {"type": "Polygon", "coordinates": [[[10.04928, 36.19734], [10.04778, 36.19048], [10.00791, 36.16419], [10.00561, 36.15811], [10.00979, 36.15231], [10.03539, 36.15191], [10.05182, 36.15622], [10.05403, 36.15191], [10.08081, 36.15327], [10.10009, 36.16424], [10.10749, 36.14369], [10.116, 36.13492], [10.1639, 36.14003], [10.17409, 36.13813], [10.14916, 36.12991], [10.12596, 36.1066], [10.12929, 36.09851], [10.1349, 36.09711], [10.13748, 36.08166], [10.12752, 36.08427], [10.0778, 36.07537], [10.06508, 36.08682], [10.06411, 36.09798], [10.05831, 36.10611], [10.05258, 36.07462], [10.06074, 36.04635], [10.04291, 36.00845], [10.04433, 36.00057], [10.02485, 36.00942], [10.02034, 36.01595], [10.01117, 36.01227], [10.00495, 36.02662], [9.99629, 36.03427], [9.97533, 36.03877], [9.97368, 36.0499], [9.95435, 36.03859], [9.95319, 36.04307], [9.93609, 36.04718], [9.92179, 36.04173], [9.90092, 36.04261], [9.89433, 36.04739], [9.89271, 36.05699], [9.89621, 36.06314], [9.89136, 36.068], [9.88246, 36.06823], [9.878, 36.07534], [9.8743, 36.07407], [9.86587, 36.08125], [9.87127, 36.08824], [9.85922, 36.0938], [9.85267, 36.10263], [9.85439, 36.10631], [9.84331, 36.11284], [9.84725, 36.11656], [9.84778, 36.12634], [9.8382, 36.12966], [9.8449, 36.13084], [9.87005, 36.15517], [9.89717, 36.16157], [9.89456, 36.17215], [9.89834, 36.17941], [9.89521, 36.18571], [9.89825, 36.19539], [9.90363, 36.19924], [9.91735, 36.20058], [9.92026, 36.20454], [9.95101, 36.20343], [9.96165, 36.20928], [9.96669, 36.21741], [9.97786, 36.21768], [9.98294, 36.22296], [9.99646, 36.22242], [10.00251, 36.21739], [10.0208, 36.22073], [10.01722, 36.21029], [10.04211, 36.20889], [10.04928, 36.19734]]]}}, {"type": "Feature", "properties": {"shapeID": "11933810B3957312331643", "shapeName": "\u0632\u0631\u0645\u062f\u064a\u0646"}, "geometry": {"type": "Polygon", "coordinates": [[[10.53892, 35.57168], [10.52308, 35.59227], [10.53189, 35.60954], [10.55957, 35.62834], [10.56902, 35.64982], [10.59287, 35.62407], [10.61783, 35.55559], [10.66133, 35.57828], [10.66012, 35.60508], [10.67332, 35.61167], [10.68613, 35.61282], [10.6984, 35.62622], [10.72003, 35.6231], [10.72223, 35.60912], [10.74458, 35.58595], [10.76143, 35.58657], [10.75711, 35.57043], [10.75298, 35.56983], [10.75601, 35.56397], [10.74069, 35.55145], [10.73737, 35.53269], [10.7244, 35.52123], [10.71679, 35.52426], [10.69695, 35.51109], [10.67913, 35.51297], [10.67617, 35.50845], [10.68233, 35.50421], [10.63962, 35.5026], [10.62107, 35.48556], [10.61696, 35.47437], [10.6133, 35.47452], [10.60853, 35.49609], [10.59572, 35.49677], [10.58349, 35.50235], [10.56048, 35.49758], [10.55518, 35.49298], [10.55075, 35.48778], [10.55937, 35.47701], [10.55778, 35.47455], [10.54572, 35.48044], [10.55128, 35.47326], [10.54281, 35.47811], [10.54664, 35.47237], [10.53789, 35.47066], [10.53317, 35.48156], [10.52773, 35.4849], [10.52916, 35.48275], [10.51275, 35.48353], [10.5079, 35.47871], [10.50306, 35.48314], [10.49995, 35.48157], [10.50141, 35.48858], [10.49686, 35.49539], [10.49306, 35.51981], [10.49999, 35.55684], [10.53892, 35.57168]]]}}, {"type": "Feature", "properties": {"shapeID": "11933810B51337682918507", "shapeName": "\u0627\u0644\u0642\u064a\u0631\u0648\u0627\u0646 \u0627\u0644\u062c\u0646\u0648\u0628\u064a\u0629"}, "geometry": {"type": "Polygon", "coordinates": [[[9.9164, 35.49207], [9.92191, 35.49898], [9.92048, 35.50206], [9.93091, 35.50731], [9.93069, 35.51604], [9.95992, 35.54435], [9.97296, 35.53935], [9.98245, 35.54008], [9.98504, 35.53367], [10.00388, 35.52659], [10.03669, 35.53708], [10.04586, 35.54897], [10.05851, 35.58201], [10.02854, 35.58216], [10.0129, 35.59398], [10.04066, 35.61763], [10.03507, 35.61652], [10.03001, 35.62046], [10.00227, 35.61345], [9.98963, 35.61567], [9.98595, 35.62611], [9.98895, 35.62793], [9.98014, 35.63623], [9.96188, 35.63919], [9.98055, 35.65239], [10.01012, 35.66255], [10.01641, 35.6817], [10.07039, 35.68032], [10.07094, 35.66648], [10.08973, 35.67238], [10.0901, 35.6674], [10.09636, 35.66602], [10.10303, 35.67571], [10.12895, 35.67622], [10.11704, 35.67644], [10.11389, 35.68594], [10.12867, 35.69424], [10.16065, 35.70496], [10.18462, 35.70613], [10.19228, 35.69936], [10.19398, 35.69121], [10.18771, 35.68062], [10.25265, 35.68152], [10.25574, 35.66681], [10.2648, 35.65823], [10.27012, 35.63919], [10.30727, 35.58501], [10.30574, 35.58158], [10.28538, 35.57696], [10.27407, 35.5805], [10.23369, 35.56784], [10.20729, 35.55366], [10.25732, 35.49879], [10.21108, 35.46696], [10.18203, 35.47653], [10.19314, 35.49415], [10.18546, 35.49972], [10.18034, 35.49663], [10.17086, 35.50969], [10.16273, 35.56696], [10.13339, 35.54432], [10.14109, 35.51353], [10.09616, 35.50185], [10.09521, 35.50772], [10.08054, 35.5027], [10.06806, 35.50387], [10.06747, 35.49471], [10.04947, 35.49092], [10.02303, 35.49106], [10.01979, 35.48683], [10.01524, 35.49393], [9.99884, 35.47835], [9.99252, 35.47936], [9.98037, 35.4728], [9.96404, 35.44403], [9.94495, 35.45588], [9.93443, 35.44831], [9.91433, 35.44693], [9.90067, 35.45302], [9.90697, 35.45645], [9.88935, 35.46149], [9.89136, 35.46591], [9.88361, 35.46772], [9.87911, 35.47411], [9.89905, 35.4798], [9.9164, 35.49207]]]}}, {"type": "Feature", "properties": {"shapeID": "11933810B93089307586019", "shapeName": "\u0642\u0627\u0628\u0633 \u0627\u0644\u063a\u0631\u0628\u064a\u0629"}, "geometry": {"type": "Polygon", "coordinates": [[[9.93618, 33.9138], [9.96615, 33.93576], [9.96926, 33.91971], [10.00405, 33.92743], [10.02628, 33.94082], [10.04986, 33.91371], [10.0726, 33.93039], [10.0838, 33.90505], [10.07737, 33.89358], [10.08482, 33.88362], [10.0863, 33.87178], [10.08066, 33.86789], [10.08179, 33.85663], [10.06218, 33.84043], [10.04852, 33.8416], [10.0327, 33.85406], [10.01861, 33.8434], [9.98121, 33.83119], [9.98269, 33.82804], [9.9779, 33.82482], [9.95948, 33.8175], [9.93885, 33.81544], [9.92484, 33.82731], [9.90857, 33.85413], [9.91093, 33.91195], [9.93618, 33.9138]]]}}, {"type": "Feature", "properties": {"shapeID": "11933810B87788045325558", "shapeName": "\u0623\u0648\u062a\u064a\u0643"}, "geometry": {"type": "Polygon", "coordinates": [[[9.82863, 36.97251], [9.82267, 36.97685], [9.82322, 36.98048], [9.83037, 36.97913], [9.83279, 36.98558], [9.8296, 36.99368], [9.83374, 37.00691], [9.83009, 37.02694], [9.84687, 37.02396], [9.83835, 37.0431], [9.82977, 37.04767], [9.84777, 37.05043], [9.86144, 37.04792], [9.86868, 37.06613], [9.89109, 37.07618], [9.89721, 37.08437], [9.90662, 37.08621], [9.90726, 37.09205], [9.91488, 37.09248], [9.91843, 37.09862], [9.93308, 37.10067], [9.93725, 37.106], [9.96318, 37.11264], [9.9632, 37.11539], [9.97285, 37.11238], [9.98431, 37.10172], [9.99452, 37.11], [10.00411, 37.07481], [10.0177, 37.09917], [10.03315, 37.11098], [10.05791, 37.12162], [10.09894, 37.12553], [10.10203, 37.13288], [10.10924, 37.13706], [10.13152, 37.14319], [10.13844, 37.14168], [10.13567, 37.1369], [10.1426, 37.13573], [10.14212, 37.12983], [10.15788, 37.12512], [10.17615, 37.1247], [10.18157, 37.12919], [10.18118, 37.12482], [10.17375, 37.1213], [10.19036, 37.11136], [10.21487, 37.11233], [10.20625, 37.14092], [10.21343, 37.14841], [10.20952, 37.1482], [10.22008, 37.15268], [10.21069, 37.14083], [10.21632, 37.1112], [10.18051, 37.10659], [10.16961, 37.11107], [10.16184, 37.10887], [10.15678, 37.11516], [10.13124, 37.10756], [10.13056, 37.11181], [10.12369, 37.11361], [10.09422, 37.0952], [10.08842, 37.08374], [10.09451, 37.06546], [10.09051, 37.05106], [10.07857, 37.03498], [10.07452, 37.01947], [10.06757, 37.01422], [10.06605, 37.00666], [10.02899, 36.98341], [10.02803, 36.96984], [10.0187, 36.96683], [10.02399, 36.96258], [10.02133, 36.94954], [10.00615, 36.9379], [10.00983, 36.93511], [10.01588, 36.93723], [10.02699, 36.92147], [10.01689, 36.91451], [10.00418, 36.92852], [9.99926, 36.92455], [10.00046, 36.91805], [9.97991, 36.92645], [9.94365, 36.91464], [9.94443, 36.91942], [9.92691, 36.9532], [9.91651, 36.94952], [9.86952, 36.95792], [9.86263, 36.95488], [9.83733, 36.96193], [9.82556, 36.97166], [9.82863, 36.97251]]]}}, {"type": "Feature", "properties": {"shapeID": "11933810B95745204086870", "shapeName": "\u0633\u064a\u062f\u064a \u0645\u062e\u0644\u0648\u0641"}, "geometry": {"type": "Polygon", "coordinates": [[[10.34985, 33.52435], [10.35487, 33.52483], [10.35996, 33.53427], [10.36018, 33.55465], [10.36681, 33.55915], [10.37171, 33.57512], [10.38249, 33.58126], [10.39215, 33.59333], [10.40636, 33.59153], [10.41269, 33.60556], [10.41825, 33.60604], [10.41628, 33.6094], [10.42033, 33.61964], [10.41552, 33.63018], [10.42484, 33.63559], [10.42824, 33.63157], [10.43679, 33.63411], [10.44324, 33.62222], [10.44963, 33.62205], [10.44815, 33.62484], [10.45543, 33.62925], [10.46062, 33.62727], [10.46974, 33.63338], [10.48155, 33.63123], [10.4929, 33.62051], [10.48703, 33.62973], [10.49409, 33.63779], [10.50973, 33.63979], [10.52045, 33.64748], [10.55428, 33.64956], [10.5681, 33.65583], [10.55897, 33.63319], [10.56282, 33.63429], [10.55514, 33.63059], [10.5544, 33.62932], [10.57216, 33.63447], [10.58712, 33.63008], [10.59446, 33.63477], [10.5945, 33.64064], [10.58008, 33.63417], [10.56921, 33.63866], [10.56591, 33.64413], [10.57121, 33.65418], [10.59979, 33.66065], [10.60972, 33.66919], [10.64332, 33.67459], [10.69758, 33.70549], [10.72359, 33.70704], [10.73591, 33.69795], [10.74514, 33.6774], [10.73915, 33.6615], [10.74272, 33.66021], [10.73935, 33.66048], [10.73155, 33.64794], [10.7308, 33.63834], [10.72239, 33.63559], [10.71565, 33.63993], [10.69849, 33.62529], [10.70062, 33.62129], [10.67212, 33.60581], [10.65261, 33.6012], [10.64021, 33.59172], [10.62929, 33.57931], [10.62717, 33.57017], [10.58631, 33.52634], [10.58575, 33.52296], [10.61428, 33.5103], [10.64, 33.49313], [10.62121, 33.47265], [10.52638, 33.39806], [10.51836, 33.38342], [10.51104, 33.38232], [10.50092, 33.38959], [10.49019, 33.38849], [10.46777, 33.38115], [10.45949, 33.3742], [10.4534, 33.38571], [10.45499, 33.39503], [10.43372, 33.42622], [10.42271, 33.43393], [10.40727, 33.42539], [10.37867, 33.44696], [10.37496, 33.45764], [10.36621, 33.46313], [10.35162, 33.48469], [10.34189, 33.49097], [10.3414, 33.51375], [10.34985, 33.52435]]]}}, {"type": "Feature", "properties": {"shapeID": "11933810B61155262377860", "shapeName": "\u0645\u0627\u0631\u062b"}, "geometry": {"type": "Polygon", "coordinates": [[[10.41552, 33.63018], [10.42033, 33.61964], [10.41628, 33.6094], [10.41825, 33.60604], [10.41269, 33.60556], [10.40636, 33.59153], [10.39215, 33.59333], [10.38249, 33.58126], [10.37171, 33.57512], [10.36681, 33.55915], [10.36018, 33.55465], [10.35996, 33.53427], [10.35487, 33.52483], [10.34985, 33.52435], [10.3414, 33.51375], [10.33274, 33.48982], [10.31854, 33.47968], [10.30855, 33.47964], [10.29715, 33.4697], [10.28637, 33.4525], [10.28829, 33.44538], [10.27752, 33.42929], [10.26383, 33.42267], [10.23487, 33.41741], [10.22727, 33.42291], [10.21684, 33.42361], [10.1575, 33.40874], [10.14682, 33.39934], [10.13366, 33.39455], [10.14504, 33.38753], [10.12596, 33.37893], [10.12039, 33.37241], [10.09925, 33.37245], [10.09325, 33.36126], [10.10655, 33.34607], [10.05368, 33.31653], [10.03644, 33.30955], [10.02478, 33.31283], [10.00067, 33.29323], [9.92908, 33.29959], [9.91683, 33.29698], [9.9204, 33.31688], [9.93671, 33.32311], [9.94278, 33.33371], [9.96237, 33.33765], [9.96872, 33.3439], [9.99338, 33.35128], [10.02808, 33.37595], [10.03153, 33.38407], [10.0273, 33.3893], [10.03492, 33.40244], [10.0313, 33.40785], [10.04284, 33.41663], [10.03709, 33.43656], [10.0449, 33.44571], [10.06666, 33.4564], [10.07735, 33.4707], [10.07851, 33.47746], [10.07124, 33.48618], [10.09367, 33.48689], [10.10163, 33.49419], [10.09766, 33.50504], [10.10489, 33.51324], [10.11461, 33.51608], [10.12979, 33.51173], [10.12516, 33.51618], [10.1374, 33.53235], [10.13366, 33.5383], [10.1429, 33.54911], [10.14415, 33.5726], [10.15105, 33.58567], [10.14691, 33.58906], [10.15697, 33.59769], [10.1578, 33.60661], [10.14245, 33.65471], [10.1398, 33.71199], [10.12942, 33.73116], [10.12447, 33.75668], [10.14858, 33.7686], [10.15937, 33.77939], [10.16355, 33.78947], [10.17842, 33.79565], [10.18187, 33.82432], [10.26715, 33.76827], [10.28146, 33.74711], [10.28133, 33.73997], [10.28426, 33.74293], [10.29297, 33.74042], [10.33297, 33.70824], [10.3529, 33.6977], [10.35784, 33.69778], [10.36229, 33.70267], [10.36385, 33.70214], [10.35818, 33.69784], [10.35971, 33.69478], [10.40024, 33.67068], [10.42742, 33.66682], [10.42732, 33.66395], [10.46671, 33.65582], [10.48034, 33.64881], [10.46596, 33.64897], [10.4616, 33.64448], [10.45195, 33.64671], [10.45227, 33.64138], [10.43884, 33.63262], [10.42484, 33.63559], [10.41552, 33.63018]]]}}, {"type": "Feature", "properties": {"shapeID": "11933810B61814585339016", "shapeName": "\u062a\u0627\u0644\u0629"}, "geometry": {"type": "Polygon", "coordinates": [[[8.80404, 35.7742], [8.82028, 35.75615], [8.82901, 35.75295], [8.82396, 35.74483], [8.82517, 35.73562], [8.83523, 35.73236], [8.82587, 35.70572], [8.83962, 35.6992], [8.83658, 35.68376], [8.8019, 35.68198], [8.79184, 35.67804], [8.78184, 35.63897], [8.7857, 35.62244], [8.78178, 35.61122], [8.78542, 35.60945], [8.75839, 35.56857], [8.767, 35.5633], [8.76351, 35.55525], [8.80657, 35.5042], [8.80887, 35.47214], [8.80048, 35.45617], [8.80704, 35.44758], [8.80334, 35.41624], [8.8124, 35.39678], [8.8125, 35.38567], [8.82117, 35.36246], [8.81164, 35.37337], [8.78944, 35.37516], [8.7669, 35.38415], [8.76185, 35.38171], [8.75648, 35.38827], [8.73316, 35.38315], [8.73882, 35.40611], [8.72862, 35.40874], [8.70038, 35.42852], [8.69038, 35.41241], [8.66679, 35.41366], [8.6457, 35.44086], [8.64173, 35.47558], [8.63845, 35.47933], [8.62652, 35.48178], [8.6289, 35.48589], [8.59295, 35.50197], [8.56414, 35.50877], [8.57104, 35.54934], [8.55372, 35.59158], [8.55791, 35.6047], [8.59788, 35.59804], [8.60017, 35.60752], [8.58959, 35.61853], [8.59277, 35.62363], [8.60193, 35.62671], [8.60546, 35.63869], [8.58727, 35.64621], [8.58792, 35.65005], [8.61501, 35.65982], [8.61218, 35.66432], [8.6189, 35.67097], [8.61767, 35.67549], [8.63042, 35.68558], [8.62243, 35.70226], [8.62654, 35.71005], [8.62676, 35.72457], [8.61865, 35.73129], [8.61723, 35.74767], [8.63188, 35.74312], [8.63637, 35.75491], [8.6503, 35.7506], [8.66633, 35.75936], [8.6673, 35.78781], [8.67588, 35.78815], [8.68463, 35.78326], [8.70043, 35.79088], [8.7086, 35.78913], [8.71313, 35.78041], [8.71012, 35.77531], [8.71414, 35.77226], [8.71847, 35.7759], [8.73576, 35.77037], [8.74665, 35.77584], [8.75866, 35.77442], [8.76323, 35.77681], [8.76365, 35.78272], [8.77094, 35.78398], [8.78047, 35.7773], [8.80404, 35.7742]]]}}, {"type": "Feature", "properties": {"shapeID": "11933810B10637834163678", "shapeName": "\u0628\u0646\u0632\u0631\u062a \u0627\u0644\u062c\u0646\u0648\u0628\u064a\u0629"}, "geometry": {"type": "MultiPolygon", "coordinates": [[[[9.6073, 37.18321], [9.58434, 37.18738], [9.57846, 37.19374], [9.55276, 37.20335], [9.53666, 37.19801], [9.52624, 37.20502], [9.50727, 37.1947], [9.50203, 37.20625], [9.48259, 37.21921], [9.47631, 37.22973], [9.47915, 37.23386], [9.47545, 37.25371], [9.47821, 37.26406], [9.47418, 37.26826], [9.51366, 37.28399], [9.53595, 37.29982], [9.54301, 37.29773], [9.56076, 37.30587], [9.57354, 37.29451], [9.59221, 37.29724], [9.62449, 37.31249], [9.6695, 37.34074], [9.6751, 37.33585], [9.69018, 37.33922], [9.70352, 37.33423], [9.74491, 37.34738], [9.75584, 37.34703], [9.76023, 37.33636], [9.77036, 37.33162], [9.75793, 37.32113], [9.76814, 37.30276], [9.79945, 37.29828], [9.80177, 37.29189], [9.81968, 37.29273], [9.83672, 37.28562], [9.835, 37.27956], [9.85524, 37.2784], [9.85691, 37.26684], [9.8503, 37.26106], [9.85931, 37.25722], [9.84266, 37.25461], [9.84208, 37.2491], [9.83459, 37.24593], [9.83351, 37.2498], [9.82689, 37.24406], [9.8193, 37.24476], [9.82414, 37.23718], [9.81731, 37.23848], [9.81352, 37.24455], [9.80478, 37.23844], [9.79772, 37.24003], [9.7919, 37.23596], [9.7772, 37.23938], [9.78165, 37.23684], [9.77901, 37.23386], [9.78048, 37.21882], [9.77057, 37.22351], [9.76761, 37.21737], [9.77496, 37.21372], [9.77487, 37.20422], [9.77681, 37.206], [9.7784, 37.20471], [9.77614, 37.20292], [9.7848, 37.20235], [9.78584, 37.20954], [9.78752, 37.20156], [9.78191, 37.18614], [9.77289, 37.18427], [9.77547, 37.17899], [9.7663, 37.17514], [9.76645, 37.1722], [9.75242, 37.16901], [9.73903, 37.17563], [9.7224, 37.1754], [9.70993, 37.18267], [9.68001, 37.18441], [9.6664, 37.19125], [9.66124, 37.20066], [9.65451, 37.20215], [9.637, 37.19675], [9.63464, 37.18451], [9.62747, 37.18755], [9.61456, 37.18475], [9.61859, 37.17453], [9.61447, 37.16731], [9.61082, 37.16793], [9.6073, 37.18321]]], [[[9.78619, 37.22142], [9.78439, 37.22459], [9.79963, 37.23745], [9.80987, 37.23378], [9.79894, 37.21793], [9.78622, 37.21467], [9.78288, 37.21855], [9.78619, 37.22142]]]]}}, {"type": "Feature", "properties": {"shapeID": "11933810B59009288682307", "shapeName": "\u0627\u0644\u0643\u0627\u0641 \u0627\u0644\u0634\u0631\u0642\u064a\u0629"}, "geometry": {"type": "Polygon", "coordinates": [[[8.73126, 36.20684], [8.76809, 36.22834], [8.78194, 36.22617], [8.78886, 36.23608], [8.79313, 36.23674], [8.78974, 36.23847], [8.79588, 36.23943], [8.79384, 36.24162], [8.79898, 36.24533], [8.80408, 36.26809], [8.82546, 36.25245], [8.85157, 36.2182], [8.89249, 36.24189], [8.93001, 36.25193], [8.97353, 36.28243], [8.97881, 36.27866], [8.98116, 36.26667], [8.98622, 36.26408], [8.98327, 36.26228], [8.99642, 36.25107], [8.99993, 36.2397], [9.03942, 36.23984], [9.04367, 36.23167], [9.03746, 36.22664], [9.03466, 36.21706], [9.05612, 36.2027], [9.03569, 36.18301], [9.02772, 36.18165], [9.01023, 36.16686], [8.99468, 36.14656], [8.99697, 36.14031], [8.98565, 36.13193], [8.98251, 36.12452], [8.97278, 36.12143], [8.94473, 36.09725], [8.92773, 36.10372], [8.90531, 36.1211], [8.90472, 36.1298], [8.89301, 36.15215], [8.85672, 36.12825], [8.85565, 36.12133], [8.84299, 36.11726], [8.83634, 36.10884], [8.8214, 36.11231], [8.79092, 36.10458], [8.76758, 36.11698], [8.77197, 36.10745], [8.76806, 36.09814], [8.75588, 36.10034], [8.74548, 36.09721], [8.73537, 36.09061], [8.73604, 36.0853], [8.72549, 36.09415], [8.69767, 36.15663], [8.71777, 36.15987], [8.71011, 36.16583], [8.70107, 36.16692], [8.70102, 36.17642], [8.69008, 36.17605], [8.69743, 36.17954], [8.69881, 36.1855], [8.71204, 36.18811], [8.72522, 36.20797], [8.73126, 36.20684]]]}}, {"type": "Feature", "properties": {"shapeID": "11933810B77828978418448", "shapeName": "\u062c\u0628\u0646\u064a\u0627\u0646\u0629"}, "geometry": {"type": "Polygon", "coordinates": [[[10.88759, 35.16096], [10.90737, 35.18868], [10.93218, 35.16522], [10.92755, 35.16197], [10.94057, 35.15306], [10.91988, 35.13676], [10.93273, 35.12703], [10.95613, 35.09797], [10.98768, 35.09161], [10.99258, 35.09619], [11.00823, 35.08987], [11.02153, 35.08924], [11.02828, 35.07562], [11.02647, 35.07847], [11.0214, 35.05944], [11.02318, 35.04418], [11.03252, 35.04366], [11.03294, 35.04467], [11.03455, 35.04465], [11.03497, 35.04444], [11.03568, 35.04365], [11.03558, 35.04258], [11.01913, 35.04159], [11.01172, 35.02392], [11.00679, 35.02195], [11.00627, 35.01451], [10.97062, 34.99916], [10.9441, 35.01589], [10.93377, 35.01116], [10.92354, 35.01845], [10.92106, 35.01363], [10.92698, 35.01], [10.92032, 35.00865], [10.87179, 35.03415], [10.86037, 35.02687], [10.86001, 35.01366], [10.84224, 35.02159], [10.8442, 35.01618], [10.79678, 35.05958], [10.78599, 35.07688], [10.79163, 35.07739], [10.79791, 35.10037], [10.81888, 35.13984], [10.88759, 35.16096]]]}}, {"type": "Feature", "properties": {"shapeID": "11933810B2147309578114", "shapeName": "\u0645\u0637\u0645\u0627\u0637\u0629 \u0627\u0644\u062c\u062f\u064a\u062f\u0629"}, "geometry": {"type": "Polygon", "coordinates": [[[10.1398, 33.71199], [10.14245, 33.65471], [10.15599, 33.6157], [10.15697, 33.59769], [10.14691, 33.58906], [10.15105, 33.58567], [10.14415, 33.5726], [10.1429, 33.54911], [10.13366, 33.5383], [10.1374, 33.53235], [10.12516, 33.51618], [10.12979, 33.51173], [10.11461, 33.51608], [10.10044, 33.51043], [10.09766, 33.50504], [10.10163, 33.49419], [10.09367, 33.48689], [10.07124, 33.48618], [10.05624, 33.49209], [10.04267, 33.50384], [10.03858, 33.5184], [10.02749, 33.52203], [10.01967, 33.53248], [10.01452, 33.52972], [10.01419, 33.54004], [10.00718, 33.54823], [10.00938, 33.55168], [9.9899, 33.57349], [9.95234, 33.57229], [9.93565, 33.58436], [9.90131, 33.59199], [9.89469, 33.60014], [9.88214, 33.5994], [9.87814, 33.61066], [9.8701, 33.61155], [9.84341, 33.63128], [9.82586, 33.65608], [9.81199, 33.66289], [9.81421, 33.65313], [9.82152, 33.64535], [9.81906, 33.63402], [9.85022, 33.56537], [9.84397, 33.55595], [9.83318, 33.55234], [9.83013, 33.54508], [9.82685, 33.5499], [9.81449, 33.54931], [9.81261, 33.54132], [9.80646, 33.54436], [9.79819, 33.53932], [9.7733, 33.55489], [9.73931, 33.55797], [9.67656, 33.57844], [9.65512, 33.58078], [9.64114, 33.58934], [9.58141, 33.59428], [9.56519, 33.58551], [9.54085, 33.60191], [9.60775, 33.63904], [9.71844, 33.68406], [9.74193, 33.68057], [9.76026, 33.65646], [9.80099, 33.66231], [9.85409, 33.68885], [9.93513, 33.73939], [9.93802, 33.74906], [9.97735, 33.71802], [9.99138, 33.71428], [10.02225, 33.72521], [10.02926, 33.72261], [10.05589, 33.7376], [10.05389, 33.73245], [10.06, 33.73024], [10.06159, 33.72371], [10.04373, 33.69572], [10.04106, 33.67589], [10.0706, 33.69082], [10.09431, 33.69214], [10.10938, 33.71417], [10.13303, 33.72268], [10.1398, 33.71199]]]}}, {"type": "Feature", "properties": {"shapeID": "11933810B84977870340871", "shapeName": "\u0639\u064a\u0646 \u062f\u0631\u0627\u0647\u0645"}, "geometry": {"type": "Polygon", "coordinates": [[[8.66427, 36.91626], [8.66895, 36.9047], [8.67681, 36.90116], [8.68124, 36.90069], [8.6911, 36.90878], [8.69168, 36.90216], [8.69979, 36.89869], [8.69971, 36.89454], [8.69168, 36.8769], [8.68129, 36.86977], [8.71137, 36.85171], [8.71956, 36.86228], [8.73009, 36.85171], [8.75516, 36.84058], [8.78314, 36.846], [8.79782, 36.84044], [8.84399, 36.86695], [8.86789, 36.86023], [8.8742, 36.84893], [8.87136, 36.8393], [8.87488, 36.83428], [8.86951, 36.82557], [8.87582, 36.81487], [8.89242, 36.8072], [8.91855, 36.80805], [8.92097, 36.80184], [8.93354, 36.80364], [8.93065, 36.79747], [8.9334, 36.78994], [8.91686, 36.78386], [8.90794, 36.78628], [8.89597, 36.77919], [8.89652, 36.77161], [8.89126, 36.76472], [8.86056, 36.73675], [8.87379, 36.74005], [8.86831, 36.72418], [8.83876, 36.72423], [8.81973, 36.71689], [8.77628, 36.70849], [8.77127, 36.70956], [8.7594, 36.72363], [8.74954, 36.72296], [8.74132, 36.73536], [8.74179, 36.74702], [8.72375, 36.74395], [8.69761, 36.72423], [8.69167, 36.7234], [8.67992, 36.73092], [8.67854, 36.7159], [8.65872, 36.70144], [8.64937, 36.67283], [8.63647, 36.67771], [8.61164, 36.69723], [8.61265, 36.71331], [8.60147, 36.72508], [8.60809, 36.73147], [8.60651, 36.74105], [8.58637, 36.72225], [8.57381, 36.7161], [8.56589, 36.70426], [8.52255, 36.69509], [8.49698, 36.7034], [8.48375, 36.69875], [8.46582, 36.72517], [8.46405, 36.73539], [8.47005, 36.74142], [8.45897, 36.75145], [8.44466, 36.74602], [8.42892, 36.74873], [8.42993, 36.75952], [8.48415, 36.77948], [8.51683, 36.77835], [8.52742, 36.78259], [8.53231, 36.77429], [8.54539, 36.77342], [8.5535, 36.77884], [8.57248, 36.7732], [8.5996, 36.79872], [8.61111, 36.79093], [8.62191, 36.8008], [8.65478, 36.80943], [8.66945, 36.81732], [8.68113, 36.83895], [8.66892, 36.84423], [8.66252, 36.85201], [8.65393, 36.84861], [8.64428, 36.85344], [8.62476, 36.85512], [8.62937, 36.86062], [8.63108, 36.88208], [8.62844, 36.8865], [8.63619, 36.90889], [8.66427, 36.91626]]]}}, {"type": "Feature", "properties": {"shapeID": "11933810B24565531401721", "shapeName": "\u0627\u0644\u0633\u0646\u062f"}, "geometry": {"type": "Polygon", "coordinates": [[[9.0322, 34.40874], [9.02859, 34.42022], [9.00896, 34.4371], [9.00363, 34.45688], [8.98522, 34.486], [8.97031, 34.49859], [9.00716, 34.55382], [9.01715, 34.57546], [9.05403, 34.60811], [9.05289, 34.62447], [9.09511, 34.61239], [9.09925, 34.62456], [9.11105, 34.63265], [9.10518, 34.63506], [9.10597, 34.64076], [9.11749, 34.65699], [9.11512, 34.66068], [9.11999, 34.66892], [9.15375, 34.70578], [9.19055, 34.69297], [9.19618, 34.70611], [9.2278, 34.70833], [9.2632, 34.68384], [9.26937, 34.6756], [9.26828, 34.67066], [9.28191, 34.66024], [9.27174, 34.64546], [9.27201, 34.63421], [9.27759, 34.62472], [9.2548, 34.57867], [9.27029, 34.5684], [9.29306, 34.58039], [9.29649, 34.56627], [9.31286, 34.56529], [9.30608, 34.55768], [9.31424, 34.55227], [9.34782, 34.56748], [9.35023, 34.56295], [9.34366, 34.55913], [9.33469, 34.54315], [9.33364, 34.53544], [9.33807, 34.52941], [9.31256, 34.50791], [9.31016, 34.50158], [9.32365, 34.4992], [9.31715, 34.48951], [9.3207, 34.47255], [9.31742, 34.46557], [9.30086, 34.45546], [9.27531, 34.45563], [9.25351, 34.42918], [9.23566, 34.42394], [9.22014, 34.40772], [9.20561, 34.40012], [9.20029, 34.40272], [9.18723, 34.39626], [9.13756, 34.39393], [9.09235, 34.37956], [9.05531, 34.3812], [9.0322, 34.40874]]]}}, {"type": "Feature", "properties": {"shapeID": "11933810B45442684753250", "shapeName": "\u0627\u0644\u062a\u062d\u0631\u064a\u0631"}, "geometry": {"type": "Polygon", "coordinates": [[[10.12147, 36.83658], [10.12308, 36.83081], [10.13821, 36.82164], [10.12545, 36.81764], [10.11755, 36.83595], [10.12147, 36.83658]]]}}, {"type": "Feature", "properties": {"shapeID": "11933810B21943551709100", "shapeName": "\u062c\u0644\u0645\u0629"}, "geometry": {"type": "Polygon", "coordinates": [[[9.20888, 35.39176], [9.23188, 35.4124], [9.29718, 35.4562], [9.32621, 35.46801], [9.33089, 35.47552], [9.36373, 35.4793], [9.39527, 35.49525], [9.40707, 35.49549], [9.41294, 35.48881], [9.4454, 35.48448], [9.46407, 35.49309], [9.46617, 35.47715], [9.49034, 35.46347], [9.49115, 35.45867], [9.48501, 35.44939], [9.48911, 35.44053], [9.4883, 35.42939], [9.49041, 35.42377], [9.50513, 35.4141], [9.50028, 35.41158], [9.5052, 35.40524], [9.48721, 35.39245], [9.47444, 35.38843], [9.45914, 35.36355], [9.52708, 35.3443], [9.53038, 35.33693], [9.52728, 35.33328], [9.53661, 35.3222], [9.53227, 35.31769], [9.54961, 35.28116], [9.56616, 35.26972], [9.56128, 35.26804], [9.55779, 35.25964], [9.52396, 35.25343], [9.49739, 35.23451], [9.49052, 35.22415], [9.487, 35.19808], [9.47485, 35.17116], [9.43974, 35.16396], [9.41734, 35.17253], [9.42299, 35.18493], [9.41219, 35.1863], [9.39902, 35.18442], [9.39543, 35.16331], [9.3853, 35.16393], [9.36973, 35.16871], [9.38197, 35.2235], [9.37108, 35.22789], [9.36339, 35.2381], [9.3554, 35.2377], [9.35345, 35.24378], [9.34428, 35.24219], [9.33996, 35.24876], [9.32999, 35.24661], [9.32224, 35.24989], [9.31922, 35.25753], [9.31394, 35.26019], [9.31364, 35.26974], [9.30561, 35.27446], [9.29635, 35.29256], [9.27475, 35.30543], [9.25691, 35.33266], [9.24823, 35.33579], [9.23852, 35.35328], [9.21091, 35.36126], [9.19785, 35.37394], [9.20888, 35.39176]]]}}, {"type": "Feature", "properties": {"shapeID": "11933810B27074780106305", "shapeName": "\u0627\u0644\u0632\u0647\u0648\u0631"}, "geometry": {"type": "Polygon", "coordinates": [[[10.13682, 36.80177], [10.15515, 36.79893], [10.14858, 36.7977], [10.14818, 36.79225], [10.13079, 36.78632], [10.12261, 36.79497], [10.13682, 36.80177]]]}}, {"type": "Feature", "properties": {"shapeID": "11933810B6714146070039", "shapeName": "\u062d\u064a\u062f\u0631\u0629"}, "geometry": {"type": "Polygon", "coordinates": [[[8.60546, 35.63869], [8.60193, 35.62671], [8.59277, 35.62363], [8.58959, 35.61853], [8.60017, 35.60752], [8.59788, 35.59804], [8.55791, 35.6047], [8.55372, 35.59158], [8.57104, 35.54934], [8.56414, 35.50877], [8.59295, 35.50197], [8.6289, 35.48589], [8.62652, 35.48178], [8.64173, 35.47558], [8.6457, 35.44086], [8.63314, 35.4273], [8.61724, 35.41919], [8.61445, 35.41237], [8.60188, 35.40724], [8.59513, 35.40727], [8.57819, 35.42359], [8.57056, 35.41811], [8.54442, 35.41693], [8.54623, 35.42327], [8.51516, 35.41983], [8.51467, 35.41677], [8.49304, 35.4087], [8.48405, 35.41678], [8.47528, 35.44562], [8.48013, 35.46406], [8.47312, 35.48634], [8.45976, 35.47941], [8.44468, 35.47817], [8.446, 35.47339], [8.43069, 35.47241], [8.40818, 35.46388], [8.3844, 35.46676], [8.38536, 35.48742], [8.37344, 35.49518], [8.35997, 35.52574], [8.36318, 35.53437], [8.35335, 35.58213], [8.35093, 35.61145], [8.35396, 35.61661], [8.37046, 35.61963], [8.38934, 35.61594], [8.38626, 35.63531], [8.40113, 35.64009], [8.41514, 35.65457], [8.41735, 35.66426], [8.45632, 35.67251], [8.54359, 35.66738], [8.548, 35.66575], [8.54346, 35.65726], [8.56835, 35.63737], [8.58727, 35.64621], [8.60546, 35.63869]]]}}, {"type": "Feature", "properties": {"shapeID": "11933810B18230049002493", "shapeName": "\u0627\u0644\u0645\u062f\u064a\u0646\u0629"}, "geometry": {"type": "Polygon", "coordinates": [[[10.16836, 36.80531], [10.17515, 36.80225], [10.1768, 36.79301], [10.16304, 36.79348], [10.16111, 36.80025], [10.16836, 36.80531]]]}}, {"type": "Feature", "properties": {"shapeID": "11933810B70158392681362", "shapeName": "\u0627\u0644\u0646\u0641\u064a\u0636\u0629"}, "geometry": {"type": "Polygon", "coordinates": [[[10.27933, 36.23429], [10.27929, 36.21778], [10.2947, 36.2199], [10.30102, 36.21208], [10.31427, 36.21606], [10.32114, 36.19598], [10.3185, 36.19144], [10.32563, 36.18662], [10.32479, 36.18335], [10.33311, 36.17895], [10.33523, 36.17297], [10.34507, 36.17109], [10.34323, 36.16748], [10.34835, 36.16352], [10.35796, 36.1655], [10.36325, 36.15763], [10.37506, 36.15856], [10.37331, 36.18544], [10.38484, 36.19074], [10.40035, 36.18901], [10.40466, 36.18235], [10.40932, 36.18438], [10.46724, 36.17038], [10.46761, 36.12656], [10.47365, 36.08855], [10.45257, 36.08563], [10.45201, 36.07102], [10.44587, 36.06988], [10.44858, 36.06499], [10.44261, 36.06211], [10.3815, 36.06454], [10.38236, 36.05902], [10.37811, 36.05418], [10.37019, 36.05567], [10.3662, 36.03026], [10.35848, 36.02842], [10.36569, 36.02481], [10.37075, 36.01196], [10.32091, 36.01949], [10.31681, 36.00121], [10.25569, 36.00573], [10.25553, 36.03565], [10.22173, 36.05498], [10.20374, 36.05655], [10.20446, 36.06545], [10.20972, 36.06624], [10.207, 36.06807], [10.21012, 36.07935], [10.21648, 36.08609], [10.20673, 36.08879], [10.21025, 36.09572], [10.20187, 36.10542], [10.20276, 36.13271], [10.20654, 36.13548], [10.18185, 36.13791], [10.18139, 36.15058], [10.18411, 36.15792], [10.19976, 36.15664], [10.23368, 36.1658], [10.23957, 36.15634], [10.24425, 36.15627], [10.25518, 36.15852], [10.26419, 36.16599], [10.26622, 36.17681], [10.25506, 36.19779], [10.26592, 36.21377], [10.25371, 36.22283], [10.27933, 36.23429]]]}}, {"type": "Feature", "properties": {"shapeID": "11933810B78138707020335", "shapeName": "\u0628\u0627\u0628 \u0633\u0648\u064a\u0642\u0629"}, "geometry": {"type": "Polygon", "coordinates": [[[10.14872, 36.80917], [10.1745, 36.81269], [10.17515, 36.80225], [10.16836, 36.80531], [10.15515, 36.79893], [10.14872, 36.80917]]]}}, {"type": "Feature", "properties": {"shapeID": "11933810B79340019170790", "shapeName": "\u0628\u0646\u0632\u0631\u062a \u0627\u0644\u0634\u0645\u0627\u0644\u064a\u0629"}, "geometry": {"type": "MultiPolygon", "coordinates": [[[[9.85723, 37.26876], [9.85524, 37.2784], [9.835, 37.27956], [9.83672, 37.28562], [9.81968, 37.29273], [9.80177, 37.29189], [9.79945, 37.29828], [9.76814, 37.30276], [9.75793, 37.32113], [9.77036, 37.33162], [9.79811, 37.3272], [9.82288, 37.33635], [9.83538, 37.33515], [9.83705, 37.33866], [9.8429, 37.3331], [9.86319, 37.33431], [9.86956, 37.31735], [9.86809, 37.30375], [9.87596, 37.2874], [9.89078, 37.27835], [9.88514, 37.27866], [9.88374, 37.27527], [9.8847, 37.27836], [9.87914, 37.27907], [9.87603, 37.27858], [9.87435, 37.27717], [9.87533, 37.2756], [9.87842, 37.27857], [9.88032, 37.27312], [9.88144, 37.27805], [9.88305, 37.27488], [9.88094, 37.27236], [9.86705, 37.2648], [9.85372, 37.26357], [9.85723, 37.26876]]], [[[8.91152, 37.53004], [8.93599, 37.53239], [8.94137, 37.54203], [8.94766, 37.54072], [8.94847, 37.53561], [8.95865, 37.52722], [8.95113, 37.51642], [8.93826, 37.52425], [8.91223, 37.51369], [8.90351, 37.51447], [8.89859, 37.51906], [8.91152, 37.53004]]]]}}, {"type": "Feature", "properties": {"shapeID": "11933810B49530197885075", "shapeName": "\u0627\u0644\u0632\u0631\u064a\u0628\u0629"}, "geometry": {"type": "Polygon", "coordinates": [[[10.31427, 36.21606], [10.30102, 36.21208], [10.2947, 36.2199], [10.27929, 36.21778], [10.27933, 36.23429], [10.26353, 36.22816], [10.25838, 36.23128], [10.25203, 36.2446], [10.21606, 36.26718], [10.19752, 36.29085], [10.18632, 36.28732], [10.18958, 36.28241], [10.18855, 36.27085], [10.16332, 36.28081], [10.14439, 36.28362], [10.12766, 36.29427], [10.12096, 36.29437], [10.10341, 36.28206], [10.11817, 36.26729], [10.11487, 36.254], [10.11564, 36.2422], [10.11933, 36.24115], [10.09232, 36.24402], [10.09137, 36.25813], [10.06371, 36.26452], [10.06515, 36.2708], [10.05674, 36.29076], [10.05839, 36.30518], [10.10599, 36.34159], [10.11736, 36.35336], [10.11777, 36.35825], [10.16675, 36.39094], [10.18524, 36.38141], [10.18995, 36.3729], [10.18731, 36.36667], [10.19029, 36.36545], [10.22626, 36.38628], [10.23403, 36.38724], [10.23801, 36.40104], [10.2539, 36.40079], [10.25445, 36.39354], [10.26974, 36.37362], [10.29017, 36.37147], [10.30296, 36.36312], [10.31609, 36.36518], [10.32512, 36.35941], [10.34985, 36.35405], [10.34916, 36.34189], [10.3669, 36.32909], [10.3719, 36.32065], [10.37856, 36.3207], [10.38151, 36.30736], [10.39031, 36.30551], [10.37293, 36.28006], [10.36273, 36.28386], [10.35698, 36.28166], [10.36196, 36.27215], [10.38923, 36.26405], [10.38074, 36.25621], [10.37788, 36.23578], [10.36822, 36.23645], [10.3668, 36.23098], [10.36279, 36.23016], [10.35472, 36.23609], [10.34466, 36.23606], [10.33782, 36.22581], [10.32178, 36.22209], [10.31502, 36.21312], [10.31427, 36.21606]]]}}, {"type": "Feature", "properties": {"shapeID": "11933810B5079624698745", "shapeName": "\u0645\u062f\u0646\u064a\u0646 \u0627\u0627\u0644\u062c\u0646\u0648\u0628\u064a\u0629"}, "geometry": {"type": "Polygon", "coordinates": [[[10.52638, 33.39806], [10.62121, 33.47265], [10.64, 33.49313], [10.61428, 33.5103], [10.58575, 33.52296], [10.62717, 33.57017], [10.62929, 33.57931], [10.65261, 33.6012], [10.67212, 33.60581], [10.70062, 33.62129], [10.69849, 33.62529], [10.71565, 33.63993], [10.72239, 33.63559], [10.7308, 33.63834], [10.73645, 33.61145], [10.73366, 33.59911], [10.72608, 33.59497], [10.72065, 33.5755], [10.71308, 33.57511], [10.68778, 33.55792], [10.6816, 33.5432], [10.68931, 33.53986], [10.68162, 33.54084], [10.68065, 33.53426], [10.69333, 33.52899], [10.70254, 33.51943], [10.69626, 33.49887], [10.69954, 33.49125], [10.72765, 33.48976], [10.74178, 33.47963], [10.74107, 33.47496], [10.74852, 33.47247], [10.76667, 33.47475], [10.76763, 33.45567], [10.7576, 33.44551], [10.75932, 33.427], [10.75072, 33.41137], [10.75001, 33.40038], [10.76634, 33.38281], [10.77468, 33.38229], [10.76772, 33.36676], [10.7543, 33.35466], [10.75271, 33.33936], [10.74099, 33.32811], [10.7325, 33.2815], [10.71342, 33.2649], [10.70692, 33.26602], [10.68058, 33.25732], [10.65507, 33.25617], [10.64738, 33.2327], [10.63764, 33.2287], [10.63865, 33.22411], [10.63256, 33.21521], [10.61659, 33.20855], [10.61391, 33.20371], [10.49057, 33.21471], [10.49084, 33.23475], [10.4678, 33.2177], [10.44568, 33.2071], [10.48324, 33.31811], [10.48595, 33.33688], [10.5098, 33.36661], [10.52638, 33.39806]]]}}, {"type": "Feature", "properties": {"shapeID": "11933810B55082969984596", "shapeName": "\u0627\u0644\u0633\u0648\u0627\u0633\u064a"}, "geometry": {"type": "Polygon", "coordinates": [[[10.6474, 35.34445], [10.64177, 35.34445], [10.63545, 35.35187], [10.63312, 35.34049], [10.61974, 35.34433], [10.61633, 35.32299], [10.63045, 35.31649], [10.62532, 35.31789], [10.61655, 35.31294], [10.61046, 35.29519], [10.60326, 35.29033], [10.5967, 35.29663], [10.58184, 35.28154], [10.59424, 35.24197], [10.56202, 35.22806], [10.54765, 35.23685], [10.53188, 35.23574], [10.52364, 35.24638], [10.50357, 35.26096], [10.47947, 35.26079], [10.4745, 35.26911], [10.47852, 35.27361], [10.46844, 35.28208], [10.47638, 35.28832], [10.47399, 35.29401], [10.47978, 35.30081], [10.46469, 35.3093], [10.48214, 35.31783], [10.48276, 35.32843], [10.47655, 35.34059], [10.42695, 35.31063], [10.43727, 35.303], [10.42947, 35.3012], [10.43805, 35.28944], [10.4238, 35.28156], [10.41408, 35.29171], [10.41844, 35.29814], [10.40421, 35.2981], [10.41026, 35.3026], [10.39289, 35.3143], [10.38885, 35.32462], [10.38158, 35.32718], [10.38716, 35.34108], [10.37127, 35.34497], [10.3768, 35.36456], [10.38638, 35.36542], [10.39128, 35.37404], [10.41044, 35.369], [10.41276, 35.3718], [10.40387, 35.38614], [10.3979, 35.38867], [10.42657, 35.41823], [10.42164, 35.4266], [10.41568, 35.42729], [10.41419, 35.4387], [10.42331, 35.4516], [10.43492, 35.45354], [10.44059, 35.44945], [10.45916, 35.45139], [10.46503, 35.44172], [10.46031, 35.43655], [10.46223, 35.43391], [10.47421, 35.43338], [10.47693, 35.43915], [10.48532, 35.43389], [10.4762, 35.43062], [10.4764, 35.42415], [10.49161, 35.40871], [10.50285, 35.40546], [10.51088, 35.40766], [10.523, 35.40448], [10.52646, 35.39974], [10.53064, 35.39934], [10.52875, 35.40523], [10.54287, 35.40903], [10.56092, 35.39608], [10.56628, 35.39809], [10.56759, 35.41951], [10.58501, 35.41374], [10.58899, 35.43017], [10.59843, 35.41953], [10.61981, 35.4148], [10.61916, 35.39323], [10.6273, 35.39778], [10.6346, 35.38491], [10.65667, 35.38358], [10.66622, 35.37523], [10.67213, 35.3573], [10.6474, 35.34445]]]}}, {"type": "Feature", "properties": {"shapeID": "11933810B3203162636288", "shapeName": "\u0641\u0648\u0634\u0627\u0646\u0629"}, "geometry": {"type": "Polygon", "coordinates": [[[10.16721, 36.73145], [10.17023, 36.72559], [10.17656, 36.72383], [10.17629, 36.71996], [10.19795, 36.7224], [10.20485, 36.693], [10.24911, 36.71094], [10.25047, 36.70508], [10.24426, 36.69347], [10.23708, 36.68447], [10.23164, 36.6833], [10.23818, 36.6737], [10.22442, 36.65825], [10.21457, 36.65287], [10.19242, 36.65231], [10.18602, 36.65792], [10.2135, 36.67767], [10.21013, 36.68752], [10.2038, 36.68942], [10.20275, 36.68448], [10.19597, 36.68665], [10.17776, 36.67782], [10.16292, 36.68555], [10.15365, 36.69718], [10.14674, 36.69769], [10.15154, 36.706], [10.14713, 36.70867], [10.15133, 36.71176], [10.13104, 36.72538], [10.14435, 36.73585], [10.16721, 36.73145]]]}}, {"type": "Feature", "properties": {"shapeID": "11933810B75310279086219", "shapeName": "\u0645\u062c\u0627\u0632 \u0627\u0644\u0628\u0627\u0628"}, "geometry": {"type": "Polygon", "coordinates": [[[9.43254, 36.74551], [9.44866, 36.75964], [9.47552, 36.76674], [9.48685, 36.77605], [9.51642, 36.78723], [9.51691, 36.80099], [9.52822, 36.8174], [9.54839, 36.82789], [9.56019, 36.84125], [9.56697, 36.84341], [9.57126, 36.82731], [9.5981, 36.79591], [9.59995, 36.78943], [9.63811, 36.7618], [9.64691, 36.75774], [9.68133, 36.75432], [9.69646, 36.74485], [9.70815, 36.74371], [9.71379, 36.73326], [9.73792, 36.72255], [9.7366, 36.71481], [9.74179, 36.71212], [9.76227, 36.73094], [9.77491, 36.72963], [9.76849, 36.7216], [9.78801, 36.71005], [9.77571, 36.6855], [9.79875, 36.66534], [9.79674, 36.65273], [9.78541, 36.64658], [9.79694, 36.63511], [9.80724, 36.64151], [9.77581, 36.61795], [9.75815, 36.61235], [9.73897, 36.62384], [9.71194, 36.63266], [9.70281, 36.64069], [9.68946, 36.64149], [9.68898, 36.64663], [9.68095, 36.63645], [9.67119, 36.63799], [9.67163, 36.62653], [9.65315, 36.61319], [9.66449, 36.60164], [9.64769, 36.59464], [9.62794, 36.57675], [9.57439, 36.59022], [9.57286, 36.59854], [9.54823, 36.61053], [9.5435, 36.63537], [9.5308, 36.65579], [9.50535, 36.66027], [9.48942, 36.71995], [9.48145, 36.73227], [9.47136, 36.7258], [9.44374, 36.73331], [9.42737, 36.73292], [9.43254, 36.74551]]]}}, {"type": "Feature", "properties": {"shapeID": "11933810B2824472069390", "shapeName": "\u0645\u0631\u0646\u0627\u0642"}, "geometry": {"type": "Polygon", "coordinates": [[[10.21457, 36.65287], [10.22442, 36.65825], [10.23818, 36.6737], [10.23164, 36.6833], [10.24087, 36.68848], [10.25047, 36.70508], [10.24732, 36.72179], [10.25324, 36.72501], [10.26418, 36.71479], [10.27317, 36.71604], [10.28271, 36.71189], [10.29021, 36.69006], [10.33546, 36.70523], [10.36292, 36.69537], [10.36233, 36.67667], [10.3683, 36.6565], [10.36116, 36.64693], [10.37305, 36.63917], [10.36681, 36.63585], [10.3743, 36.62837], [10.3744, 36.62271], [10.37205, 36.61492], [10.34378, 36.5915], [10.3323, 36.57696], [10.33722, 36.57423], [10.3627, 36.58252], [10.38042, 36.56186], [10.37746, 36.55938], [10.37874, 36.54399], [10.36049, 36.54086], [10.34809, 36.53393], [10.35457, 36.51597], [10.34425, 36.51348], [10.34, 36.49806], [10.34767, 36.48785], [10.29015, 36.46483], [10.28015, 36.45543], [10.27967, 36.44671], [10.26922, 36.4551], [10.25325, 36.4511], [10.24997, 36.46074], [10.25229, 36.47048], [10.27082, 36.50341], [10.25602, 36.50798], [10.25113, 36.50524], [10.19881, 36.51237], [10.19285, 36.51914], [10.16512, 36.5326], [10.16419, 36.54748], [10.15242, 36.54721], [10.15559, 36.55211], [10.15108, 36.56957], [10.14526, 36.56659], [10.14533, 36.60173], [10.1399, 36.6008], [10.12649, 36.62732], [10.13004, 36.64034], [10.1623, 36.64048], [10.17347, 36.65084], [10.21457, 36.65287]]]}}, {"type": "Feature", "properties": {"shapeID": "11933810B89916598335200", "shapeName": "\u0627\u0644\u0645\u0631\u0633\u0649"}, "geometry": {"type": "Polygon", "coordinates": [[[10.31582, 36.86457], [10.31593, 36.85719], [10.27148, 36.87504], [10.28049, 36.88518], [10.27656, 36.89076], [10.28283, 36.89376], [10.28489, 36.90131], [10.27582, 36.90426], [10.27755, 36.90628], [10.26937, 36.9176], [10.25585, 36.92816], [10.2498, 36.93997], [10.25216, 36.94316], [10.2883, 36.92426], [10.29887, 36.92048], [10.3094, 36.92222], [10.3121, 36.92055], [10.30854, 36.92203], [10.30674, 36.92034], [10.31199, 36.91669], [10.31727, 36.91759], [10.32055, 36.91128], [10.31671, 36.90208], [10.32209, 36.89321], [10.34315, 36.87984], [10.31582, 36.86457]]]}}, {"type": "Feature", "properties": {"shapeID": "11933810B30611491582390", "shapeName": "\u0627\u0644\u0645\u0637\u0648\u064a\u0629"}, "geometry": {"type": "Polygon", "coordinates": [[[10.00405, 33.92743], [9.96926, 33.91971], [9.96615, 33.93576], [9.93618, 33.9138], [9.91093, 33.91195], [9.9137, 33.91617], [9.91267, 33.93997], [9.90352, 33.95513], [9.90764, 33.9966], [9.89147, 33.9943], [9.87494, 33.99797], [9.86454, 34.00984], [9.85693, 34.01267], [9.79097, 34.01682], [9.79387, 34.02579], [9.85131, 34.05212], [9.85384, 34.04999], [9.86932, 34.06034], [9.8715, 34.06716], [9.87688, 34.06737], [9.88132, 34.07496], [9.88002, 34.08115], [9.88318, 34.0809], [9.88209, 34.09236], [9.87298, 34.0989], [9.88193, 34.11154], [9.91008, 34.1092], [9.90546, 34.12291], [9.90976, 34.13472], [9.90992, 34.15933], [9.91702, 34.16374], [9.91456, 34.17115], [9.92376, 34.18142], [9.91756, 34.18574], [9.92218, 34.18957], [9.92203, 34.19656], [9.9343, 34.2062], [9.94913, 34.2055], [9.96592, 34.21114], [9.98245, 34.19701], [10.00114, 34.18824], [10.01101, 34.19323], [10.01831, 34.18728], [10.01553, 34.16853], [10.02645, 34.15148], [10.02314, 34.11989], [10.01975, 34.1189], [10.02463, 34.1162], [10.02228, 34.11162], [10.02727, 34.09159], [10.02521, 34.08698], [10.0371, 34.03573], [10.05669, 33.98087], [10.04836, 33.98213], [10.04306, 33.97825], [10.04651, 33.96265], [10.02628, 33.94082], [10.00405, 33.92743]]]}}, {"type": "Feature", "properties": {"shapeID": "11933810B38388231155929", "shapeName": "\u0627\u0644\u0645\u0636\u064a\u0644\u0629"}, "geometry": {"type": "Polygon", "coordinates": [[[8.7537, 34.32537], [8.76224, 34.32209], [8.8055, 34.32496], [8.84586, 34.34123], [8.8467, 34.3208], [8.83166, 34.28839], [8.77738, 34.27253], [8.78154, 34.26551], [8.79645, 34.25671], [8.80264, 34.24008], [8.79002, 34.19352], [8.77102, 34.15595], [8.79253, 34.16645], [8.80114, 34.1667], [8.8028, 34.17052], [8.80653, 34.16838], [8.80937, 34.18115], [8.81876, 34.18313], [8.81373, 34.18461], [8.81586, 34.1869], [8.82998, 34.1887], [8.82384, 34.19252], [8.85001, 34.20406], [8.86408, 34.20617], [8.86857, 34.19968], [8.8676, 34.19442], [8.8757, 34.1858], [8.87631, 34.1728], [8.88518, 34.16768], [8.87106, 34.15444], [8.8744, 34.13051], [8.86551, 34.12109], [8.85545, 34.1206], [8.85442, 34.09984], [8.84438, 34.09498], [8.80044, 34.09178], [8.76112, 34.09676], [8.73832, 34.09286], [8.72533, 34.09498], [8.69581, 34.08624], [8.67967, 34.08887], [8.66079, 34.08262], [8.65366, 34.07872], [8.64766, 34.06077], [8.64039, 34.06099], [8.63218, 34.06742], [8.5924, 34.06385], [8.58863, 34.09343], [8.59435, 34.13036], [8.58647, 34.1556], [8.59298, 34.16107], [8.60301, 34.20219], [8.5906, 34.1956], [8.54544, 34.19812], [8.53313, 34.22298], [8.52048, 34.22494], [8.50957, 34.23797], [8.51609, 34.23843], [8.53751, 34.25509], [8.54475, 34.26871], [8.54236, 34.2753], [8.54797, 34.28092], [8.54773, 34.28746], [8.58707, 34.31289], [8.61546, 34.32167], [8.6333, 34.32094], [8.63666, 34.31617], [8.65538, 34.31434], [8.68965, 34.32457], [8.69946, 34.31982], [8.7537, 34.32537]]]}}, {"type": "Feature", "properties": {"shapeID": "11933810B11969920480260", "shapeName": "\u0627\u0644\u0642\u0637\u0627\u0631"}, "geometry": {"type": "Polygon", "coordinates": [[[8.87452, 34.34349], [8.90597, 34.36957], [8.98065, 34.39831], [9.00042, 34.39977], [9.04085, 34.38233], [9.06734, 34.37845], [9.09235, 34.37956], [9.13756, 34.39393], [9.18723, 34.39626], [9.20029, 34.40272], [9.20561, 34.40012], [9.22014, 34.40772], [9.24369, 34.42875], [9.25767, 34.42584], [9.27647, 34.38071], [9.29499, 34.37238], [9.30676, 34.37495], [9.30989, 34.37232], [9.30131, 34.36243], [9.30252, 34.34883], [9.30815, 34.34648], [9.30898, 34.34152], [9.28023, 34.3247], [9.27225, 34.32163], [9.20234, 34.33407], [9.16919, 34.31757], [9.15173, 34.28712], [9.15703, 34.25179], [9.17084, 34.22305], [9.14706, 34.23746], [9.16069, 34.16536], [9.14799, 34.16792], [9.12816, 34.16525], [9.08817, 34.15093], [9.07688, 34.14251], [9.04408, 34.12878], [9.01684, 34.12214], [8.95706, 34.11579], [8.91236, 34.12207], [8.86551, 34.12109], [8.8744, 34.13051], [8.87106, 34.15444], [8.88518, 34.16768], [8.87631, 34.1728], [8.8757, 34.1858], [8.8676, 34.19442], [8.86857, 34.19968], [8.86408, 34.20617], [8.85001, 34.20406], [8.82384, 34.19252], [8.82998, 34.1887], [8.81586, 34.1869], [8.81373, 34.18461], [8.81876, 34.18313], [8.80937, 34.18115], [8.80653, 34.16838], [8.8028, 34.17052], [8.80114, 34.1667], [8.79253, 34.16645], [8.77102, 34.15595], [8.79002, 34.19352], [8.80264, 34.24008], [8.79645, 34.25671], [8.78154, 34.26551], [8.77738, 34.27253], [8.83166, 34.28839], [8.8467, 34.3208], [8.84586, 34.34123], [8.87452, 34.34349]]]}}, {"type": "Feature", "properties": {"shapeID": "11933810B88432623246130", "shapeName": "\u0642\u0628\u0644\u064a \u0627\u0644\u0634\u0645\u0627\u0644\u064a\u0629"}, "geometry": {"type": "Polygon", "coordinates": [[[9.14799, 34.16792], [9.15666, 34.16408], [9.22354, 34.17183], [9.24739, 34.18543], [9.27558, 34.14129], [9.30431, 34.13258], [9.30752, 34.12484], [9.35078, 34.11313], [9.32754, 34.10655], [9.32573, 34.09766], [9.31831, 34.09127], [9.3015, 34.09196], [9.29205, 34.08746], [9.28482, 34.0789], [9.27204, 34.07324], [9.27602, 34.06582], [9.26248, 34.05902], [9.26256, 34.0532], [9.25282, 34.03844], [9.24809, 33.92923], [9.27221, 33.87042], [9.33385, 33.77285], [9.33959, 33.73611], [9.35091, 33.71065], [9.37059, 33.70242], [9.39707, 33.69925], [9.389, 33.6989], [9.39941, 33.68416], [9.40095, 33.67063], [9.39727, 33.66258], [9.36713, 33.64526], [9.3173, 33.6544], [9.26863, 33.65605], [9.2664, 33.66008], [9.17671, 33.68216], [9.13806, 33.70954], [9.11355, 33.69663], [9.07586, 33.63667], [8.99852, 33.60023], [8.99411, 33.60544], [8.98561, 33.60415], [8.98346, 33.60837], [8.97153, 33.61252], [8.95184, 33.64049], [8.93807, 33.65268], [8.95001, 33.66661], [8.95198, 33.68511], [8.96043, 33.69684], [8.95159, 33.70754], [8.91904, 33.71438], [8.90438, 33.69401], [8.88271, 33.69734], [8.86645, 33.67832], [8.87335, 33.66476], [8.86643, 33.64842], [8.84294, 33.64494], [8.69955, 33.68826], [8.69234, 33.69611], [8.68462, 33.6954], [8.73718, 33.7465], [8.77477, 33.73887], [8.80988, 33.73872], [8.80037, 33.75722], [8.8489, 33.7483], [8.85325, 33.75273], [8.84948, 33.7586], [8.85067, 33.76989], [8.84592, 33.77028], [8.84942, 33.77531], [8.8593, 33.77294], [8.85934, 33.77633], [8.84658, 33.78368], [8.85046, 33.79736], [8.86173, 33.81476], [8.91813, 33.86152], [9.02593, 34.00695], [9.03653, 34.00763], [9.09862, 34.04984], [9.09392, 34.07084], [9.0997, 34.08348], [9.1033, 34.08398], [9.10573, 34.10371], [9.11195, 34.10548], [9.1172, 34.1193], [9.12594, 34.12732], [9.13044, 34.14591], [9.13594, 34.15173], [9.1354, 34.1657], [9.14799, 34.16792]]]}}, {"type": "Feature", "properties": {"shapeID": "11933810B29604582719412", "shapeName": "\u0628\u0627\u062c\u0629 \u0627\u0644\u062c\u0646\u0648\u0628\u064a\u0629"}, "geometry": {"type": "Polygon", "coordinates": [[[9.03258, 36.65872], [9.04435, 36.6633], [9.04821, 36.67026], [9.06662, 36.67467], [9.07229, 36.6832], [9.07676, 36.68137], [9.09222, 36.69155], [9.13857, 36.70915], [9.16376, 36.72604], [9.17154, 36.72639], [9.17019, 36.72068], [9.17609, 36.71517], [9.18829, 36.72686], [9.22071, 36.73654], [9.26072, 36.73141], [9.27051, 36.72061], [9.29971, 36.70426], [9.32231, 36.70096], [9.33643, 36.70673], [9.34866, 36.69453], [9.33047, 36.68141], [9.32315, 36.66663], [9.32955, 36.65511], [9.32281, 36.63905], [9.30644, 36.63552], [9.30766, 36.63055], [9.29846, 36.62677], [9.29807, 36.61729], [9.28979, 36.62771], [9.27614, 36.61886], [9.26582, 36.62539], [9.25996, 36.6169], [9.26433, 36.61418], [9.25505, 36.60732], [9.25028, 36.59421], [9.23215, 36.58147], [9.2283, 36.56659], [9.20785, 36.5507], [9.20005, 36.53908], [9.1804, 36.53683], [9.16947, 36.53637], [9.15852, 36.54199], [9.12903, 36.53773], [9.1233, 36.54265], [9.11788, 36.5606], [9.10438, 36.56961], [9.09671, 36.59802], [9.09249, 36.59289], [9.08467, 36.60117], [9.0689, 36.59982], [9.06135, 36.60628], [9.06283, 36.61099], [9.05461, 36.61648], [9.04257, 36.63954], [9.03107, 36.64364], [9.02043, 36.65924], [9.03258, 36.65872]]]}}, {"type": "Feature", "properties": {"shapeID": "11933810B6535547360334", "shapeName": "\u0627\u0644\u0642\u0635\u0631\u064a\u0646 \u0627\u0644\u0634\u0645\u0627\u0644\u064a\u0629"}, "geometry": {"type": "Polygon", "coordinates": [[[8.72269, 35.24583], [8.72053, 35.25525], [8.73148, 35.26005], [8.74254, 35.25977], [8.72777, 35.26999], [8.73091, 35.27746], [8.75099, 35.28181], [8.75813, 35.25892], [8.75867, 35.24803], [8.75449, 35.24536], [8.75946, 35.2383], [8.76283, 35.24184], [8.79376, 35.22869], [8.79487, 35.23188], [8.8149, 35.23019], [8.82196, 35.22165], [8.82703, 35.22184], [8.83573, 35.21303], [8.8417, 35.21311], [8.85035, 35.20284], [8.86488, 35.20381], [8.86639, 35.20705], [8.87672, 35.19904], [8.87254, 35.19157], [8.86038, 35.18402], [8.86344, 35.16737], [8.84646, 35.14985], [8.83819, 35.16028], [8.83684, 35.16845], [8.81309, 35.16415], [8.81457, 35.16013], [8.80379, 35.15796], [8.80097, 35.16356], [8.79302, 35.16005], [8.77855, 35.16478], [8.75241, 35.19957], [8.72798, 35.19158], [8.71841, 35.19973], [8.71574, 35.21057], [8.70043, 35.2201], [8.72269, 35.24583]]]}}, {"type": "Feature", "properties": {"shapeID": "11933810B95103152566623", "shapeName": "\u0628\u0627\u0631\u062f\u0648"}, "geometry": {"type": "Polygon", "coordinates": [[[10.12545, 36.81764], [10.13821, 36.82164], [10.15551, 36.80935], [10.14872, 36.80917], [10.15156, 36.80117], [10.13682, 36.80177], [10.11921, 36.79305], [10.11464, 36.83015], [10.11793, 36.83402], [10.12545, 36.81764]]]}}, {"type": "Feature", "properties": {"shapeID": "11933810B5544515796376", "shapeName": "\u0627\u0644\u0645\u064a\u062f\u0629"}, "geometry": {"type": "Polygon", "coordinates": [[[10.78605, 36.78497], [10.80469, 36.77155], [10.81806, 36.77005], [10.82413, 36.76298], [10.83188, 36.76637], [10.83415, 36.77733], [10.83818, 36.77838], [10.86451, 36.75975], [10.8669, 36.75383], [10.88946, 36.73521], [10.90119, 36.73657], [10.90967, 36.73016], [10.91724, 36.73606], [10.93485, 36.73177], [10.93563, 36.72471], [10.96352, 36.71275], [10.91715, 36.64852], [10.9051, 36.65882], [10.88099, 36.65814], [10.86793, 36.66883], [10.85196, 36.66828], [10.84953, 36.67254], [10.83803, 36.6742], [10.83352, 36.6837], [10.82504, 36.68598], [10.81957, 36.69389], [10.81112, 36.69785], [10.79552, 36.69731], [10.78218, 36.70273], [10.77374, 36.69482], [10.77447, 36.71014], [10.7669, 36.71876], [10.77039, 36.74049], [10.764, 36.74385], [10.76131, 36.75314], [10.74945, 36.75704], [10.73454, 36.77043], [10.74418, 36.77562], [10.75319, 36.78559], [10.75018, 36.78784], [10.7592, 36.79279], [10.78605, 36.78497]]]}}, {"type": "Feature", "properties": {"shapeID": "11933810B20435458440644", "shapeName": "\u062d\u0641\u0648\u0632"}, "geometry": {"type": "Polygon", "coordinates": [[[9.86502, 35.71718], [9.86142, 35.70596], [9.85423, 35.70165], [9.864, 35.69264], [9.86398, 35.67467], [9.86214, 35.66289], [9.84476, 35.65367], [9.84107, 35.6417], [9.82546, 35.63923], [9.81993, 35.63475], [9.82598, 35.62738], [9.83095, 35.5927], [9.79098, 35.58289], [9.76982, 35.58361], [9.75533, 35.57505], [9.75607, 35.56748], [9.76104, 35.56269], [9.76511, 35.56309], [9.79027, 35.53861], [9.80021, 35.5339], [9.81042, 35.51924], [9.80602, 35.51576], [9.8068, 35.51036], [9.81605, 35.50207], [9.81984, 35.49017], [9.79806, 35.47858], [9.7907, 35.48314], [9.77519, 35.46574], [9.73899, 35.46167], [9.7335, 35.45713], [9.72817, 35.44116], [9.70414, 35.45183], [9.7123, 35.46597], [9.70766, 35.46606], [9.70481, 35.47156], [9.70863, 35.47386], [9.70347, 35.47985], [9.6962, 35.47356], [9.69313, 35.4835], [9.68596, 35.49037], [9.67315, 35.48648], [9.65913, 35.50123], [9.6324, 35.50877], [9.62297, 35.52422], [9.60419, 35.51745], [9.61524, 35.50986], [9.6014, 35.47539], [9.58314, 35.47184], [9.58772, 35.48386], [9.58178, 35.50976], [9.57231, 35.51508], [9.57579, 35.5387], [9.58508, 35.55307], [9.60958, 35.56915], [9.60833, 35.57782], [9.63027, 35.58802], [9.62592, 35.60305], [9.61143, 35.60927], [9.64728, 35.61828], [9.63734, 35.62506], [9.63006, 35.63889], [9.59893, 35.63611], [9.57639, 35.64263], [9.57387, 35.63825], [9.56884, 35.64088], [9.55657, 35.63774], [9.54846, 35.64321], [9.5427, 35.65558], [9.56462, 35.66386], [9.55752, 35.68605], [9.55766, 35.70115], [9.57751, 35.7132], [9.58408, 35.7224], [9.59831, 35.72531], [9.59612, 35.74147], [9.60443, 35.74733], [9.62688, 35.79111], [9.64901, 35.78536], [9.65101, 35.77628], [9.64811, 35.76788], [9.63704, 35.75709], [9.65062, 35.74505], [9.65733, 35.75378], [9.66205, 35.74768], [9.65892, 35.73938], [9.66195, 35.73038], [9.67368, 35.73363], [9.67948, 35.71212], [9.72991, 35.72465], [9.76426, 35.72614], [9.77009, 35.7208], [9.78667, 35.72608], [9.79976, 35.73786], [9.81452, 35.73718], [9.82217, 35.74222], [9.83952, 35.74351], [9.86502, 35.71718]]]}}, {"type": "Feature", "properties": {"shapeID": "11933810B76458029989338", "shapeName": "\u0634\u0631\u0628\u0627\u0646"}, "geometry": {"type": "Polygon", "coordinates": [[[10.38716, 35.34108], [10.38158, 35.32718], [10.38885, 35.32462], [10.39289, 35.3143], [10.41026, 35.3026], [10.40421, 35.2981], [10.41844, 35.29814], [10.41408, 35.29171], [10.4238, 35.28156], [10.43805, 35.28944], [10.42947, 35.3012], [10.43727, 35.303], [10.42695, 35.31063], [10.47655, 35.34059], [10.48276, 35.32843], [10.48214, 35.31783], [10.46469, 35.3093], [10.47978, 35.30081], [10.47399, 35.29401], [10.47638, 35.28832], [10.46844, 35.28208], [10.47852, 35.27361], [10.4745, 35.26911], [10.47947, 35.26079], [10.50357, 35.26096], [10.52364, 35.24638], [10.53188, 35.23574], [10.55307, 35.23487], [10.56202, 35.22806], [10.59201, 35.1861], [10.55587, 35.15601], [10.52922, 35.14272], [10.47637, 35.13149], [10.42741, 35.08891], [10.4108, 35.09009], [10.39412, 35.10041], [10.3807, 35.1119], [10.38007, 35.1191], [10.3693, 35.12474], [10.36411, 35.13232], [10.3514, 35.13553], [10.33517, 35.13221], [10.31866, 35.14621], [10.34278, 35.16204], [10.35984, 35.18423], [10.36099, 35.19288], [10.32687, 35.22125], [10.30511, 35.22835], [10.29838, 35.23706], [10.29281, 35.23347], [10.28549, 35.25357], [10.28614, 35.26347], [10.26946, 35.27788], [10.27884, 35.29446], [10.29803, 35.30708], [10.30231, 35.31405], [10.32081, 35.32006], [10.32618, 35.32911], [10.33538, 35.32175], [10.34333, 35.34146], [10.34521, 35.33354], [10.34905, 35.33214], [10.34557, 35.35129], [10.34878, 35.36461], [10.35589, 35.35093], [10.36372, 35.35118], [10.37127, 35.34497], [10.38716, 35.34108]]]}}, {"type": "Feature", "properties": {"shapeID": "11933810B30403367882459", "shapeName": "\u0645\u0643\u062b\u0631"}, "geometry": {"type": "Polygon", "coordinates": [[[9.03138, 35.80815], [9.03837, 35.81672], [9.01656, 35.83799], [9.03115, 35.83579], [9.04224, 35.84147], [9.04542, 35.85143], [9.05115, 35.85268], [9.03561, 35.85009], [9.02553, 35.85251], [9.03109, 35.85761], [9.03053, 35.86432], [9.04186, 35.87223], [9.05544, 35.89693], [9.07902, 35.89418], [9.10071, 35.91265], [9.09828, 35.94587], [9.1126, 35.96239], [9.11607, 35.97728], [9.14343, 35.9886], [9.14627, 35.98383], [9.1458, 35.95701], [9.16241, 35.94242], [9.17065, 35.92917], [9.18375, 35.92457], [9.18687, 35.92985], [9.22302, 35.92983], [9.23777, 35.91577], [9.23402, 35.91189], [9.2449, 35.91248], [9.25067, 35.90338], [9.28257, 35.89555], [9.2895, 35.89001], [9.3001, 35.89207], [9.30971, 35.88596], [9.28918, 35.87315], [9.28112, 35.85887], [9.27849, 35.86064], [9.26626, 35.8506], [9.2754, 35.84203], [9.28832, 35.83943], [9.2957, 35.82786], [9.26938, 35.82282], [9.27931, 35.80372], [9.26598, 35.79382], [9.24486, 35.78729], [9.22706, 35.77356], [9.23459, 35.76782], [9.22315, 35.76534], [9.20449, 35.75148], [9.19332, 35.75386], [9.17993, 35.76848], [9.17796, 35.77691], [9.16809, 35.78589], [9.16483, 35.78401], [9.15792, 35.79418], [9.12818, 35.78923], [9.13088, 35.80507], [9.12183, 35.8185], [9.12895, 35.82073], [9.12515, 35.8362], [9.09419, 35.81882], [9.09103, 35.80182], [9.07979, 35.79336], [9.07674, 35.78314], [9.06668, 35.7818], [9.04338, 35.76497], [9.03138, 35.80815]]]}}, {"type": "Feature", "properties": {"shapeID": "11933810B81248278761241", "shapeName": "\u0628\u0646 \u0639\u0631\u0648\u0633"}, "geometry": {"type": "Polygon", "coordinates": [[[10.21154, 36.75052], [10.2105, 36.75649], [10.22035, 36.75873], [10.22019, 36.76663], [10.24681, 36.75551], [10.23388, 36.74437], [10.22726, 36.74423], [10.23248, 36.73111], [10.22052, 36.73612], [10.20764, 36.74878], [10.21154, 36.75052]]]}}, {"type": "Feature", "properties": {"shapeID": "11933810B81805450499121", "shapeName": "\u0633\u0628\u064a\u0628\u0629"}, "geometry": {"type": "Polygon", "coordinates": [[[9.33089, 35.47552], [9.322, 35.46555], [9.29718, 35.4562], [9.23188, 35.4124], [9.20888, 35.39176], [9.19225, 35.36444], [9.16859, 35.38032], [9.13614, 35.42312], [9.12033, 35.43147], [9.09798, 35.4324], [9.09984, 35.44063], [9.0969, 35.4461], [9.07581, 35.47012], [9.0524, 35.4702], [9.03455, 35.4754], [9.01179, 35.46547], [9.01503, 35.47437], [9.01216, 35.50052], [9.01776, 35.50055], [9.00687, 35.50684], [9.00817, 35.51217], [8.99952, 35.5362], [8.9797, 35.54236], [8.9826, 35.5496], [9.01829, 35.57], [9.06607, 35.5759], [9.09118, 35.5732], [9.088, 35.60511], [9.09482, 35.61495], [9.10159, 35.61755], [9.10141, 35.62414], [9.10528, 35.62666], [9.11472, 35.62754], [9.13199, 35.61019], [9.1507, 35.61941], [9.16684, 35.61203], [9.17449, 35.61698], [9.17061, 35.60549], [9.17829, 35.60491], [9.19244, 35.59433], [9.18381, 35.58496], [9.18593, 35.5784], [9.18145, 35.57419], [9.18108, 35.56266], [9.20513, 35.5558], [9.2143, 35.54277], [9.22536, 35.54213], [9.26799, 35.5535], [9.27408, 35.54567], [9.26914, 35.54088], [9.27025, 35.53233], [9.28143, 35.53075], [9.29348, 35.53477], [9.30161, 35.52305], [9.30821, 35.52094], [9.31038, 35.51352], [9.32231, 35.51086], [9.32259, 35.50108], [9.33019, 35.49251], [9.323, 35.48849], [9.33035, 35.47878], [9.33936, 35.47852], [9.33089, 35.47552]]]}}, {"type": "Feature", "properties": {"shapeID": "11933810B37574036497971", "shapeName": "\u0627\u0644\u0645\u0643\u0646\u0627\u0633\u064a"}, "geometry": {"type": "Polygon", "coordinates": [[[9.82176, 34.63127], [9.80056, 34.62668], [9.78992, 34.63046], [9.78252, 34.62198], [9.74844, 34.60873], [9.72554, 34.61733], [9.71463, 34.60702], [9.69902, 34.60174], [9.69823, 34.5988], [9.70761, 34.59147], [9.69638, 34.58404], [9.69577, 34.57305], [9.67944, 34.56105], [9.68034, 34.55615], [9.66882, 34.54203], [9.66832, 34.5331], [9.6548, 34.52493], [9.65715, 34.51501], [9.6502, 34.50649], [9.63965, 34.50405], [9.63308, 34.49808], [9.61634, 34.49978], [9.59009, 34.49045], [9.55813, 34.49096], [9.54022, 34.48475], [9.51178, 34.48254], [9.46024, 34.49081], [9.45695, 34.48653], [9.43487, 34.5078], [9.43927, 34.51193], [9.43425, 34.51471], [9.44191, 34.52709], [9.46338, 34.52426], [9.48309, 34.53164], [9.47704, 34.57677], [9.52457, 34.58154], [9.51692, 34.60123], [9.50308, 34.59912], [9.49716, 34.64336], [9.49131, 34.65107], [9.52991, 34.655], [9.54671, 34.66273], [9.55467, 34.67233], [9.56405, 34.67479], [9.55304, 34.68441], [9.54514, 34.71052], [9.53058, 34.73106], [9.52097, 34.73597], [9.51819, 34.74815], [9.52611, 34.75353], [9.5273, 34.76519], [9.54196, 34.77254], [9.55224, 34.77498], [9.55935, 34.75648], [9.57448, 34.74583], [9.61212, 34.7611], [9.61912, 34.77562], [9.63439, 34.78709], [9.68945, 34.77397], [9.72486, 34.73954], [9.718, 34.70565], [9.75645, 34.68861], [9.76264, 34.67932], [9.77748, 34.69085], [9.79664, 34.69207], [9.80243, 34.68847], [9.813, 34.66371], [9.83236, 34.65564], [9.84126, 34.646], [9.82176, 34.63127]]]}}, {"type": "Feature", "properties": {"shapeID": "11933810B72846800304376", "shapeName": "\u063a\u0627\u0631 \u0627\u0644\u062f\u0645\u0627\u0621"}, "geometry": {"type": "Polygon", "coordinates": [[[8.47355, 36.61868], [8.48515, 36.60504], [8.49897, 36.61173], [8.5182, 36.59939], [8.51353, 36.59382], [8.51562, 36.57691], [8.49887, 36.5646], [8.49887, 36.5548], [8.49377, 36.54842], [8.49647, 36.53475], [8.48449, 36.53402], [8.47654, 36.5216], [8.51789, 36.48935], [8.52129, 36.47658], [8.51436, 36.47001], [8.5088, 36.47584], [8.50261, 36.47168], [8.50511, 36.46714], [8.48525, 36.45992], [8.48866, 36.43481], [8.48384, 36.41632], [8.48724, 36.41038], [8.502, 36.40787], [8.51391, 36.3985], [8.53703, 36.40081], [8.5401, 36.39324], [8.5171, 36.38014], [8.50327, 36.38139], [8.48147, 36.37601], [8.4781, 36.37094], [8.46321, 36.36686], [8.46071, 36.35307], [8.44957, 36.34722], [8.43392, 36.35153], [8.43032, 36.34829], [8.42055, 36.35118], [8.39582, 36.34783], [8.37645, 36.35006], [8.39392, 36.36509], [8.39375, 36.3704], [8.40192, 36.3781], [8.39383, 36.39388], [8.40966, 36.41186], [8.40628, 36.42308], [8.37178, 36.42833], [8.36581, 36.43944], [8.35487, 36.44618], [8.34343, 36.43523], [8.32786, 36.43234], [8.32731, 36.43614], [8.31533, 36.43815], [8.3065, 36.43416], [8.30321, 36.44254], [8.28452, 36.4461], [8.26309, 36.43858], [8.25099, 36.44633], [8.21342, 36.44669], [8.20384, 36.45007], [8.19526, 36.46094], [8.17603, 36.45956], [8.15483, 36.48042], [8.16022, 36.48847], [8.15365, 36.49686], [8.17294, 36.5041], [8.17711, 36.51348], [8.1953, 36.50719], [8.24598, 36.52701], [8.25642, 36.53705], [8.26583, 36.53504], [8.2915, 36.53962], [8.31996, 36.55714], [8.32614, 36.57382], [8.3806, 36.5979], [8.38772, 36.59484], [8.40369, 36.61654], [8.41783, 36.62239], [8.47355, 36.61868]]]}}, {"type": "Feature", "properties": {"shapeID": "11933810B91924190982808", "shapeName": "\u0633\u0628\u0627\u0644\u0629 \u0623\u0648\u0627\u0644\u062f \u0639\u0633\u0643\u0631"}, "geometry": {"type": "Polygon", "coordinates": [[[9.21091, 35.36126], [9.23852, 35.35328], [9.24823, 35.33579], [9.25691, 35.33266], [9.27475, 35.30543], [9.29635, 35.29256], [9.30561, 35.27446], [9.31364, 35.26974], [9.31394, 35.26019], [9.31922, 35.25753], [9.32224, 35.24989], [9.32999, 35.24661], [9.33996, 35.24876], [9.34428, 35.24219], [9.35345, 35.24378], [9.3554, 35.2377], [9.36339, 35.2381], [9.37108, 35.22789], [9.38197, 35.2235], [9.3611, 35.13923], [9.36364, 35.12982], [9.32389, 35.08274], [9.30261, 35.1022], [9.26309, 35.11772], [9.24286, 35.1376], [9.2528, 35.15342], [9.25375, 35.16711], [9.25232, 35.17908], [9.23814, 35.19808], [9.27489, 35.21513], [9.2489, 35.23127], [9.20345, 35.24508], [9.20317, 35.251], [9.19601, 35.2586], [9.16916, 35.27233], [9.15037, 35.28788], [9.15763, 35.31117], [9.19785, 35.37394], [9.21091, 35.36126]]]}}, {"type": "Feature", "properties": {"shapeID": "11933810B4781158018226", "shapeName": "\u0628\u0648\u0631\u0648\u064a\u0633"}, "geometry": {"type": "Polygon", "coordinates": [[[9.05612, 36.2027], [9.03466, 36.21706], [9.03746, 36.22664], [9.05074, 36.23334], [9.06587, 36.25815], [9.07831, 36.26495], [9.08853, 36.26514], [9.0949, 36.27384], [9.10365, 36.27644], [9.10687, 36.28507], [9.11593, 36.29346], [9.1235, 36.29005], [9.12591, 36.28092], [9.13084, 36.28045], [9.13666, 36.27144], [9.15371, 36.26073], [9.16494, 36.26082], [9.16245, 36.27286], [9.17871, 36.26767], [9.18539, 36.25684], [9.1991, 36.24972], [9.20118, 36.23346], [9.23053, 36.2131], [9.23401, 36.20798], [9.21678, 36.1772], [9.24462, 36.12804], [9.23509, 36.12638], [9.21763, 36.11275], [9.20366, 36.11307], [9.19231, 36.11983], [9.18493, 36.10896], [9.17864, 36.10977], [9.18042, 36.09849], [9.16006, 36.09126], [9.15781, 36.08483], [9.14215, 36.0919], [9.13392, 36.10106], [9.12163, 36.10245], [9.11066, 36.11961], [9.09135, 36.11513], [9.06492, 36.13378], [9.04309, 36.13716], [9.03215, 36.15878], [9.03803, 36.17816], [9.03569, 36.18301], [9.05612, 36.2027]]]}}, {"type": "Feature", "properties": {"shapeID": "11933810B50994391352057", "shapeName": "\u0642\u0641\u0635\u0629 \u0627\u0644\u0634\u0645\u0627\u0644\u064a\u0629"}, "geometry": {"type": "Polygon", "coordinates": [[[8.96415, 34.50209], [8.91806, 34.48541], [8.88155, 34.49662], [8.87187, 34.48524], [8.88571, 34.44686], [8.86099, 34.43592], [8.83522, 34.43241], [8.83781, 34.44851], [8.84247, 34.45362], [8.83386, 34.45662], [8.82089, 34.43698], [8.79801, 34.45021], [8.7761, 34.51321], [8.75108, 34.52012], [8.72286, 34.55957], [8.69616, 34.58632], [8.69477, 34.59264], [8.72533, 34.61288], [8.74458, 34.60485], [8.78203, 34.63362], [8.79124, 34.63595], [8.81436, 34.62774], [8.82936, 34.6172], [8.89529, 34.58573], [8.90138, 34.59124], [8.91415, 34.5809], [8.94545, 34.57837], [8.95375, 34.59093], [8.93825, 34.59532], [8.9276, 34.60817], [8.91843, 34.61052], [8.91742, 34.61714], [8.93122, 34.63824], [8.93176, 34.6455], [8.93811, 34.64904], [8.94188, 34.67143], [8.94975, 34.67558], [8.95595, 34.69051], [8.98957, 34.72121], [9.0076, 34.7074], [9.02612, 34.70619], [9.04101, 34.6937], [9.05473, 34.69271], [9.06497, 34.68683], [9.06776, 34.67982], [9.07286, 34.68804], [9.07866, 34.68904], [9.08394, 34.70257], [9.09987, 34.70908], [9.11809, 34.7037], [9.12477, 34.71001], [9.14246, 34.71083], [9.15619, 34.71706], [9.14843, 34.69672], [9.11512, 34.66068], [9.11749, 34.65699], [9.10597, 34.64076], [9.10518, 34.63506], [9.11105, 34.63265], [9.09925, 34.62456], [9.09511, 34.61239], [9.05289, 34.62447], [9.05403, 34.60811], [9.01715, 34.57546], [9.00716, 34.55382], [8.97031, 34.49859], [8.96415, 34.50209]]]}}, {"type": "Feature", "properties": {"shapeID": "11933810B36279508615628", "shapeName": "\u0645\u062f\u0646\u064a\u0646 \u0627\u0644\u0634\u0645\u0627\u0644\u064a\u0629"}, "geometry": {"type": "Polygon", "coordinates": [[[10.34189, 33.49097], [10.35162, 33.48469], [10.36621, 33.46313], [10.37496, 33.45764], [10.37867, 33.44696], [10.40727, 33.42539], [10.42271, 33.43393], [10.43372, 33.42622], [10.45499, 33.39503], [10.4534, 33.38571], [10.45949, 33.3742], [10.46777, 33.38115], [10.49019, 33.38849], [10.50092, 33.38959], [10.51104, 33.38232], [10.51836, 33.38342], [10.5098, 33.36661], [10.48595, 33.33688], [10.48324, 33.31811], [10.44729, 33.21362], [10.4085, 33.2705], [10.36682, 33.31028], [10.34686, 33.31893], [10.33968, 33.32929], [10.32214, 33.33943], [10.2964, 33.33287], [10.2649, 33.38468], [10.25089, 33.42103], [10.27752, 33.42929], [10.28829, 33.44538], [10.28637, 33.4525], [10.29715, 33.4697], [10.30855, 33.47964], [10.31854, 33.47968], [10.33274, 33.48982], [10.3414, 33.51375], [10.34189, 33.49097]]]}}, {"type": "Feature", "properties": {"shapeID": "11933810B83603965964672", "shapeName": "\u0627\u0644\u0648\u0633\u0644\u0627\u062a\u064a\u0629"}, "geometry": {"type": "Polygon", "coordinates": [[[9.86789, 35.82034], [9.85705, 35.81336], [9.85888, 35.81079], [9.85066, 35.80244], [9.84166, 35.78353], [9.83952, 35.74351], [9.82217, 35.74222], [9.81452, 35.73718], [9.79976, 35.73786], [9.78667, 35.72608], [9.77009, 35.7208], [9.76426, 35.72614], [9.72991, 35.72465], [9.67948, 35.71212], [9.67368, 35.73363], [9.66195, 35.73038], [9.65892, 35.73938], [9.66205, 35.74768], [9.65733, 35.75378], [9.65062, 35.74505], [9.63704, 35.75709], [9.64811, 35.76788], [9.65101, 35.77628], [9.64901, 35.78536], [9.62688, 35.79111], [9.60443, 35.74733], [9.59612, 35.74147], [9.59831, 35.72531], [9.58408, 35.7224], [9.57751, 35.7132], [9.55766, 35.70115], [9.56137, 35.67528], [9.55729, 35.6733], [9.54683, 35.6798], [9.54383, 35.6923], [9.53686, 35.69941], [9.54107, 35.71051], [9.53778, 35.72205], [9.54085, 35.73018], [9.54532, 35.73147], [9.54281, 35.7433], [9.53758, 35.74271], [9.534, 35.75222], [9.51353, 35.75707], [9.50124, 35.76519], [9.49536, 35.77885], [9.48368, 35.78755], [9.51001, 35.78759], [9.49832, 35.7952], [9.50937, 35.81069], [9.50882, 35.82002], [9.51917, 35.82715], [9.52334, 35.84405], [9.515, 35.85131], [9.52019, 35.85708], [9.51763, 35.86162], [9.493, 35.8727], [9.48736, 35.9045], [9.49131, 35.91041], [9.51755, 35.91232], [9.5238, 35.92191], [9.55821, 35.9402], [9.60964, 35.97747], [9.6196, 35.99009], [9.6305, 35.99516], [9.62965, 36.00381], [9.64454, 36.01617], [9.7042, 36.05027], [9.71202, 36.06374], [9.72764, 36.07037], [9.7533, 36.09012], [9.7556, 36.11363], [9.75959, 36.10878], [9.77935, 36.10222], [9.79808, 36.10276], [9.80784, 36.10682], [9.8254, 36.08946], [9.83035, 36.04922], [9.82144, 36.0455], [9.81793, 36.0342], [9.81178, 36.02826], [9.82776, 36.00884], [9.81273, 35.97276], [9.81239, 35.95434], [9.82037, 35.9419], [9.81063, 35.92243], [9.79391, 35.90808], [9.77162, 35.89845], [9.77102, 35.8708], [9.79156, 35.87625], [9.79941, 35.86578], [9.8122, 35.86232], [9.81797, 35.85481], [9.83854, 35.84937], [9.85674, 35.827], [9.8616, 35.82752], [9.86789, 35.82034]]]}}, {"type": "Feature", "properties": {"shapeID": "11933810B8202711908587", "shapeName": "\u0628\u0646\u064a \u062d\u0633\u0627\u0646"}, "geometry": {"type": "Polygon", "coordinates": [[[10.64876, 35.50479], [10.64904, 35.50164], [10.66711, 35.50127], [10.68233, 35.50421], [10.67617, 35.50845], [10.67913, 35.51297], [10.69695, 35.51109], [10.71679, 35.52426], [10.7244, 35.52123], [10.73737, 35.53269], [10.74021, 35.54148], [10.78772, 35.55583], [10.80113, 35.57591], [10.79236, 35.58039], [10.79886, 35.58448], [10.79124, 35.59149], [10.79841, 35.59649], [10.8077, 35.59109], [10.82233, 35.59918], [10.828, 35.59478], [10.8358, 35.57821], [10.83332, 35.57013], [10.85196, 35.55464], [10.84407, 35.55161], [10.84694, 35.54633], [10.80414, 35.52914], [10.8074, 35.52631], [10.80277, 35.52415], [10.80043, 35.50766], [10.78375, 35.50403], [10.78219, 35.49738], [10.77782, 35.50139], [10.75999, 35.50178], [10.75445, 35.49546], [10.73911, 35.50337], [10.73552, 35.48736], [10.71801, 35.48926], [10.71212, 35.4752], [10.69793, 35.47949], [10.69736, 35.4735], [10.68893, 35.47602], [10.68368, 35.47165], [10.68419, 35.47754], [10.6772, 35.47722], [10.67234, 35.48474], [10.66096, 35.47728], [10.64016, 35.48591], [10.63813, 35.50021], [10.64876, 35.50479]]]}}, {"type": "Feature", "properties": {"shapeID": "11933810B14631424416912", "shapeName": "\u0627\u0644\u0642\u0635\u0631\u064a\u0646 \u0627\u0644\u062c\u0646\u0648\u0628\u064a\u0629"}, "geometry": {"type": "Polygon", "coordinates": [[[8.86344, 35.16737], [8.86038, 35.18402], [8.87254, 35.19157], [8.87672, 35.19904], [8.86639, 35.20705], [8.86488, 35.20381], [8.85035, 35.20284], [8.8417, 35.21311], [8.83573, 35.21303], [8.82703, 35.22184], [8.82196, 35.22165], [8.8149, 35.23019], [8.79487, 35.23188], [8.79376, 35.22869], [8.77157, 35.23907], [8.75576, 35.24112], [8.75813, 35.25892], [8.75099, 35.28181], [8.76468, 35.28979], [8.77333, 35.30399], [8.84619, 35.30924], [8.89018, 35.27611], [8.90475, 35.23957], [8.93883, 35.22343], [8.94823, 35.22383], [8.95222, 35.21845], [8.94788, 35.21675], [8.99004, 35.17924], [9.00435, 35.17487], [9.01603, 35.17704], [9.03042, 35.1689], [9.0205, 35.15158], [9.00952, 35.1506], [9.00495, 35.15702], [8.99723, 35.15108], [8.98781, 35.15542], [8.99226, 35.12896], [8.96073, 35.1028], [8.9082, 35.07544], [8.89151, 35.05392], [8.80944, 35.02981], [8.79433, 35.03638], [8.7605, 35.0233], [8.7589, 35.01758], [8.76911, 34.99872], [8.76635, 34.9859], [8.73453, 34.97021], [8.73683, 34.96428], [8.75621, 34.95449], [8.7463, 34.94951], [8.74057, 34.94027], [8.71571, 34.92602], [8.71381, 34.91479], [8.70021, 34.89826], [8.67706, 34.89235], [8.66787, 34.88614], [8.64305, 34.90306], [8.60359, 34.92274], [8.59287, 34.92402], [8.59984, 34.93973], [8.59971, 34.96303], [8.62517, 34.97894], [8.5956, 35.01393], [8.58241, 35.00882], [8.56123, 35.06407], [8.61009, 35.08032], [8.62896, 35.09692], [8.63652, 35.11507], [8.59719, 35.1556], [8.60859, 35.15907], [8.6411, 35.18612], [8.6411, 35.19068], [8.63419, 35.19548], [8.68041, 35.20532], [8.70043, 35.2201], [8.71574, 35.21057], [8.71841, 35.19973], [8.72798, 35.19158], [8.75241, 35.19957], [8.77855, 35.16478], [8.79302, 35.16005], [8.80097, 35.16356], [8.80379, 35.15796], [8.82166, 35.15926], [8.83042, 35.15008], [8.84646, 35.14985], [8.86344, 35.16737]]]}}, {"type": "Feature", "properties": {"shapeID": "11933810B87757841010951", "shapeName": "\u0641\u0648\u0633\u0627\u0646\u0629"}, "geometry": {"type": "Polygon", "coordinates": [[[8.66679, 35.41366], [8.69038, 35.41241], [8.70038, 35.42852], [8.72862, 35.40874], [8.73882, 35.40611], [8.73316, 35.38315], [8.75648, 35.38827], [8.76185, 35.38171], [8.7669, 35.38415], [8.78944, 35.37516], [8.81164, 35.37337], [8.82117, 35.36246], [8.84771, 35.36978], [8.83478, 35.3636], [8.80749, 35.33608], [8.79915, 35.31362], [8.80223, 35.30547], [8.77333, 35.30399], [8.75756, 35.28353], [8.73091, 35.27746], [8.72777, 35.26999], [8.74254, 35.25977], [8.73148, 35.26005], [8.72053, 35.25525], [8.72269, 35.24583], [8.70043, 35.2201], [8.68041, 35.20532], [8.63419, 35.19548], [8.55325, 35.25581], [8.53322, 35.24167], [8.52248, 35.22598], [8.5056, 35.21263], [8.46849, 35.19939], [8.43857, 35.19847], [8.47558, 35.24068], [8.45469, 35.23626], [8.43966, 35.23743], [8.42239, 35.24598], [8.40877, 35.24498], [8.35878, 35.27624], [8.3336, 35.28045], [8.32474, 35.28979], [8.32401, 35.29841], [8.31155, 35.31506], [8.31151, 35.32445], [8.31685, 35.32588], [8.31738, 35.34124], [8.31269, 35.37223], [8.32986, 35.40653], [8.32449, 35.41339], [8.31546, 35.41421], [8.32913, 35.42184], [8.33941, 35.44549], [8.34981, 35.45427], [8.35327, 35.46314], [8.37243, 35.46786], [8.40818, 35.46388], [8.43069, 35.47241], [8.446, 35.47339], [8.44468, 35.47817], [8.45976, 35.47941], [8.47312, 35.48634], [8.48013, 35.46406], [8.47528, 35.44562], [8.48405, 35.41678], [8.49304, 35.4087], [8.51467, 35.41677], [8.51516, 35.41983], [8.54623, 35.42327], [8.54442, 35.41693], [8.57056, 35.41811], [8.57819, 35.42359], [8.59513, 35.40727], [8.60188, 35.40724], [8.61445, 35.41237], [8.61724, 35.41919], [8.63314, 35.4273], [8.6457, 35.44086], [8.66679, 35.41366]]]}}, {"type": "Feature", "properties": {"shapeID": "11933810B6690726234201", "shapeName": "\u0645\u0646\u0632\u0644 \u0628\u0648\u0631\u0642\u064a\u0628\u0629"}, "geometry": {"type": "Polygon", "coordinates": [[[9.82475, 37.03993], [9.78642, 37.06565], [9.77729, 37.09287], [9.77533, 37.10593], [9.77924, 37.11303], [9.76964, 37.13745], [9.77252, 37.15342], [9.78046, 37.16217], [9.78216, 37.17013], [9.78773, 37.1751], [9.80341, 37.17012], [9.80114, 37.16782], [9.81332, 37.16003], [9.80978, 37.1604], [9.80782, 37.15253], [9.81064, 37.15188], [9.80671, 37.14856], [9.81274, 37.14205], [9.86111, 37.13464], [9.87496, 37.1393], [9.88567, 37.14911], [9.91272, 37.15674], [9.9194, 37.16546], [9.93352, 37.14449], [9.92484, 37.13006], [9.91398, 37.12427], [9.92473, 37.11241], [9.94199, 37.10821], [9.93308, 37.10067], [9.91843, 37.09862], [9.91488, 37.09248], [9.90726, 37.09205], [9.90662, 37.08621], [9.89721, 37.08437], [9.89109, 37.07618], [9.86868, 37.06613], [9.86144, 37.04792], [9.84777, 37.05043], [9.82977, 37.04767], [9.82475, 37.03993]]]}}, {"type": "Feature", "properties": {"shapeID": "11933810B33888578945237", "shapeName": "\u0642\u0635\u0648\u0631 \u0627\u0644\u0633\u0627\u0641"}, "geometry": {"type": "Polygon", "coordinates": [[[11.04074, 35.41893], [11.05029, 35.39098], [11.04483, 35.39127], [11.03403, 35.38284], [11.0341, 35.3468], [11.04283, 35.32394], [11.07572, 35.28909], [11.07323, 35.28273], [11.05352, 35.27621], [11.04744, 35.28377], [11.03563, 35.27569], [11.03318, 35.27858], [11.02615, 35.27499], [11.02091, 35.27571], [11.01621, 35.2848], [11.00226, 35.27889], [10.99124, 35.28114], [10.97969, 35.26355], [10.96759, 35.25841], [10.95986, 35.27108], [10.94239, 35.24895], [10.92997, 35.26203], [10.94821, 35.29736], [10.94695, 35.32273], [10.9264, 35.32297], [10.91531, 35.3269], [10.93756, 35.34533], [10.94946, 35.33537], [10.95674, 35.34123], [10.95587, 35.36746], [10.95987, 35.37836], [10.95256, 35.38534], [10.9314, 35.38483], [10.92747, 35.39458], [10.91651, 35.38808], [10.90968, 35.39819], [10.89253, 35.39344], [10.88927, 35.40328], [10.88188, 35.40133], [10.8667, 35.42129], [10.86637, 35.43046], [10.88332, 35.45099], [10.90469, 35.45392], [10.91862, 35.4612], [10.92435, 35.45116], [10.93643, 35.44505], [10.9437, 35.45477], [10.95946, 35.46409], [10.97473, 35.44265], [11.00476, 35.45481], [11.00597, 35.45195], [11.01305, 35.45447], [11.01404, 35.44316], [11.02417, 35.44045], [11.02774, 35.44727], [11.0347, 35.44834], [11.03745, 35.44185], [11.04295, 35.44212], [11.04074, 35.41893]]]}}, {"type": "Feature", "properties": {"shapeID": "11933810B16609511598620", "shapeName": "\u0642\u0631\u0628\u0629"}, "geometry": {"type": "Polygon", "coordinates": [[[10.78218, 36.70273], [10.79552, 36.69731], [10.81112, 36.69785], [10.81957, 36.69389], [10.82504, 36.68598], [10.83352, 36.6837], [10.83803, 36.6742], [10.84953, 36.67254], [10.85196, 36.66828], [10.86793, 36.66883], [10.88099, 36.65814], [10.9051, 36.65882], [10.91715, 36.64852], [10.86785, 36.57147], [10.83582, 36.50872], [10.82013, 36.51592], [10.81481, 36.52489], [10.80413, 36.53181], [10.80713, 36.54736], [10.80393, 36.55528], [10.82175, 36.5673], [10.81314, 36.56966], [10.79543, 36.59057], [10.79061, 36.58526], [10.79557, 36.57808], [10.78497, 36.57872], [10.77743, 36.58463], [10.76021, 36.58392], [10.74781, 36.57099], [10.72837, 36.58412], [10.70362, 36.59081], [10.70131, 36.58711], [10.69494, 36.59671], [10.71146, 36.60923], [10.70046, 36.61132], [10.70175, 36.61968], [10.69742, 36.62152], [10.71491, 36.62363], [10.72077, 36.63498], [10.74303, 36.63787], [10.73764, 36.64509], [10.74134, 36.65447], [10.7265, 36.66161], [10.72801, 36.66618], [10.73809, 36.67013], [10.74409, 36.6795], [10.76054, 36.6856], [10.76096, 36.69301], [10.77374, 36.69482], [10.78218, 36.70273]]]}}, {"type": "Feature", "properties": {"shapeID": "11933810B43224810674441", "shapeName": "\u0639\u0645\u062f\u0648\u0646"}, "geometry": {"type": "Polygon", "coordinates": [[[8.9334, 36.78994], [8.93065, 36.79747], [8.93354, 36.80364], [8.92097, 36.80184], [8.91795, 36.80611], [8.92204, 36.81632], [8.93288, 36.82133], [8.93241, 36.82661], [8.94219, 36.83384], [8.94219, 36.83842], [8.95001, 36.84332], [8.97224, 36.84271], [8.9847, 36.8479], [8.98823, 36.8562], [8.99422, 36.85891], [8.98892, 36.87532], [8.99945, 36.87575], [9.00097, 36.88584], [9.01247, 36.88537], [9.02553, 36.89666], [9.03121, 36.89205], [9.04302, 36.89076], [9.04453, 36.88492], [9.05268, 36.88397], [9.06111, 36.87506], [9.06042, 36.86654], [9.07208, 36.86153], [9.07617, 36.85244], [9.06347, 36.83971], [9.07689, 36.83455], [9.0775, 36.82739], [9.08709, 36.81885], [9.09257, 36.82598], [9.10256, 36.82961], [9.09939, 36.83473], [9.1091, 36.84119], [9.10612, 36.84358], [9.1151, 36.84681], [9.11411, 36.85512], [9.12297, 36.85526], [9.14378, 36.84634], [9.12679, 36.8275], [9.12644, 36.79803], [9.13111, 36.79364], [9.13255, 36.78221], [9.13994, 36.7799], [9.13557, 36.76998], [9.08784, 36.73388], [9.08177, 36.7344], [9.07949, 36.72775], [9.07009, 36.72483], [9.06358, 36.71331], [9.06862, 36.71263], [9.06763, 36.70209], [9.08237, 36.68653], [9.07676, 36.68137], [9.07229, 36.6832], [9.06662, 36.67467], [9.04821, 36.67026], [9.04435, 36.6633], [9.03258, 36.65872], [9.02043, 36.65924], [9.01616, 36.66774], [9.02324, 36.6683], [9.03027, 36.68154], [9.02727, 36.68439], [9.03229, 36.68403], [9.02766, 36.69496], [9.03253, 36.70115], [9.02718, 36.7063], [9.02935, 36.71266], [9.03442, 36.71479], [9.03249, 36.72152], [9.03674, 36.72494], [9.03071, 36.72988], [9.02755, 36.74991], [8.99466, 36.7658], [8.95492, 36.76774], [8.9497, 36.76435], [8.94041, 36.76987], [8.91623, 36.77333], [8.91125, 36.77805], [8.91686, 36.78386], [8.9334, 36.78994]]]}}, {"type": "Feature", "properties": {"shapeID": "11933810B58495148677727", "shapeName": "\u0627\u0644\u0645\u0647\u062f\u064a\u0629"}, "geometry": {"type": "Polygon", "coordinates": [[[11.03745, 35.44185], [11.0347, 35.44834], [11.02774, 35.44727], [11.02417, 35.44045], [11.01404, 35.44316], [11.01305, 35.45447], [11.00597, 35.45195], [11.00476, 35.45481], [10.97473, 35.44265], [10.95946, 35.46409], [10.9437, 35.45477], [10.93643, 35.44505], [10.92435, 35.45116], [10.91862, 35.4612], [10.90469, 35.45392], [10.88332, 35.45099], [10.86637, 35.43046], [10.85631, 35.42644], [10.85029, 35.41822], [10.85137, 35.43918], [10.84287, 35.43731], [10.84692, 35.45128], [10.83724, 35.45628], [10.84403, 35.46697], [10.83966, 35.46801], [10.85165, 35.48682], [10.85906, 35.48319], [10.86716, 35.48685], [10.87337, 35.49891], [10.87615, 35.49661], [10.89362, 35.50681], [10.91042, 35.50407], [10.92428, 35.50784], [10.9159, 35.51802], [10.92188, 35.52363], [10.92151, 35.5297], [10.92892, 35.52925], [10.9374, 35.54257], [10.95138, 35.54288], [10.9548, 35.53563], [10.9582, 35.54069], [10.96915, 35.53929], [10.98433, 35.54413], [10.98996, 35.54118], [10.99477, 35.54422], [10.9908, 35.55178], [10.99548, 35.55537], [11.00009, 35.55245], [11.01114, 35.55639], [11.01274, 35.55237], [11.02726, 35.55736], [11.03599, 35.53288], [11.04909, 35.51498], [11.06865, 35.50503], [11.0824, 35.50969], [11.06974, 35.49885], [11.06924, 35.50221], [11.06391, 35.50002], [11.0671, 35.4955], [11.07149, 35.49903], [11.06789, 35.49547], [11.06, 35.49452], [11.04295, 35.44212], [11.03745, 35.44185]]]}}, {"type": "Feature", "properties": {"shapeID": "11933810B21305509879120", "shapeName": "\u0627\u0644\u0632\u0647\u0648\u0631"}, "geometry": {"type": "Polygon", "coordinates": [[[8.81309, 35.16415], [8.83684, 35.16845], [8.83819, 35.16028], [8.84646, 35.14985], [8.83042, 35.15008], [8.82166, 35.15926], [8.81921, 35.15692], [8.81309, 35.16415]]]}}, {"type": "Feature", "properties": {"shapeID": "11933810B9843874857613", "shapeName": "\u0627\u0644\u0639\u0644\u0627\u0621"}, "geometry": {"type": "Polygon", "coordinates": [[[9.56462, 35.66386], [9.5427, 35.65558], [9.55294, 35.63867], [9.56884, 35.64088], [9.57387, 35.63825], [9.57639, 35.64263], [9.59893, 35.63611], [9.63006, 35.63889], [9.63734, 35.62506], [9.64728, 35.61828], [9.61143, 35.60927], [9.62592, 35.60305], [9.63027, 35.58802], [9.60833, 35.57782], [9.60958, 35.56915], [9.58508, 35.55307], [9.57579, 35.5387], [9.57231, 35.51508], [9.55404, 35.53823], [9.54689, 35.5596], [9.54934, 35.56952], [9.51062, 35.58944], [9.50361, 35.59647], [9.47784, 35.59298], [9.47026, 35.60212], [9.46412, 35.60241], [9.4535, 35.59789], [9.45186, 35.58683], [9.40865, 35.57114], [9.39591, 35.58277], [9.39234, 35.58201], [9.38932, 35.59603], [9.36947, 35.59748], [9.3484, 35.62972], [9.31785, 35.65154], [9.30622, 35.65417], [9.30259, 35.66413], [9.27672, 35.68745], [9.26956, 35.70121], [9.27555, 35.71694], [9.29259, 35.72238], [9.30227, 35.72098], [9.33574, 35.70122], [9.36076, 35.70496], [9.39796, 35.68792], [9.41295, 35.69421], [9.43297, 35.71245], [9.44272, 35.70819], [9.45681, 35.71326], [9.4546, 35.72022], [9.46969, 35.7247], [9.46801, 35.72942], [9.47102, 35.72738], [9.47825, 35.73188], [9.50245, 35.72942], [9.51604, 35.73378], [9.52065, 35.72893], [9.52492, 35.73383], [9.52226, 35.73829], [9.54281, 35.7433], [9.54532, 35.73147], [9.54085, 35.73018], [9.53778, 35.72205], [9.54107, 35.71051], [9.53686, 35.69941], [9.54383, 35.6923], [9.54683, 35.6798], [9.55729, 35.6733], [9.56137, 35.67528], [9.56462, 35.66386]]]}}, {"type": "Feature", "properties": {"shapeID": "11933810B85460766663298", "shapeName": "\u062c\u0631\u062c\u064a\u0633"}, "geometry": {"type": "Polygon", "coordinates": [[[10.77468, 33.38229], [10.76634, 33.38281], [10.75001, 33.40038], [10.75072, 33.41137], [10.75932, 33.427], [10.7576, 33.44551], [10.76763, 33.45567], [10.76667, 33.47475], [10.78007, 33.4727], [10.78214, 33.47706], [10.78297, 33.47191], [10.78632, 33.48183], [10.79987, 33.48354], [10.80674, 33.49502], [10.82746, 33.4964], [10.84334, 33.50157], [10.85107, 33.50948], [10.92497, 33.5288], [10.94856, 33.56479], [10.94127, 33.57861], [10.93738, 33.577], [10.94038, 33.58013], [10.92697, 33.59945], [10.91267, 33.6036], [10.91172, 33.60692], [10.91094, 33.61155], [10.92154, 33.61979], [10.94565, 33.62631], [10.94585, 33.62786], [10.94053, 33.63262], [10.93521, 33.64012], [10.92726, 33.65494], [10.94595, 33.62814], [10.94727, 33.63147], [10.97284, 33.62223], [10.99328, 33.62526], [10.99528, 33.63606], [10.98963, 33.63395], [10.98856, 33.63884], [11.00493, 33.63853], [11.00219, 33.64488], [10.99137, 33.649], [10.9931, 33.65077], [10.99751, 33.64986], [11.02543, 33.62687], [11.03653, 33.62323], [11.04771, 33.6248], [11.06744, 33.60785], [11.06498, 33.60446], [11.08617, 33.58512], [11.10769, 33.55756], [11.11583, 33.5343], [11.11785, 33.5023], [11.13139, 33.47968], [11.11995, 33.49543], [11.11581, 33.4916], [11.12082, 33.49103], [11.11201, 33.49069], [11.12054, 33.48177], [11.11148, 33.47555], [11.11212, 33.47022], [11.11086, 33.4764], [11.10612, 33.47572], [11.10403, 33.46548], [11.10035, 33.46554], [11.09429, 33.45587], [11.09251, 33.43558], [11.10647, 33.41256], [11.10517, 33.40766], [11.11017, 33.39758], [11.11206, 33.39582], [11.10905, 33.40489], [11.11455, 33.39572], [11.11204, 33.4071], [11.13809, 33.38679], [11.13003, 33.37872], [11.12433, 33.38868], [11.11776, 33.38969], [11.12312, 33.3823], [11.12258, 33.37422], [11.11238, 33.36406], [11.0977, 33.36623], [11.09583, 33.35977], [11.10694, 33.35568], [11.1163, 33.35751], [11.12695, 33.36772], [11.13528, 33.37019], [11.14884, 33.36399], [11.16815, 33.34697], [11.17391, 33.34052], [11.17492, 33.32945], [11.23982, 33.30678], [11.29415, 33.27786], [11.15935, 33.31909], [11.14647, 33.31945], [11.1391, 33.31376], [11.12915, 33.31539], [11.12331, 33.2958], [11.10988, 33.28974], [11.05735, 33.29003], [11.05158, 33.29926], [11.03922, 33.30091], [11.00517, 33.31728], [10.98653, 33.30686], [10.96292, 33.32212], [10.93984, 33.31595], [10.92764, 33.31651], [10.88997, 33.33493], [10.84955, 33.34563], [10.80197, 33.37014], [10.77244, 33.37434], [10.77468, 33.38229]]]}}, {"type": "Feature", "properties": {"shapeID": "11933810B63769477321457", "shapeName": "Jendouba Nord"}, "geometry": {"type": "Polygon", "coordinates": [[[8.51705, 36.58128], [8.52152, 36.57857], [8.53003, 36.5873], [8.53416, 36.5939], [8.53076, 36.59872], [8.53697, 36.60841], [8.55448, 36.61087], [8.56242, 36.60581], [8.55982, 36.59727], [8.56289, 36.59442], [8.57837, 36.60733], [8.60669, 36.60587], [8.61673, 36.59591], [8.61774, 36.58088], [8.63053, 36.5737], [8.63568, 36.57424], [8.63878, 36.57822], [8.63408, 36.58241], [8.64482, 36.58916], [8.64979, 36.58693], [8.66289, 36.5905], [8.67708, 36.58546], [8.6861, 36.5905], [8.69182, 36.58625], [8.69409, 36.59216], [8.71078, 36.59395], [8.71626, 36.59965], [8.72043, 36.59457], [8.71724, 36.59141], [8.72229, 36.58286], [8.72463, 36.55836], [8.73177, 36.57071], [8.77607, 36.5717], [8.80506, 36.58333], [8.79797, 36.59529], [8.80911, 36.60079], [8.81204, 36.60965], [8.8292, 36.61897], [8.8398, 36.61209], [8.83762, 36.6082], [8.84581, 36.59439], [8.85937, 36.59041], [8.86981, 36.57825], [8.87566, 36.57686], [8.86854, 36.57312], [8.86781, 36.56489], [8.86296, 36.56833], [8.85506, 36.56433], [8.85468, 36.55879], [8.86665, 36.55992], [8.8688, 36.55468], [8.85953, 36.55641], [8.85549, 36.55179], [8.84558, 36.55668], [8.83893, 36.55296], [8.84897, 36.54968], [8.84386, 36.54682], [8.84824, 36.54437], [8.84498, 36.53475], [8.83473, 36.53592], [8.82843, 36.53028], [8.8201, 36.54022], [8.81534, 36.5407], [8.81594, 36.52875], [8.80737, 36.52856], [8.80987, 36.53267], [8.80511, 36.5386], [8.79928, 36.5365], [8.80416, 36.53382], [8.79845, 36.52837], [8.7881, 36.53267], [8.78072, 36.5256], [8.78468, 36.51546], [8.76533, 36.48669], [8.75362, 36.47879], [8.74664, 36.48334], [8.73903, 36.48491], [8.74667, 36.48279], [8.74605, 36.47328], [8.74263, 36.47376], [8.74095, 36.48092], [8.73915, 36.47764], [8.73057, 36.48087], [8.73158, 36.47516], [8.73922, 36.47553], [8.73944, 36.47064], [8.73368, 36.46951], [8.72972, 36.47592], [8.72142, 36.47232], [8.72227, 36.46908], [8.73095, 36.47161], [8.73369, 36.46579], [8.73136, 36.46097], [8.71415, 36.46821], [8.71771, 36.45812], [8.70868, 36.45297], [8.70475, 36.45995], [8.68534, 36.45577], [8.68371, 36.46326], [8.68187, 36.45612], [8.67325, 36.45621], [8.67328, 36.46411], [8.66733, 36.45838], [8.66275, 36.46643], [8.67125, 36.47311], [8.6566, 36.48642], [8.64684, 36.50295], [8.65363, 36.51115], [8.63665, 36.51883], [8.59997, 36.50206], [8.58873, 36.49174], [8.5854, 36.48297], [8.57017, 36.4887], [8.57032, 36.49231], [8.55306, 36.49478], [8.54833, 36.50162], [8.55212, 36.51378], [8.5481, 36.51948], [8.55188, 36.52594], [8.54053, 36.53448], [8.5403, 36.55234], [8.52328, 36.56297], [8.52328, 36.56999], [8.51562, 36.57691], [8.51705, 36.58128]]]}}, {"type": "Feature", "properties": {"shapeID": "11933810B76554962247664", "shapeName": "\u062f\u0642\u0627\u0634"}, "geometry": {"type": "Polygon", "coordinates": [[[8.12199, 34.26163], [8.15162, 34.2201], [8.15476, 34.20219], [8.29026, 34.15028], [8.32839, 34.15706], [8.32773, 34.12228], [8.34077, 34.11448], [8.3437, 34.10758], [8.33375, 34.08336], [8.33916, 34.06697], [8.34887, 34.05307], [8.37205, 34.0558], [8.38709, 34.05286], [8.41184, 34.06316], [8.47159, 34.0677], [8.55834, 34.06044], [8.63218, 34.06742], [8.64039, 34.06099], [8.64766, 34.06077], [8.64814, 34.05061], [8.63002, 34.01513], [8.60484, 33.99366], [8.54673, 33.92374], [8.44715, 33.86057], [8.43244, 33.84155], [8.31776, 33.75676], [8.29552, 33.78341], [8.21369, 33.90959], [8.19418, 33.96354], [8.18684, 33.95789], [8.17897, 33.97472], [8.15623, 33.97766], [8.15781, 33.98405], [8.15122, 33.98493], [8.14997, 33.99292], [8.14366, 33.99316], [8.13905, 33.98736], [8.09768, 34.03488], [8.08549, 34.0896], [8.02802, 34.16607], [8.04825, 34.18041], [8.04066, 34.18763], [8.03122, 34.18685], [8.0338, 34.19288], [8.03133, 34.19981], [8.00477, 34.21842], [7.98673, 34.24729], [7.94606, 34.29783], [7.9413, 34.31091], [7.95465, 34.29919], [7.97807, 34.28987], [8.02779, 34.29335], [8.06492, 34.30211], [8.12199, 34.26163]]]}}, {"type": "Feature", "properties": {"shapeID": "11933810B30823561868472", "shapeName": "\u0637\u0628\u0631\u0628\u0629"}, "geometry": {"type": "Polygon", "coordinates": [[[9.62534, 36.86738], [9.63042, 36.86375], [9.6307, 36.85628], [9.63486, 36.85704], [9.63696, 36.8623], [9.65287, 36.86499], [9.65465, 36.87237], [9.67667, 36.88399], [9.69216, 36.88394], [9.7133, 36.90212], [9.73992, 36.88948], [9.76764, 36.8914], [9.77926, 36.92055], [9.78429, 36.92294], [9.78925, 36.93424], [9.80584, 36.94278], [9.81273, 36.94024], [9.81316, 36.96298], [9.82556, 36.97166], [9.83733, 36.96193], [9.85158, 36.95741], [9.85767, 36.93485], [9.87736, 36.92467], [9.88424, 36.91703], [9.87857, 36.90368], [9.86899, 36.89334], [9.86023, 36.87038], [9.89111, 36.84436], [9.89743, 36.83616], [9.89731, 36.83002], [9.88946, 36.82785], [9.88842, 36.8217], [9.87573, 36.8221], [9.86711, 36.81761], [9.86733, 36.81191], [9.85366, 36.81784], [9.84823, 36.80831], [9.82596, 36.81818], [9.8321, 36.82865], [9.81049, 36.8288], [9.8062, 36.81539], [9.80379, 36.81894], [9.79573, 36.81536], [9.78336, 36.8187], [9.77549, 36.82438], [9.71704, 36.80795], [9.71451, 36.79418], [9.69482, 36.79299], [9.65817, 36.78077], [9.64633, 36.79558], [9.64697, 36.80398], [9.64267, 36.80347], [9.62998, 36.79359], [9.62747, 36.7808], [9.61649, 36.77663], [9.60619, 36.78787], [9.59995, 36.78943], [9.5981, 36.79591], [9.58542, 36.80756], [9.57126, 36.82731], [9.56626, 36.84131], [9.5744, 36.8508], [9.62534, 36.86738]]]}}, {"type": "Feature", "properties": {"shapeID": "11933810B61776975949609", "shapeName": "\u0635\u0641\u0627\u0642\u0633 \u0627\u0644\u0645\u062f\u064a\u0646\u0629"}, "geometry": {"type": "Polygon", "coordinates": [[[10.72455, 34.7657], [10.7279, 34.76288], [10.73473, 34.7683], [10.76103, 34.77239], [10.76579, 34.77734], [10.76997, 34.77466], [10.76619, 34.77215], [10.7739, 34.76444], [10.77434, 34.76863], [10.77758, 34.76599], [10.78822, 34.75075], [10.78246, 34.74772], [10.78664, 34.73145], [10.78115, 34.72217], [10.77971, 34.72906], [10.77648, 34.72679], [10.76978, 34.73133], [10.76356, 34.72677], [10.76837, 34.72789], [10.77617, 34.72128], [10.77041, 34.72004], [10.77001, 34.71509], [10.76851, 34.71387], [10.76739, 34.72002], [10.76108, 34.72153], [10.76482, 34.71963], [10.76127, 34.71576], [10.76522, 34.71302], [10.76088, 34.71126], [10.76753, 34.71311], [10.76507, 34.71114], [10.76019, 34.71109], [10.76058, 34.71962], [10.75882, 34.71653], [10.75368, 34.72385], [10.75125, 34.71064], [10.75571, 34.70909], [10.75428, 34.69912], [10.75058, 34.69969], [10.74786, 34.6892], [10.73559, 34.70316], [10.72375, 34.70952], [10.7469, 34.73055], [10.75233, 34.74117], [10.71818, 34.76116], [10.72455, 34.7657]]]}}, {"type": "Feature", "properties": {"shapeID": "11933810B38819723902176", "shapeName": "\u0642\u0628\u0644\u0627\u0637"}, "geometry": {"type": "Polygon", "coordinates": [[[9.56924, 36.42598], [9.56469, 36.43729], [9.55225, 36.44352], [9.53792, 36.44573], [9.54671, 36.46172], [9.55161, 36.48351], [9.53266, 36.49953], [9.52594, 36.50017], [9.53877, 36.50589], [9.5533, 36.5191], [9.55693, 36.53802], [9.56817, 36.53486], [9.60611, 36.54958], [9.64769, 36.59464], [9.66449, 36.60164], [9.65315, 36.61319], [9.67163, 36.62653], [9.67264, 36.63913], [9.68095, 36.63645], [9.68898, 36.64663], [9.68946, 36.64149], [9.70281, 36.64069], [9.71194, 36.63266], [9.73897, 36.62384], [9.75815, 36.61235], [9.77581, 36.61795], [9.80724, 36.64151], [9.8118, 36.6398], [9.81631, 36.62932], [9.81007, 36.62184], [9.81744, 36.60769], [9.82882, 36.60557], [9.84781, 36.60889], [9.85425, 36.60441], [9.85531, 36.59762], [9.86053, 36.59393], [9.86402, 36.57501], [9.83866, 36.56659], [9.82404, 36.53022], [9.7971, 36.52363], [9.78397, 36.511], [9.78414, 36.5005], [9.77565, 36.48734], [9.76824, 36.48551], [9.75937, 36.48885], [9.75167, 36.47795], [9.73293, 36.46962], [9.73965, 36.46574], [9.73554, 36.46161], [9.73917, 36.45074], [9.71134, 36.44041], [9.69819, 36.44605], [9.68201, 36.44092], [9.67524, 36.4346], [9.65564, 36.42733], [9.65248, 36.41086], [9.64751, 36.41228], [9.64256, 36.42122], [9.62901, 36.42605], [9.56924, 36.42598]]]}}, {"type": "Feature", "properties": {"shapeID": "11933810B33504132443060", "shapeName": "\u0646\u0627\u0628\u0644"}, "geometry": {"type": "Polygon", "coordinates": [[[10.65104, 36.51825], [10.67379, 36.53885], [10.69052, 36.53342], [10.69453, 36.52717], [10.68951, 36.5191], [10.69439, 36.51338], [10.69013, 36.5031], [10.71792, 36.48746], [10.72136, 36.47886], [10.7387, 36.46514], [10.75276, 36.44425], [10.71948, 36.43874], [10.68569, 36.42597], [10.67412, 36.43961], [10.67808, 36.44385], [10.66095, 36.45367], [10.64832, 36.46773], [10.63983, 36.46879], [10.64096, 36.46568], [10.63291, 36.46249], [10.61491, 36.46492], [10.61104, 36.46993], [10.61403, 36.47594], [10.61083, 36.47652], [10.61888, 36.48016], [10.63357, 36.49683], [10.643, 36.52442], [10.65104, 36.51825]]]}}, {"type": "Feature", "properties": {"shapeID": "11933810B24040773299461", "shapeName": "\u0645\u0646\u064a\u0647\u0644\u0629"}, "geometry": {"type": "Polygon", "coordinates": [[[10.09578, 36.87719], [10.1053, 36.88672], [10.11728, 36.88953], [10.13053, 36.88857], [10.14866, 36.87633], [10.13795, 36.8689], [10.14635, 36.85477], [10.11672, 36.84454], [10.11681, 36.83989], [10.11183, 36.83819], [10.10563, 36.84538], [10.09391, 36.83977], [10.08906, 36.84425], [10.07495, 36.86454], [10.07591, 36.87239], [10.09578, 36.87719]]]}}, {"type": "Feature", "properties": {"shapeID": "11933810B74384837832426", "shapeName": "\u0645\u0646\u0648\u0628\u0629\u202c"}, "geometry": {"type": "Polygon", "coordinates": [[[10.11917, 36.79748], [10.11523, 36.79592], [10.10041, 36.80202], [10.08139, 36.79582], [10.0479, 36.81722], [10.05599, 36.81545], [10.05999, 36.81995], [10.06644, 36.81488], [10.07532, 36.81618], [10.06556, 36.82125], [10.06722, 36.82481], [10.10414, 36.81575], [10.10491, 36.82197], [10.11496, 36.82753], [10.11917, 36.79748]]]}}, {"type": "Feature", "properties": {"shapeID": "11933810B33126972723663", "shapeName": "\u0645\u0646\u0632\u0644 \u062c\u0645\u064a\u0644"}, "geometry": {"type": "Polygon", "coordinates": [[[9.9194, 37.16546], [9.93419, 37.19382], [9.9381, 37.21074], [9.93935, 37.20791], [9.93375, 37.22324], [9.92608, 37.22625], [9.88462, 37.22477], [9.88273, 37.22799], [9.86126, 37.23226], [9.85352, 37.23014], [9.8543, 37.22756], [9.84324, 37.22995], [9.83577, 37.22307], [9.82134, 37.22548], [9.82301, 37.23138], [9.82974, 37.22966], [9.83783, 37.23436], [9.83758, 37.2413], [9.86079, 37.24855], [9.86805, 37.25438], [9.87622, 37.2522], [9.88011, 37.2445], [9.89071, 37.24416], [9.89736, 37.24942], [9.90924, 37.24674], [9.90736, 37.25187], [9.91388, 37.25634], [9.97647, 37.24717], [10.00898, 37.2497], [10.00847, 37.2356], [10.01647, 37.22959], [10.01186, 37.22926], [10.01401, 37.22504], [10.00856, 37.21388], [10.02994, 37.20416], [10.02543, 37.19643], [10.01469, 37.18669], [10.00795, 37.19459], [9.99031, 37.20253], [9.98085, 37.1852], [9.97194, 37.1898], [9.96086, 37.17759], [9.95716, 37.16118], [9.93822, 37.15123], [9.92897, 37.15077], [9.9194, 37.16546]]]}}, {"type": "Feature", "properties": {"shapeID": "11933810B84840502063502", "shapeName": "\u0645\u0633\u0627\u0643\u0646"}, "geometry": {"type": "Polygon", "coordinates": [[[10.56902, 35.64982], [10.55957, 35.62834], [10.53189, 35.60954], [10.52308, 35.59227], [10.53892, 35.57168], [10.49999, 35.55684], [10.49464, 35.56445], [10.50064, 35.57529], [10.49058, 35.61382], [10.48253, 35.61717], [10.4779, 35.62793], [10.46672, 35.63588], [10.44119, 35.63928], [10.43734, 35.64842], [10.42316, 35.65697], [10.43661, 35.66188], [10.43334, 35.67175], [10.41317, 35.69214], [10.40201, 35.69242], [10.40043, 35.70559], [10.38116, 35.72852], [10.38639, 35.72786], [10.40845, 35.742], [10.44564, 35.74216], [10.43088, 35.75755], [10.45388, 35.77294], [10.48248, 35.78248], [10.50917, 35.78693], [10.52537, 35.78471], [10.53758, 35.79087], [10.57263, 35.78758], [10.58172, 35.7689], [10.60443, 35.7797], [10.60871, 35.77548], [10.60384, 35.7667], [10.62226, 35.76532], [10.61486, 35.75327], [10.60362, 35.7575], [10.61399, 35.74883], [10.63061, 35.72151], [10.64226, 35.71456], [10.63358, 35.69993], [10.63819, 35.69334], [10.62528, 35.68563], [10.64685, 35.67264], [10.6485, 35.66759], [10.61871, 35.63642], [10.59372, 35.64824], [10.5774, 35.64082], [10.56902, 35.64982]]]}}, {"type": "Feature", "properties": {"shapeID": "11933810B37259719331002", "shapeName": "\u0645\u0627\u062c\u0644 \u0628\u0627\u0644\u0639\u0628\u0627\u0633"}, "geometry": {"type": "Polygon", "coordinates": [[[8.78902, 34.75331], [8.7506, 34.72505], [8.73033, 34.72487], [8.7224, 34.71553], [8.65089, 34.67698], [8.58557, 34.62741], [8.5399, 34.6302], [8.52317, 34.63966], [8.50845, 34.64061], [8.48267, 34.66421], [8.46967, 34.66826], [8.44268, 34.68534], [8.41698, 34.69113], [8.36279, 34.71157], [8.31911, 34.73647], [8.30001, 34.74154], [8.28379, 34.76689], [8.28187, 34.78721], [8.2853, 34.80557], [8.2986, 34.81113], [8.32516, 34.80593], [8.35527, 34.81431], [8.35794, 34.81909], [8.3505, 34.83404], [8.35437, 34.84351], [8.45008, 34.88349], [8.47031, 34.89761], [8.48108, 34.89238], [8.488, 34.89686], [8.51411, 34.90018], [8.51224, 34.88511], [8.54241, 34.85569], [8.55296, 34.85022], [8.56576, 34.85461], [8.56924, 34.85265], [8.5762, 34.858], [8.5914, 34.85821], [8.60797, 34.86884], [8.62195, 34.86826], [8.65898, 34.87873], [8.67706, 34.89235], [8.70021, 34.89826], [8.73061, 34.84154], [8.74153, 34.81351], [8.79171, 34.82317], [8.80681, 34.79459], [8.83064, 34.76873], [8.78902, 34.75331]]]}}, {"type": "Feature", "properties": {"shapeID": "11933810B95892911712161", "shapeName": "\u0643\u0646\u062f\u0627\u0631"}, "geometry": {"type": "Polygon", "coordinates": [[[10.31681, 36.00121], [10.31539, 35.99488], [10.32414, 35.99356], [10.32183, 35.98572], [10.36577, 35.97933], [10.34989, 35.97113], [10.35599, 35.9678], [10.35071, 35.96001], [10.35513, 35.95623], [10.35667, 35.94678], [10.33882, 35.93728], [10.33655, 35.92845], [10.34951, 35.92636], [10.33333, 35.90777], [10.32972, 35.91493], [10.32131, 35.91733], [10.31183, 35.91563], [10.30797, 35.9191], [10.29938, 35.91291], [10.29226, 35.91604], [10.29101, 35.90829], [10.28101, 35.89887], [10.27308, 35.89804], [10.25333, 35.88667], [10.20793, 35.84876], [10.19626, 35.83464], [10.19536, 35.82402], [10.22892, 35.81393], [10.23115, 35.7957], [10.21836, 35.78539], [10.21604, 35.77683], [10.20531, 35.77627], [10.1978, 35.77081], [10.18493, 35.78202], [10.18147, 35.79031], [10.17317, 35.79329], [10.17411, 35.79783], [10.16565, 35.80252], [10.15884, 35.81292], [10.16032, 35.81927], [10.16618, 35.82166], [10.15923, 35.8247], [10.16115, 35.83646], [10.17209, 35.84019], [10.17025, 35.84509], [10.18077, 35.85355], [10.17677, 35.86763], [10.18707, 35.88704], [10.19587, 35.89052], [10.20226, 35.90377], [10.21434, 35.90614], [10.21924, 35.91959], [10.22898, 35.91851], [10.23436, 35.93396], [10.25278, 35.96245], [10.25781, 35.97974], [10.25569, 36.00573], [10.31681, 36.00121]]]}}, {"type": "Feature", "properties": {"shapeID": "11933810B44054307576941", "shapeName": "\u0642\u0644\u0639\u0629 \u0633\u0646\u0627\u0646"}, "geometry": {"type": "Polygon", "coordinates": [[[8.41735, 35.66426], [8.41514, 35.65457], [8.40113, 35.64009], [8.38626, 35.63531], [8.38934, 35.61594], [8.37046, 35.61963], [8.35396, 35.61661], [8.36029, 35.64651], [8.35602, 35.65347], [8.35604, 35.66977], [8.33678, 35.68345], [8.31859, 35.68507], [8.30783, 35.69155], [8.28008, 35.72257], [8.26427, 35.73066], [8.26639, 35.73936], [8.25857, 35.76245], [8.26541, 35.78171], [8.26838, 35.81361], [8.27325, 35.81981], [8.26717, 35.87065], [8.27071, 35.87865], [8.25348, 35.88647], [8.26762, 35.89782], [8.27153, 35.90775], [8.2557, 35.90832], [8.25625, 35.91371], [8.26344, 35.91878], [8.26291, 35.93762], [8.27155, 35.94644], [8.28962, 35.95235], [8.29082, 35.9569], [8.30043, 35.9563], [8.30691, 35.96417], [8.31339, 35.95971], [8.3257, 35.97807], [8.33802, 35.96548], [8.35778, 35.97466], [8.37771, 35.97805], [8.376, 35.96613], [8.36516, 35.95022], [8.36645, 35.94427], [8.37692, 35.94144], [8.37747, 35.93698], [8.38721, 35.93311], [8.38642, 35.92287], [8.393, 35.91365], [8.38712, 35.90088], [8.39104, 35.88289], [8.3859, 35.88042], [8.38855, 35.87442], [8.38261, 35.8712], [8.38918, 35.86387], [8.39682, 35.86216], [8.39584, 35.8566], [8.41128, 35.84603], [8.42285, 35.84425], [8.42983, 35.83695], [8.43847, 35.8371], [8.44729, 35.82816], [8.47944, 35.83099], [8.48826, 35.82309], [8.498, 35.82414], [8.50425, 35.81803], [8.51328, 35.81623], [8.51613, 35.82052], [8.52037, 35.81623], [8.51905, 35.82031], [8.52196, 35.82095], [8.52256, 35.81569], [8.52614, 35.81639], [8.52574, 35.82036], [8.53696, 35.81776], [8.5448, 35.80495], [8.55962, 35.79241], [8.55949, 35.78577], [8.54221, 35.75804], [8.52022, 35.74759], [8.49466, 35.74771], [8.42797, 35.76407], [8.43216, 35.75663], [8.43037, 35.74961], [8.42157, 35.73547], [8.41178, 35.73177], [8.42905, 35.71375], [8.43061, 35.70816], [8.42476, 35.69413], [8.43563, 35.6689], [8.41735, 35.66426]]]}}, {"type": "Feature", "properties": {"shapeID": "11933810B62465925468138", "shapeName": "\u0642\u0644\u0639\u0629 \u0627\u0644\u0623\u0646\u062f\u0644\u0633"}, "geometry": {"type": "Polygon", "coordinates": [[[10.06605, 37.00666], [10.06757, 37.01422], [10.07452, 37.01947], [10.07857, 37.03498], [10.09051, 37.05106], [10.09451, 37.06546], [10.08842, 37.08374], [10.09422, 37.0952], [10.12369, 37.11361], [10.13056, 37.11181], [10.13124, 37.10756], [10.15678, 37.11516], [10.16184, 37.10887], [10.16961, 37.11107], [10.18051, 37.10659], [10.21632, 37.1112], [10.20761, 37.09644], [10.21546, 37.11083], [10.19882, 37.10384], [10.18746, 37.09288], [10.20453, 37.09993], [10.19359, 37.09305], [10.19611, 37.08906], [10.19287, 37.09173], [10.18618, 37.08507], [10.1776, 37.06543], [10.17937, 37.0393], [10.20514, 36.98229], [10.19406, 36.97818], [10.18765, 36.96299], [10.17199, 36.95284], [10.16767, 36.97229], [10.15624, 36.96755], [10.15193, 36.97077], [10.14353, 36.96485], [10.15951, 36.95029], [10.14045, 36.94629], [10.11411, 36.92479], [10.1179, 36.91373], [10.13043, 36.91415], [10.12824, 36.90665], [10.13286, 36.89986], [10.14394, 36.89895], [10.15424, 36.89073], [10.14828, 36.87904], [10.13841, 36.88096], [10.13053, 36.88857], [10.1173, 36.88718], [10.10374, 36.91984], [10.06679, 36.97716], [10.05633, 36.96404], [10.04892, 36.97436], [10.03095, 36.98493], [10.06605, 37.00666]]]}}, {"type": "Feature", "properties": {"shapeID": "11933810B35489062673947", "shapeName": "\u0642\u0635\u0631 \u0647\u0644\u0627\u0644"}, "geometry": {"type": "Polygon", "coordinates": [[[10.86011, 35.65939], [10.86264, 35.65595], [10.8813, 35.66483], [10.90301, 35.65406], [10.92494, 35.65077], [10.92348, 35.64599], [10.91094, 35.65108], [10.90776, 35.64428], [10.90504, 35.64571], [10.88938, 35.63477], [10.87668, 35.63301], [10.87164, 35.63017], [10.87395, 35.61633], [10.85197, 35.61077], [10.84195, 35.62421], [10.84993, 35.63345], [10.84631, 35.63652], [10.84775, 35.6404], [10.83053, 35.6441], [10.83709, 35.65069], [10.83748, 35.65747], [10.84988, 35.65337], [10.86011, 35.65939]]]}}, {"type": "Feature", "properties": {"shapeID": "11933810B27831601054676", "shapeName": "\u0642\u0631\u0645\u0628\u0627\u0644\u064a\u0629"}, "geometry": {"type": "Polygon", "coordinates": [[[10.43438, 36.69507], [10.43789, 36.68824], [10.46352, 36.68817], [10.50444, 36.65748], [10.51604, 36.6391], [10.51686, 36.6433], [10.52995, 36.62766], [10.53361, 36.6162], [10.5531, 36.62709], [10.58154, 36.60367], [10.57892, 36.58697], [10.55136, 36.57729], [10.54899, 36.56685], [10.52192, 36.54669], [10.51426, 36.5485], [10.49277, 36.54096], [10.50028, 36.5233], [10.48788, 36.50934], [10.47225, 36.51033], [10.43903, 36.49694], [10.43096, 36.48914], [10.40912, 36.48277], [10.39127, 36.49059], [10.38311, 36.48559], [10.34767, 36.48785], [10.34, 36.49806], [10.34425, 36.51348], [10.35457, 36.51597], [10.34809, 36.53393], [10.36049, 36.54086], [10.37874, 36.54399], [10.37997, 36.56555], [10.3627, 36.58252], [10.33722, 36.57423], [10.3323, 36.57696], [10.34378, 36.5915], [10.37205, 36.61492], [10.3743, 36.62837], [10.36681, 36.63585], [10.37305, 36.63917], [10.36588, 36.64581], [10.39153, 36.64482], [10.39442, 36.68384], [10.39784, 36.69652], [10.40386, 36.70133], [10.43438, 36.69507]]]}}, {"type": "Feature", "properties": {"shapeID": "11933810B33023449768384", "shapeName": "\u0642\u0628\u0644\u064a \u0627\u0644\u062c\u0646\u0648\u0628\u064a\u0629"}, "geometry": {"type": "Polygon", "coordinates": [[[8.69234, 33.69611], [8.69955, 33.68826], [8.84294, 33.64494], [8.86643, 33.64842], [8.87335, 33.66476], [8.86645, 33.67832], [8.88271, 33.69734], [8.90438, 33.69401], [8.91904, 33.71438], [8.95159, 33.70754], [8.96043, 33.69684], [8.95198, 33.68511], [8.95001, 33.66661], [8.93807, 33.65268], [8.95184, 33.64049], [8.97153, 33.61252], [8.98346, 33.60837], [8.98561, 33.60415], [8.99411, 33.60544], [8.99852, 33.60023], [9.07586, 33.63667], [9.11355, 33.69663], [9.13398, 33.70534], [9.13484, 33.70876], [9.14583, 33.70529], [9.17671, 33.68216], [9.2664, 33.66008], [9.26863, 33.65605], [9.3173, 33.6544], [9.36713, 33.64526], [9.39727, 33.66258], [9.40095, 33.67063], [9.39941, 33.68416], [9.389, 33.6989], [9.39707, 33.69925], [9.42439, 33.69365], [9.44312, 33.68396], [9.4517, 33.66844], [9.46368, 33.62435], [9.51975, 33.62999], [9.53109, 33.63659], [9.53902, 33.6353], [9.53418, 33.616], [9.53645, 33.60524], [9.54085, 33.60191], [9.51152, 33.59794], [9.47959, 33.56705], [9.46734, 33.56103], [9.36617, 33.57571], [9.27965, 33.5212], [9.24105, 33.51742], [9.16638, 33.51943], [9.08226, 33.51485], [9.07316, 33.51771], [9.01061, 33.51504], [8.92435, 33.51975], [8.93419, 33.50376], [8.93, 33.49565], [8.90477, 33.49572], [8.89095, 33.48971], [8.87121, 33.49808], [8.85193, 33.47824], [8.82868, 33.50992], [8.80529, 33.51049], [8.80211, 33.51343], [8.79945, 33.51067], [8.77267, 33.52506], [8.77152, 33.53207], [8.69479, 33.61058], [8.59094, 33.72973], [8.60519, 33.72645], [8.61652, 33.72845], [8.61137, 33.72145], [8.62287, 33.71288], [8.63969, 33.7126], [8.64965, 33.71688], [8.67025, 33.7156], [8.669, 33.70668], [8.68462, 33.6954], [8.69234, 33.69611]]]}}, {"type": "Feature", "properties": {"shapeID": "11933810B10126944429848", "shapeName": "\u0642\u0627\u0628\u0633 \u0627\u0644\u0645\u062f\u064a\u0646\u0629"}, "geometry": {"type": "Polygon", "coordinates": [[[10.08482, 33.88362], [10.07737, 33.89358], [10.0838, 33.90505], [10.0726, 33.93039], [10.08223, 33.93577], [10.08588, 33.93058], [10.10693, 33.92777], [10.11305, 33.92459], [10.09901, 33.92757], [10.09515, 33.92441], [10.09654, 33.91915], [10.10926, 33.92194], [10.10352, 33.91685], [10.10457, 33.91072], [10.11289, 33.89623], [10.11727, 33.89702], [10.12047, 33.89531], [10.11687, 33.89679], [10.11177, 33.89366], [10.11898, 33.89494], [10.12275, 33.88356], [10.0863, 33.87178], [10.08482, 33.88362]]]}}, {"type": "Feature", "properties": {"shapeID": "11933810B98066234289129", "shapeName": "\u0641\u0631\u0646\u0627\u0646\u0629"}, "geometry": {"type": "Polygon", "coordinates": [[[8.49698, 36.7034], [8.52255, 36.69509], [8.53375, 36.69549], [8.56589, 36.70426], [8.57381, 36.7161], [8.58637, 36.72225], [8.60651, 36.74105], [8.60809, 36.73147], [8.60147, 36.72508], [8.61265, 36.71331], [8.61164, 36.69723], [8.63647, 36.67771], [8.64937, 36.67283], [8.65872, 36.70144], [8.67854, 36.7159], [8.67992, 36.73092], [8.69167, 36.7234], [8.69761, 36.72423], [8.72375, 36.74395], [8.74179, 36.74702], [8.74132, 36.73536], [8.74954, 36.72296], [8.7594, 36.72363], [8.77127, 36.70956], [8.81973, 36.71689], [8.82132, 36.69922], [8.81681, 36.69506], [8.80845, 36.69506], [8.78589, 36.67831], [8.77431, 36.64692], [8.78676, 36.62964], [8.8021, 36.6197], [8.80911, 36.60079], [8.79797, 36.59529], [8.80506, 36.58333], [8.77607, 36.5717], [8.73177, 36.57071], [8.72463, 36.55836], [8.72229, 36.58286], [8.71724, 36.59141], [8.72043, 36.59457], [8.71626, 36.59965], [8.71078, 36.59395], [8.69409, 36.59216], [8.69182, 36.58625], [8.6861, 36.5905], [8.67708, 36.58546], [8.66289, 36.5905], [8.64979, 36.58693], [8.64482, 36.58916], [8.63408, 36.58241], [8.63878, 36.57822], [8.63568, 36.57424], [8.63053, 36.5737], [8.61774, 36.58088], [8.61673, 36.59591], [8.60669, 36.60587], [8.57837, 36.60733], [8.56289, 36.59442], [8.55982, 36.59727], [8.56242, 36.60581], [8.55448, 36.61087], [8.53697, 36.60841], [8.53076, 36.59872], [8.53416, 36.5939], [8.52152, 36.57857], [8.51705, 36.58128], [8.51353, 36.59382], [8.5182, 36.59939], [8.50198, 36.61021], [8.48515, 36.60504], [8.47355, 36.61868], [8.4492, 36.61807], [8.4468, 36.62368], [8.45988, 36.65834], [8.45132, 36.66208], [8.47017, 36.66796], [8.48341, 36.68217], [8.48745, 36.69732], [8.48375, 36.69875], [8.49698, 36.7034]]]}}, {"type": "Feature", "properties": {"shapeID": "11933810B83790658636329", "shapeName": "\u063a\u0646\u0648\u0634"}, "geometry": {"type": "Polygon", "coordinates": [[[10.04986, 33.91371], [10.02628, 33.94082], [10.04651, 33.96265], [10.04306, 33.97825], [10.04836, 33.98213], [10.05669, 33.98087], [10.08223, 33.93577], [10.04986, 33.91371]]]}}, {"type": "Feature", "properties": {"shapeID": "11933810B65727884052892", "shapeName": "\u202b\u0639\u0642\u0627\u0631\u0628\u202c"}, "geometry": {"type": "Polygon", "coordinates": [[[10.61093, 34.80379], [10.60893, 34.80068], [10.61519, 34.79345], [10.60749, 34.78798], [10.61843, 34.77203], [10.60864, 34.77006], [10.62161, 34.7563], [10.61675, 34.74133], [10.64356, 34.74077], [10.64111, 34.73012], [10.62816, 34.72907], [10.61533, 34.71722], [10.61817, 34.70284], [10.58693, 34.69751], [10.6033, 34.68745], [10.61957, 34.68467], [10.61942, 34.6775], [10.62793, 34.66461], [10.67262, 34.62901], [10.66312, 34.62709], [10.65843, 34.63643], [10.65049, 34.63526], [10.64141, 34.62843], [10.64116, 34.61971], [10.63036, 34.616], [10.62406, 34.60019], [10.61353, 34.59351], [10.5823, 34.61678], [10.57841, 34.61489], [10.56733, 34.62357], [10.55812, 34.62394], [10.54137, 34.63686], [10.54347, 34.63987], [10.51151, 34.66234], [10.50027, 34.65583], [10.49534, 34.64777], [10.4969, 34.64216], [10.47862, 34.65336], [10.48057, 34.66081], [10.4766, 34.66307], [10.44162, 34.6612], [10.42752, 34.65528], [10.42377, 34.65961], [10.40177, 34.63435], [10.36693, 34.62755], [10.36414, 34.60678], [10.36718, 34.6018], [10.36135, 34.59843], [10.33065, 34.60776], [10.32728, 34.61865], [10.3067, 34.63413], [10.31096, 34.64795], [10.30951, 34.6626], [10.29502, 34.68546], [10.31132, 34.70006], [10.32494, 34.69787], [10.30313, 34.74244], [10.30582, 34.75843], [10.2932, 34.76929], [10.26718, 34.82238], [10.27289, 34.8337], [10.28948, 34.84684], [10.27987, 34.85458], [10.28997, 34.86501], [10.28649, 34.86694], [10.30947, 34.89965], [10.42534, 34.85936], [10.51866, 34.84405], [10.61093, 34.80379]]]}}, {"type": "Feature", "properties": {"shapeID": "11933810B89464736925123", "shapeName": "\u0637\u064a\u0646\u0629"}, "geometry": {"type": "Polygon", "coordinates": [[[10.69512, 34.73494], [10.70109, 34.72499], [10.70952, 34.72298], [10.73559, 34.70316], [10.74786, 34.6892], [10.74943, 34.6846], [10.72958, 34.66142], [10.73539, 34.65765], [10.71472, 34.64026], [10.67262, 34.62901], [10.62793, 34.66461], [10.61942, 34.6775], [10.61957, 34.68467], [10.6033, 34.68745], [10.58693, 34.69751], [10.61817, 34.70284], [10.61533, 34.71722], [10.62816, 34.72907], [10.69512, 34.73494]]]}}, {"type": "Feature", "properties": {"shapeID": "11933810B49609226357839", "shapeName": "\u0637\u0628\u0644\u0628\u0629"}, "geometry": {"type": "Polygon", "coordinates": [[[10.934, 35.65974], [10.92854, 35.66414], [10.95158, 35.65876], [10.95648, 35.66158], [10.95816, 35.66163], [10.95513, 35.66052], [10.95467, 35.65805], [10.9574, 35.66109], [10.96142, 35.65583], [10.98139, 35.65456], [10.98584, 35.6464], [11.00658, 35.63593], [11.0012, 35.62902], [11.00299, 35.62635], [10.99565, 35.62305], [10.98345, 35.62198], [10.97915, 35.62593], [10.9728, 35.61782], [10.95594, 35.61547], [10.94565, 35.62197], [10.93485, 35.62334], [10.93107, 35.64184], [10.93443, 35.64637], [10.92494, 35.65077], [10.934, 35.65974]]]}}, {"type": "Feature", "properties": {"shapeID": "11933810B10641809578431", "shapeName": "\u0635\u064a\u0627\u062f\u0629 - \u0644\u0645\u0637\u0629 - \u0628\u0648\u062d\u062c\u0631"}, "geometry": {"type": "Polygon", "coordinates": [[[10.90301, 35.65406], [10.8813, 35.66483], [10.86264, 35.65595], [10.86011, 35.65939], [10.85689, 35.655], [10.85144, 35.6693], [10.85449, 35.67258], [10.84928, 35.67365], [10.84976, 35.67647], [10.86598, 35.67307], [10.86255, 35.67722], [10.86838, 35.68382], [10.88707, 35.67433], [10.89445, 35.67643], [10.89268, 35.67312], [10.91415, 35.66897], [10.934, 35.65974], [10.92494, 35.65077], [10.90301, 35.65406]]]}}, {"type": "Feature", "properties": {"shapeID": "11933810B93819416666054", "shapeName": "\u0633\u0648\u0633\u0629 \u062c\u0648\u0647\u0631\u0629"}, "geometry": {"type": "Polygon", "coordinates": [[[10.60384, 35.85403], [10.63173, 35.83177], [10.63472, 35.82177], [10.62934, 35.81314], [10.61434, 35.80248], [10.59482, 35.82042], [10.58304, 35.83945], [10.60384, 35.85403]]]}}, {"type": "Feature", "properties": {"shapeID": "11933810B21860369421282", "shapeName": "\u0631\u0623\u0633 \u0627\u0644\u062c\u0628\u0644"}, "geometry": {"type": "Polygon", "coordinates": [[[10.00856, 37.21388], [10.01401, 37.22504], [10.01186, 37.22926], [10.01647, 37.22959], [10.00847, 37.2356], [10.00898, 37.2497], [10.06802, 37.26905], [10.07023, 37.25888], [10.08695, 37.241], [10.12446, 37.23751], [10.14906, 37.22815], [10.16781, 37.21487], [10.19466, 37.20663], [10.19237, 37.20435], [10.20857, 37.19712], [10.20993, 37.18945], [10.21758, 37.18545], [10.26667, 37.18155], [10.23373, 37.17612], [10.17861, 37.1796], [10.16876, 37.18552], [10.14466, 37.18401], [10.10023, 37.19702], [10.0802, 37.21587], [10.06437, 37.20741], [10.04769, 37.21497], [10.04016, 37.20206], [10.00856, 37.21388]]]}}, {"type": "Feature", "properties": {"shapeID": "11933810B55404586431180", "shapeName": "\u0635\u0641\u0627\u0642\u0633 \u0627\u0644\u063a\u0631\u0628\u064a\u0629"}, "geometry": {"type": "Polygon", "coordinates": [[[10.69292, 34.74023], [10.71818, 34.76116], [10.75233, 34.74117], [10.7469, 34.73055], [10.72375, 34.70952], [10.70952, 34.72298], [10.70109, 34.72499], [10.69292, 34.74023]]]}}, {"type": "Feature", "properties": {"shapeID": "11933810B91827641175132", "shapeName": "\u0642\u0635\u064a\u0628\u0629 \u0627\u0644\u0645\u062f\u064a\u0648\u0646\u064a"}, "geometry": {"type": "Polygon", "coordinates": [[[10.82233, 35.59918], [10.82449, 35.61116], [10.80903, 35.63965], [10.79304, 35.64898], [10.78443, 35.64965], [10.79557, 35.65252], [10.80859, 35.67091], [10.80379, 35.68555], [10.8127, 35.68713], [10.81039, 35.69182], [10.82128, 35.69171], [10.83303, 35.69751], [10.85693, 35.68455], [10.86838, 35.68382], [10.86255, 35.67722], [10.86598, 35.67307], [10.84976, 35.67647], [10.84928, 35.67365], [10.85449, 35.67258], [10.85144, 35.6693], [10.85706, 35.6533], [10.83748, 35.65747], [10.83709, 35.65069], [10.83053, 35.6441], [10.84775, 35.6404], [10.84631, 35.63652], [10.84993, 35.63345], [10.84195, 35.62421], [10.85001, 35.61227], [10.82938, 35.59277], [10.82233, 35.59918]]]}}, {"type": "Feature", "properties": {"shapeID": "11933810B81652618880798", "shapeName": "\u0628\u0648\u0639\u0631\u0627\u062f\u0629"}, "geometry": {"type": "Polygon", "coordinates": [[[9.48608, 36.25439], [9.49241, 36.25655], [9.49009, 36.26177], [9.49384, 36.25664], [9.49346, 36.25172], [9.51049, 36.24388], [9.52437, 36.26561], [9.55056, 36.27772], [9.5372, 36.28014], [9.53123, 36.29078], [9.52748, 36.28959], [9.5229, 36.29574], [9.54672, 36.31938], [9.55131, 36.3146], [9.55742, 36.31511], [9.57133, 36.32329], [9.57573, 36.33412], [9.5861, 36.33517], [9.59486, 36.34197], [9.57134, 36.3501], [9.55319, 36.36632], [9.55274, 36.37145], [9.54471, 36.36884], [9.5419, 36.37258], [9.53167, 36.3719], [9.54939, 36.38284], [9.56199, 36.40892], [9.57854, 36.41882], [9.57512, 36.42068], [9.57615, 36.42662], [9.62901, 36.42605], [9.64256, 36.42122], [9.64751, 36.41228], [9.65248, 36.41086], [9.65564, 36.42733], [9.69819, 36.44605], [9.71134, 36.44041], [9.73917, 36.45074], [9.74779, 36.44982], [9.74516, 36.44688], [9.75429, 36.4424], [9.75387, 36.43743], [9.74945, 36.43693], [9.75394, 36.43303], [9.75001, 36.42887], [9.76102, 36.41019], [9.75102, 36.40743], [9.75786, 36.38637], [9.75462, 36.35641], [9.73439, 36.34979], [9.71664, 36.33375], [9.72398, 36.31469], [9.70392, 36.30194], [9.6863, 36.29943], [9.67143, 36.28947], [9.6367, 36.28862], [9.6182, 36.26754], [9.59554, 36.26053], [9.59766, 36.25015], [9.60845, 36.24817], [9.61513, 36.23943], [9.63704, 36.23481], [9.64418, 36.22481], [9.64937, 36.22434], [9.64811, 36.21496], [9.61564, 36.19353], [9.60476, 36.19056], [9.60167, 36.18433], [9.58786, 36.18097], [9.58127, 36.18355], [9.57914, 36.17919], [9.5617, 36.17641], [9.53631, 36.18151], [9.53138, 36.1773], [9.52014, 36.1814], [9.51812, 36.18707], [9.50217, 36.19979], [9.49893, 36.21404], [9.48904, 36.22176], [9.48005, 36.23968], [9.48608, 36.25439]]]}}, {"type": "Feature", "properties": {"shapeID": "11933810B45632571730396", "shapeName": "\u0633\u064a\u062f\u064a \u0628\u0648 \u0639\u0644\u064a"}, "geometry": {"type": "Polygon", "coordinates": [[[10.32091, 36.01949], [10.37075, 36.01196], [10.36569, 36.02481], [10.35848, 36.02842], [10.35994, 36.03112], [10.37225, 36.02949], [10.39594, 36.01053], [10.39607, 36.00442], [10.406, 35.99888], [10.41082, 36.00191], [10.40676, 36.00625], [10.42167, 36.01406], [10.43829, 35.99561], [10.4574, 36.01052], [10.45941, 36.00683], [10.45569, 36.00643], [10.45566, 36.00184], [10.46072, 35.99883], [10.4757, 35.99125], [10.47445, 35.99819], [10.48054, 36.00014], [10.49479, 35.99108], [10.47801, 35.98861], [10.47323, 35.98432], [10.49568, 35.97104], [10.51752, 35.96965], [10.53408, 35.97319], [10.53958, 35.96462], [10.52793, 35.96905], [10.52188, 35.96252], [10.50634, 35.95686], [10.5108, 35.94693], [10.51038, 35.93605], [10.49647, 35.94136], [10.45499, 35.91581], [10.4528, 35.909], [10.43691, 35.91141], [10.35667, 35.94678], [10.35513, 35.95623], [10.35071, 35.96001], [10.35599, 35.9678], [10.34989, 35.97113], [10.36577, 35.97933], [10.32183, 35.98572], [10.32414, 35.99356], [10.31539, 35.99488], [10.32091, 36.01949]]]}}, {"type": "Feature", "properties": {"shapeID": "11933810B19204281524577", "shapeName": "\u0633\u064a\u062f\u064a \u0627\u0644\u0647\u0627\u0646\u064a"}, "geometry": {"type": "Polygon", "coordinates": [[[10.27012, 35.63919], [10.2648, 35.65823], [10.25574, 35.66681], [10.25265, 35.68152], [10.231, 35.70379], [10.21282, 35.71162], [10.21417, 35.73894], [10.2069, 35.74455], [10.20308, 35.76447], [10.1978, 35.77081], [10.20531, 35.77627], [10.21604, 35.77683], [10.21836, 35.78539], [10.22857, 35.7911], [10.23115, 35.7957], [10.22892, 35.81393], [10.24419, 35.80772], [10.27338, 35.80633], [10.3176, 35.80486], [10.31992, 35.80869], [10.33502, 35.80952], [10.36707, 35.78907], [10.37532, 35.77951], [10.36989, 35.77361], [10.37633, 35.76777], [10.39099, 35.7578], [10.39684, 35.75896], [10.39247, 35.75036], [10.39483, 35.74618], [10.41461, 35.74677], [10.43088, 35.75755], [10.44564, 35.74216], [10.40845, 35.742], [10.38639, 35.72786], [10.38116, 35.72852], [10.40043, 35.70559], [10.40201, 35.69242], [10.41317, 35.69214], [10.43334, 35.67175], [10.43661, 35.66188], [10.42316, 35.65697], [10.43734, 35.64842], [10.44119, 35.63928], [10.40076, 35.63614], [10.36437, 35.62498], [10.3587, 35.61759], [10.33158, 35.61759], [10.32368, 35.61047], [10.31591, 35.58522], [10.30727, 35.58501], [10.27012, 35.63919]]]}}, {"type": "Feature", "properties": {"shapeID": "11933810B13786823130754", "shapeName": "\u0633\u064a\u062f\u064a \u0627\u0644\u0628\u0634\u064a\u0631"}, "geometry": {"type": "Polygon", "coordinates": [[[10.17988, 36.79505], [10.18075, 36.78921], [10.19081, 36.78481], [10.18714, 36.78136], [10.18052, 36.78349], [10.18332, 36.77674], [10.17571, 36.77511], [10.16823, 36.77966], [10.17067, 36.78511], [10.16304, 36.79348], [10.17988, 36.79505]]]}}, {"type": "Feature", "properties": {"shapeID": "11933810B12415666618118", "shapeName": "\u0628\u0627\u062c\u0629 \u0627\u0644\u0634\u0645\u0627\u0644\u064a\u0629"}, "geometry": {"type": "Polygon", "coordinates": [[[9.33643, 36.70673], [9.32231, 36.70096], [9.29971, 36.70426], [9.27051, 36.72061], [9.26072, 36.73141], [9.22071, 36.73654], [9.18829, 36.72686], [9.17609, 36.71517], [9.17019, 36.72068], [9.17154, 36.72639], [9.16376, 36.72604], [9.13857, 36.70915], [9.08237, 36.68653], [9.06763, 36.70209], [9.06862, 36.71263], [9.06358, 36.71331], [9.07009, 36.72483], [9.07949, 36.72775], [9.08177, 36.7344], [9.08784, 36.73388], [9.13557, 36.76998], [9.13994, 36.7799], [9.13255, 36.78221], [9.13111, 36.79364], [9.12644, 36.79803], [9.12679, 36.8275], [9.15229, 36.85367], [9.18038, 36.86692], [9.17065, 36.8699], [9.16255, 36.88177], [9.14867, 36.88194], [9.14282, 36.89081], [9.16985, 36.90379], [9.18084, 36.91821], [9.21558, 36.91612], [9.22058, 36.92198], [9.23274, 36.91173], [9.24548, 36.91159], [9.24786, 36.90588], [9.2639, 36.9001], [9.26782, 36.8951], [9.29389, 36.89227], [9.29724, 36.88112], [9.31271, 36.87145], [9.31917, 36.87315], [9.31919, 36.88158], [9.32774, 36.88563], [9.33236, 36.87805], [9.33995, 36.87781], [9.36014, 36.86079], [9.38452, 36.84945], [9.38362, 36.8429], [9.38995, 36.83808], [9.37946, 36.83372], [9.35989, 36.80745], [9.35727, 36.7845], [9.34493, 36.76688], [9.35251, 36.75564], [9.3759, 36.74678], [9.3674, 36.72494], [9.35137, 36.71088], [9.34172, 36.70778], [9.34784, 36.7026], [9.34645, 36.6984], [9.33643, 36.70673]]]}}, {"type": "Feature", "properties": {"shapeID": "11933810B21725458188720", "shapeName": "\u0642\u0639\u0641\u0648\u0631"}, "geometry": {"type": "Polygon", "coordinates": [[[9.31873, 36.35965], [9.34041, 36.34769], [9.34641, 36.33407], [9.35813, 36.33338], [9.35534, 36.33744], [9.36435, 36.33818], [9.37055, 36.33606], [9.37201, 36.32992], [9.37798, 36.33313], [9.38585, 36.32382], [9.39328, 36.32482], [9.38985, 36.31732], [9.39431, 36.30881], [9.41186, 36.30196], [9.41092, 36.29577], [9.41783, 36.29133], [9.43207, 36.26799], [9.4828, 36.24731], [9.48005, 36.23968], [9.48904, 36.22176], [9.49893, 36.21404], [9.50217, 36.19979], [9.51812, 36.18707], [9.52014, 36.1814], [9.527, 36.17888], [9.50564, 36.16732], [9.47834, 36.17106], [9.48392, 36.15319], [9.49457, 36.14193], [9.49278, 36.13979], [9.47216, 36.14674], [9.46954, 36.14161], [9.45851, 36.13981], [9.44542, 36.14324], [9.43156, 36.1405], [9.41448, 36.15693], [9.37075, 36.15052], [9.35144, 36.15766], [9.3323, 36.14036], [9.32243, 36.13953], [9.31539, 36.15333], [9.29857, 36.14525], [9.29033, 36.13444], [9.27672, 36.13388], [9.27732, 36.14078], [9.24059, 36.13386], [9.21678, 36.1772], [9.23401, 36.20798], [9.20118, 36.23346], [9.1991, 36.24972], [9.1917, 36.25488], [9.2009, 36.26796], [9.21826, 36.26646], [9.21985, 36.27908], [9.22912, 36.27881], [9.22903, 36.28759], [9.24026, 36.29202], [9.23487, 36.29403], [9.23435, 36.30164], [9.25778, 36.31844], [9.26362, 36.32909], [9.27546, 36.33866], [9.2864, 36.35982], [9.3153, 36.37283], [9.31873, 36.35965]]]}}, {"type": "Feature", "properties": {"shapeID": "11933810B54708226655560", "shapeName": "\u0627\u0644\u0645\u062a\u0644\u0648\u064a"}, "geometry": {"type": "Polygon", "coordinates": [[[8.14651, 34.23564], [8.1492, 34.25306], [8.19033, 34.25429], [8.2463, 34.28007], [8.24421, 34.29099], [8.21258, 34.32409], [8.20993, 34.35486], [8.21847, 34.36406], [8.22763, 34.36708], [8.24641, 34.36463], [8.33249, 34.34845], [8.34054, 34.35144], [8.34795, 34.36389], [8.34308, 34.37329], [8.34725, 34.3804], [8.3359, 34.38592], [8.34342, 34.40205], [8.37695, 34.40941], [8.39436, 34.40413], [8.41018, 34.40698], [8.41914, 34.41481], [8.42853, 34.41163], [8.48517, 34.41772], [8.51354, 34.39865], [8.48826, 34.3805], [8.49396, 34.37145], [8.49148, 34.36361], [8.50575, 34.36056], [8.50763, 34.35453], [8.47619, 34.33812], [8.47862, 34.33283], [8.47586, 34.32912], [8.48009, 34.32346], [8.47463, 34.31507], [8.47877, 34.29756], [8.47405, 34.28201], [8.47619, 34.2639], [8.47337, 34.25277], [8.48033, 34.24407], [8.47532, 34.23932], [8.48014, 34.23044], [8.49119, 34.24109], [8.50957, 34.23797], [8.52048, 34.22494], [8.53313, 34.22298], [8.54544, 34.19812], [8.5906, 34.1956], [8.60301, 34.20219], [8.59298, 34.16107], [8.58647, 34.1556], [8.59435, 34.13036], [8.58863, 34.09343], [8.5924, 34.06385], [8.53702, 34.061], [8.51813, 34.06601], [8.47159, 34.0677], [8.41184, 34.06316], [8.38709, 34.05286], [8.37205, 34.0558], [8.34887, 34.05307], [8.33916, 34.06697], [8.33375, 34.08336], [8.3437, 34.10758], [8.34077, 34.11448], [8.32773, 34.12228], [8.32839, 34.15706], [8.29026, 34.15028], [8.15476, 34.20219], [8.14651, 34.23564]]]}}, {"type": "Feature", "properties": {"shapeID": "11933810B97114621769355", "shapeName": "\u202b\u0627\u0644\u0635\u062e\u06cc\u0631\u0629\u202c"}, "geometry": {"type": "Polygon", "coordinates": [[[9.76151, 34.27435], [9.75435, 34.28434], [9.75524, 34.29019], [9.74592, 34.3003], [9.74134, 34.31594], [9.72005, 34.33308], [9.72314, 34.33719], [9.76438, 34.34603], [9.77492, 34.35133], [9.77947, 34.35849], [9.80099, 34.36488], [9.82412, 34.36736], [9.83208, 34.36345], [9.85912, 34.37021], [9.88746, 34.39682], [9.89838, 34.42057], [9.92079, 34.43168], [9.9162, 34.44628], [9.91682, 34.45939], [9.92444, 34.46776], [9.9358, 34.45065], [9.94109, 34.44731], [9.94755, 34.44999], [9.9624, 34.45877], [9.9739, 34.47187], [9.99129, 34.48063], [9.99664, 34.49009], [10.00758, 34.48666], [10.04715, 34.52237], [10.05984, 34.52583], [10.0792, 34.52186], [10.08207, 34.51651], [10.09798, 34.51002], [10.10549, 34.48587], [10.10961, 34.48371], [10.10732, 34.46864], [10.11485, 34.45917], [10.11356, 34.44604], [10.12665, 34.42588], [10.15444, 34.42214], [10.17758, 34.40639], [10.19764, 34.38666], [10.18003, 34.33515], [10.17362, 34.33864], [10.1702, 34.32597], [10.15765, 34.32936], [10.15778, 34.32255], [10.15743, 34.32881], [10.14018, 34.32489], [10.14596, 34.31682], [10.14034, 34.32249], [10.12222, 34.3174], [10.0998, 34.29464], [10.09764, 34.2874], [10.09308, 34.28667], [10.06517, 34.23134], [10.0452, 34.20491], [10.05163, 34.22477], [10.0433, 34.2269], [10.03782, 34.22155], [10.04288, 34.21739], [10.04064, 34.21176], [10.02913, 34.2062], [10.04115, 34.20302], [10.04301, 34.20638], [10.04345, 34.1886], [10.03928, 34.17656], [10.03361, 34.168], [10.03711, 34.17632], [10.03306, 34.17327], [10.02934, 34.17279], [10.034, 34.17429], [10.03651, 34.17761], [10.03401, 34.17545], [10.02812, 34.17383], [10.03308, 34.17558], [10.0344, 34.18161], [10.02815, 34.1764], [10.0254, 34.17925], [10.0285, 34.18025], [10.0223, 34.17902], [10.02171, 34.18108], [10.02761, 34.18308], [10.02296, 34.18235], [10.01651, 34.1909], [10.01101, 34.19323], [10.00114, 34.18824], [9.98245, 34.19701], [9.96592, 34.21114], [9.94913, 34.2055], [9.9343, 34.2062], [9.92203, 34.19656], [9.92218, 34.18957], [9.91756, 34.18574], [9.92376, 34.18142], [9.92215, 34.17833], [9.89568, 34.16876], [9.89162, 34.17913], [9.8636, 34.19867], [9.86522, 34.20683], [9.85446, 34.21579], [9.85195, 34.2277], [9.82523, 34.23807], [9.81599, 34.22927], [9.81864, 34.22044], [9.7549, 34.22013], [9.7111, 34.2815], [9.76151, 34.27435]]]}}, {"type": "Feature", "properties": {"shapeID": "11933810B76195291286542", "shapeName": "\u0627\u0644\u0632\u0627\u0648\u064a\u0629 \u0642\u0635\u064a\u0628\u0629 \u0627\u0644\u062b\u0631\u064a\u0627\u062a"}, "geometry": {"type": "Polygon", "coordinates": [[[10.61399, 35.74883], [10.60362, 35.7575], [10.61486, 35.75327], [10.62226, 35.76532], [10.60384, 35.7667], [10.60871, 35.77548], [10.60443, 35.7797], [10.58172, 35.7689], [10.5753, 35.78365], [10.61434, 35.80248], [10.62716, 35.79678], [10.64209, 35.79653], [10.6428, 35.7927], [10.65159, 35.79533], [10.65844, 35.77092], [10.68034, 35.78134], [10.66987, 35.77152], [10.67566, 35.75716], [10.6675, 35.74876], [10.66802, 35.74163], [10.64424, 35.743], [10.63436, 35.73385], [10.62337, 35.73302], [10.61399, 35.74883]]]}}, {"type": "Feature", "properties": {"shapeID": "11933810B97530891468779", "shapeName": "\u0627\u0644\u0645\u062f\u064a\u0646\u0629 \u0627\u0644\u062c\u062f\u064a\u062f\u0629"}, "geometry": {"type": "Polygon", "coordinates": [[[10.24732, 36.72179], [10.24746, 36.71275], [10.236, 36.72472], [10.22726, 36.74423], [10.23388, 36.74437], [10.24681, 36.75551], [10.27475, 36.74088], [10.25651, 36.736], [10.25324, 36.72501], [10.24732, 36.72179]]]}}, {"type": "Feature", "properties": {"shapeID": "11933810B40013450318318", "shapeName": "\u0633\u0648\u0633\u0629 \u0627\u0644\u0631\u064a\u0627\u0636"}, "geometry": {"type": "Polygon", "coordinates": [[[10.57263, 35.78758], [10.54927, 35.78925], [10.58052, 35.80493], [10.5913, 35.82521], [10.61434, 35.80248], [10.5753, 35.78365], [10.57263, 35.78758]]]}}, {"type": "Feature", "properties": {"shapeID": "11933810B9968739853543", "shapeName": "\u0646\u0641\u0637\u0629"}, "geometry": {"type": "Polygon", "coordinates": [[[7.82962, 34.11455], [7.86433, 34.13323], [7.88653, 34.11976], [7.97791, 34.12837], [7.97498, 33.97534], [7.96335, 33.94107], [7.96612, 33.93119], [7.96052, 33.93014], [7.96178, 33.92519], [8.00725, 33.93515], [8.01347, 33.90396], [8.02317, 33.88668], [8.00787, 33.86656], [8.01059, 33.85562], [8.0533, 33.80161], [8.09035, 33.7358], [8.14482, 33.66011], [8.02858, 33.57404], [7.92918, 33.50693], [7.87062, 33.56172], [7.79992, 33.64137], [7.7426, 33.69447], [7.71904, 33.74691], [7.72665, 33.79444], [7.71101, 33.81692], [7.7001, 33.82407], [7.73028, 33.84896], [7.75698, 33.91251], [7.73974, 33.97723], [7.75177, 34.10768], [7.82962, 34.11455]]]}}, {"type": "Feature", "properties": {"shapeID": "11933810B18034425554259", "shapeName": "\u0647\u0628\u064a\u0631\u0629"}, "geometry": {"type": "Polygon", "coordinates": [[[10.37127, 35.34497], [10.36372, 35.35118], [10.35589, 35.35093], [10.34878, 35.36461], [10.34557, 35.35129], [10.34905, 35.33214], [10.34521, 35.33354], [10.34333, 35.34146], [10.33538, 35.32175], [10.32618, 35.32911], [10.32081, 35.32006], [10.30231, 35.31405], [10.29803, 35.30708], [10.27884, 35.29446], [10.26946, 35.27788], [10.28614, 35.26347], [10.28549, 35.25357], [10.29281, 35.23347], [10.29838, 35.23706], [10.30511, 35.22835], [10.32687, 35.22125], [10.36099, 35.19288], [10.35984, 35.18423], [10.34278, 35.16204], [10.31866, 35.14621], [10.32045, 35.14326], [10.29096, 35.13049], [10.28142, 35.13032], [10.22899, 35.15348], [10.22295, 35.15303], [10.21063, 35.18681], [10.22056, 35.19755], [10.20488, 35.21392], [10.17437, 35.26661], [10.20513, 35.32054], [10.1921, 35.33527], [10.16722, 35.34525], [10.16056, 35.357], [10.17637, 35.38761], [10.17651, 35.40381], [10.18202, 35.42146], [10.18923, 35.42412], [10.20143, 35.40068], [10.2278, 35.36779], [10.28664, 35.38352], [10.29817, 35.37155], [10.30229, 35.37154], [10.3233, 35.38602], [10.33179, 35.38159], [10.34387, 35.38426], [10.34532, 35.37856], [10.35155, 35.37884], [10.34923, 35.37477], [10.35246, 35.36905], [10.3768, 35.36456], [10.37127, 35.34497]]]}}, {"type": "Feature", "properties": {"shapeID": "11933810B2611958153952", "shapeName": "\u0627\u0644\u0628\u0637\u0627\u0646"}, "geometry": {"type": "Polygon", "coordinates": [[[9.76227, 36.73094], [9.74179, 36.71212], [9.7366, 36.71481], [9.73792, 36.72255], [9.71379, 36.73326], [9.70815, 36.74371], [9.69646, 36.74485], [9.68133, 36.75432], [9.64691, 36.75774], [9.61649, 36.77663], [9.62747, 36.7808], [9.62998, 36.79359], [9.64267, 36.80347], [9.64697, 36.80398], [9.64633, 36.79558], [9.65152, 36.78569], [9.65817, 36.78077], [9.6643, 36.78155], [9.69482, 36.79299], [9.71451, 36.79418], [9.71704, 36.80795], [9.77549, 36.82438], [9.78336, 36.8187], [9.79573, 36.81536], [9.80379, 36.81894], [9.8062, 36.81539], [9.81049, 36.8288], [9.8321, 36.82865], [9.82596, 36.81818], [9.82818, 36.81573], [9.84823, 36.80831], [9.85366, 36.81784], [9.86733, 36.81191], [9.87229, 36.79512], [9.88025, 36.78974], [9.86802, 36.77242], [9.85782, 36.76747], [9.86533, 36.75045], [9.84041, 36.74097], [9.82906, 36.74671], [9.82027, 36.74472], [9.81916, 36.74072], [9.79678, 36.74763], [9.7898, 36.73594], [9.77491, 36.72963], [9.76227, 36.73094]]]}}, {"type": "Feature", "properties": {"shapeID": "11933810B25147295271575", "shapeName": "\u0627\u0644\u062d\u0645\u0627\u0645\u0627\u062a"}, "geometry": {"type": "Polygon", "coordinates": [[[10.63291, 36.46249], [10.64096, 36.46568], [10.63983, 36.46879], [10.64832, 36.46773], [10.66095, 36.45367], [10.67808, 36.44385], [10.67412, 36.43961], [10.68569, 36.42597], [10.65554, 36.40543], [10.62963, 36.39968], [10.61657, 36.39215], [10.59868, 36.40344], [10.56727, 36.39357], [10.55093, 36.37921], [10.54856, 36.37623], [10.54964, 36.37432], [10.54695, 36.36903], [10.54919, 36.37399], [10.54492, 36.37684], [10.54313, 36.37603], [10.54663, 36.37095], [10.54171, 36.36951], [10.52581, 36.34727], [10.50547, 36.30836], [10.4963, 36.31301], [10.4962, 36.32406], [10.51403, 36.34199], [10.53185, 36.37039], [10.50649, 36.39177], [10.47468, 36.35348], [10.45458, 36.36787], [10.42577, 36.37699], [10.40154, 36.37786], [10.38785, 36.38433], [10.36729, 36.38287], [10.3553, 36.40277], [10.35463, 36.41243], [10.34442, 36.42348], [10.34409, 36.43401], [10.34746, 36.43665], [10.34491, 36.44471], [10.35155, 36.45327], [10.34555, 36.46687], [10.35282, 36.47792], [10.34767, 36.48785], [10.38311, 36.48559], [10.39127, 36.49059], [10.40912, 36.48277], [10.4153, 36.48387], [10.47225, 36.51033], [10.4955, 36.50645], [10.49678, 36.50124], [10.51571, 36.49153], [10.5344, 36.4974], [10.53854, 36.484], [10.54863, 36.47732], [10.55547, 36.47753], [10.55752, 36.48267], [10.57859, 36.49155], [10.58297, 36.47915], [10.57074, 36.45894], [10.5902, 36.47017], [10.5976, 36.46696], [10.60084, 36.46014], [10.62369, 36.46124], [10.6195, 36.46337], [10.63291, 36.46249]]]}}, {"type": "Feature", "properties": {"shapeID": "11933810B34035527934296", "shapeName": "\u0627\u0644\u0633\u0631\u0633"}, "geometry": {"type": "Polygon", "coordinates": [[[9.08553, 35.94351], [9.07044, 35.95563], [9.06576, 35.96734], [9.05783, 35.96366], [9.00846, 35.96398], [8.98586, 35.9705], [8.96985, 35.99197], [8.97205, 36.00416], [8.94357, 36.02289], [8.93365, 36.06478], [8.92297, 36.0796], [8.91406, 36.07753], [8.87787, 36.0501], [8.86738, 36.04966], [8.86173, 36.06026], [8.85051, 36.06701], [8.841, 36.05535], [8.83488, 36.03863], [8.80856, 36.03889], [8.77965, 36.08221], [8.77728, 36.0922], [8.76806, 36.09814], [8.77197, 36.10745], [8.76758, 36.11698], [8.79092, 36.10458], [8.8214, 36.11231], [8.83634, 36.10884], [8.84299, 36.11726], [8.85565, 36.12133], [8.85672, 36.12825], [8.89301, 36.15215], [8.90472, 36.1298], [8.90531, 36.1211], [8.92773, 36.10372], [8.94473, 36.09725], [8.97278, 36.12143], [8.98251, 36.12452], [8.98565, 36.13193], [8.99697, 36.14031], [8.99468, 36.14656], [9.01023, 36.16686], [9.02772, 36.18165], [9.03569, 36.18301], [9.03803, 36.17816], [9.03215, 36.15878], [9.04309, 36.13716], [9.06492, 36.13378], [9.09135, 36.11513], [9.11066, 36.11961], [9.12163, 36.10245], [9.13392, 36.10106], [9.14215, 36.0919], [9.15781, 36.08483], [9.16048, 36.07918], [9.15596, 36.07503], [9.15574, 36.06827], [9.16362, 36.05862], [9.15373, 36.04188], [9.15328, 36.03421], [9.15507, 36.03145], [9.16186, 36.03325], [9.17076, 36.02335], [9.15741, 36.01196], [9.16927, 36.0059], [9.14343, 35.9886], [9.11607, 35.97728], [9.1126, 35.96239], [9.09828, 35.94587], [9.08553, 35.94351]]]}}, {"type": "Feature", "properties": {"shapeID": "11933810B96784549406628", "shapeName": "\u0627\u0644\u0639\u0645\u0631\u0627\u0646 \u0627\u0644\u0623\u0639\u0644\u0649"}, "geometry": {"type": "Polygon", "coordinates": [[[10.12308, 36.83081], [10.12147, 36.83658], [10.11755, 36.83595], [10.11672, 36.84454], [10.13112, 36.84824], [10.13522, 36.8359], [10.14611, 36.82686], [10.13821, 36.82164], [10.12308, 36.83081]]]}}, {"type": "Feature", "properties": {"shapeID": "11933810B58410238411456", "shapeName": "\u0627\u0644\u0639\u064a\u0648\u0646"}, "geometry": {"type": "Polygon", "coordinates": [[[8.8125, 35.38567], [8.8124, 35.39678], [8.80334, 35.41624], [8.80704, 35.44758], [8.80048, 35.45617], [8.80887, 35.47214], [8.80657, 35.5042], [8.76351, 35.55525], [8.767, 35.5633], [8.75839, 35.56857], [8.78542, 35.60945], [8.80076, 35.60597], [8.83227, 35.61458], [8.85137, 35.60915], [8.86263, 35.61066], [8.86801, 35.59627], [8.8599, 35.58606], [8.87385, 35.58353], [8.89539, 35.59025], [8.8956, 35.59737], [8.90129, 35.6037], [8.8979, 35.61652], [8.92859, 35.61652], [8.94866, 35.60918], [8.95693, 35.61358], [8.96284, 35.6058], [8.98847, 35.59032], [9.0036, 35.58847], [9.00489, 35.56057], [8.9826, 35.5496], [8.9797, 35.54236], [8.99952, 35.5362], [9.00817, 35.51217], [9.00687, 35.50684], [9.01776, 35.50055], [9.01216, 35.50052], [9.01503, 35.47437], [9.01179, 35.46547], [8.98955, 35.46365], [8.95937, 35.437], [8.94161, 35.42836], [8.92132, 35.42516], [8.91588, 35.42837], [8.86658, 35.3951], [8.8694, 35.38873], [8.8567, 35.38115], [8.85985, 35.37767], [8.84771, 35.36978], [8.82117, 35.36246], [8.8125, 35.38567]]]}}, {"type": "Feature", "properties": {"shapeID": "11933810B56753019610878", "shapeName": "\u0627\u0644\u0643\u0628\u0627\u0631\u064a\u0629"}, "geometry": {"type": "Polygon", "coordinates": [[[10.17629, 36.71996], [10.17597, 36.72906], [10.1821, 36.73296], [10.17565, 36.73633], [10.17758, 36.73994], [10.16938, 36.75921], [10.19565, 36.76487], [10.20971, 36.74662], [10.18774, 36.7232], [10.17629, 36.71996]]]}}, {"type": "Feature", "properties": {"shapeID": "11933810B70692418830632", "shapeName": "\u0627\u0644\u0645\u0631\u0648\u062c"}, "geometry": {"type": "Polygon", "coordinates": [[[10.20485, 36.693], [10.19795, 36.7224], [10.18774, 36.7232], [10.20971, 36.74662], [10.22052, 36.73612], [10.23248, 36.73111], [10.24911, 36.71094], [10.20485, 36.693]]]}}, {"type": "Feature", "properties": {"shapeID": "11933810B18047024672055", "shapeName": "\u0628\u0646 \u0642\u0631\u062f\u0627\u0646"}, "geometry": {"type": "Polygon", "coordinates": [[[10.70199, 33.09616], [10.64741, 33.10483], [10.55905, 33.11218], [10.54938, 33.1186], [10.52354, 33.14886], [10.53876, 33.15323], [10.54712, 33.15112], [10.56637, 33.15958], [10.57047, 33.17198], [10.60905, 33.19698], [10.61659, 33.20855], [10.63256, 33.21521], [10.63865, 33.22411], [10.63764, 33.2287], [10.64738, 33.2327], [10.65507, 33.25617], [10.68058, 33.25732], [10.70692, 33.26602], [10.71342, 33.2649], [10.72529, 33.2731], [10.7353, 33.28727], [10.73472, 33.30276], [10.74099, 33.32811], [10.75271, 33.33936], [10.7543, 33.35466], [10.77244, 33.37434], [10.80197, 33.37014], [10.84955, 33.34563], [10.88997, 33.33493], [10.92764, 33.31651], [10.93984, 33.31595], [10.96292, 33.32212], [10.98653, 33.30686], [11.00517, 33.31728], [11.03922, 33.30091], [11.05158, 33.29926], [11.05735, 33.29003], [11.10988, 33.28974], [11.11412, 33.2931], [11.1171, 33.2851], [11.12256, 33.2813], [11.12457, 33.28374], [11.136, 33.26777], [11.15945, 33.25246], [11.1594, 33.24638], [11.16802, 33.23607], [11.16708, 33.22147], [11.17476, 33.20822], [11.1856, 33.20247], [11.21281, 33.20858], [11.23845, 33.20439], [11.26319, 33.20607], [11.3704, 33.18017], [11.38732, 33.18409], [11.39112, 33.18916], [11.41738, 33.17721], [11.4386, 33.18181], [11.44036, 33.17946], [11.44524, 33.17911], [11.43878, 33.18283], [11.44477, 33.1894], [11.44234, 33.19561], [11.38906, 33.22569], [11.3516, 33.25403], [11.32299, 33.26549], [11.32685, 33.26683], [11.36493, 33.24953], [11.40844, 33.21889], [11.48289, 33.18241], [11.52424, 33.16908], [11.54496, 33.16529], [11.56153, 33.16677], [11.5605, 33.14006], [11.53593, 33.08954], [11.52699, 33.07833], [11.51966, 33.01236], [11.52773, 32.98619], [11.51867, 32.9778], [11.51539, 32.95568], [11.49986, 32.93153], [11.4955, 32.91786], [11.50024, 32.89001], [11.49627, 32.87406], [11.50138, 32.83029], [11.48754, 32.76244], [11.49391, 32.7297], [11.49426, 32.69572], [11.48868, 32.68935], [11.48889, 32.67237], [11.47786, 32.65591], [11.49031, 32.64641], [11.50483, 32.60658], [11.55168, 32.58076], [11.59994, 32.51918], [11.595, 32.45445], [11.57253, 32.43777], [11.54893, 32.40865], [11.51885, 32.40017], [11.46209, 32.36902], [11.37278, 32.34139], [11.15529, 32.24992], [11.18121, 32.30626], [11.20091, 32.30958], [11.2236, 32.32146], [11.25666, 32.32999], [11.28787, 32.35215], [11.30868, 32.3565], [11.31594, 32.36494], [11.33536, 32.37304], [11.33597, 32.38156], [11.34198, 32.38756], [11.32554, 32.39849], [11.22574, 32.37674], [11.22163, 32.38769], [11.20228, 32.40813], [11.14445, 32.53301], [11.0964, 32.65868], [11.08482, 32.67561], [11.12669, 32.71766], [11.12168, 32.77531], [11.1097, 32.81498], [11.11525, 32.86588], [11.09402, 32.90117], [11.09257, 32.91325], [11.03984, 32.99636], [11.03794, 33.02238], [11.02158, 33.03451], [11.03355, 33.05349], [11.03635, 33.09507], [11.0163, 33.08981], [11.00589, 33.07901], [10.89762, 33.09328], [10.89228, 33.0893], [10.88464, 33.09157], [10.87218, 33.08256], [10.85517, 33.08897], [10.8228, 33.0887], [10.81108, 33.09325], [10.77277, 33.09701], [10.75852, 33.09538], [10.74208, 33.10222], [10.72877, 33.09576], [10.70199, 33.09616]]]}}, {"type": "Feature", "properties": {"shapeID": "11933810B71937428341343", "shapeName": "\u062c\u0631\u0628\u0629 \u0627\u062c\u064a\u0645"}, "geometry": {"type": "Polygon", "coordinates": [[[10.77116, 33.84511], [10.77277, 33.83827], [10.78818, 33.83405], [10.78868, 33.83058], [10.80344, 33.82297], [10.81807, 33.81922], [10.84177, 33.82022], [10.8508, 33.81315], [10.84361, 33.78965], [10.84652, 33.7861], [10.86124, 33.792], [10.87224, 33.77362], [10.87777, 33.77079], [10.8757, 33.75853], [10.86447, 33.74461], [10.86635, 33.73792], [10.91527, 33.67977], [10.90013, 33.67585], [10.89173, 33.66771], [10.88677, 33.63145], [10.87363, 33.63858], [10.8689, 33.65386], [10.87976, 33.67862], [10.87698, 33.69069], [10.83003, 33.73681], [10.81434, 33.73626], [10.79076, 33.72205], [10.78685, 33.70625], [10.78981, 33.69682], [10.7804, 33.70373], [10.761, 33.69945], [10.74938, 33.71661], [10.74386, 33.71982], [10.74106, 33.71612], [10.7438, 33.72011], [10.73681, 33.72914], [10.73452, 33.74405], [10.728, 33.75107], [10.73038, 33.75736], [10.72751, 33.76363], [10.73588, 33.77923], [10.74171, 33.7798], [10.7406, 33.78393], [10.74937, 33.79816], [10.74892, 33.84047], [10.77116, 33.84511]]]}}, {"type": "Feature", "properties": {"shapeID": "11933810B22764087432985", "shapeName": "\u062c\u0631\u0628\u0629 \u062d\u0648\u0645\u0629 \u0627\u0644\u0633\u0648\u0642"}, "geometry": {"type": "Polygon", "coordinates": [[[10.84652, 33.7861], [10.84361, 33.78965], [10.8508, 33.81315], [10.84177, 33.82022], [10.81807, 33.81922], [10.80344, 33.82297], [10.78868, 33.83058], [10.78818, 33.83405], [10.77277, 33.83827], [10.77116, 33.84511], [10.74892, 33.84047], [10.74291, 33.85472], [10.744, 33.85985], [10.74774, 33.85657], [10.75129, 33.86078], [10.74517, 33.87043], [10.7478, 33.8806], [10.74114, 33.87871], [10.74427, 33.88827], [10.79341, 33.89844], [10.79306, 33.90299], [10.79956, 33.89889], [10.82631, 33.8968], [10.8535, 33.88681], [10.85824, 33.8902], [10.85957, 33.8849], [10.87566, 33.87769], [10.88268, 33.87938], [10.91075, 33.87342], [10.9348, 33.87794], [10.93601, 33.88286], [10.92784, 33.89384], [10.9318, 33.89605], [10.88935, 33.91276], [10.89231, 33.91508], [10.92946, 33.89834], [10.9916, 33.85128], [10.97279, 33.83976], [10.96625, 33.82625], [10.94771, 33.81817], [10.94927, 33.81186], [10.92856, 33.80755], [10.91994, 33.81347], [10.90573, 33.80809], [10.89842, 33.81658], [10.88324, 33.80118], [10.84652, 33.7861]]]}}, {"type": "Feature", "properties": {"shapeID": "11933810B67956509398297", "shapeName": "\u062d\u0632\u0648\u0629"}, "geometry": {"type": "Polygon", "coordinates": [[[7.73974, 33.97723], [7.75698, 33.91251], [7.73028, 33.84896], [7.7001, 33.82407], [7.71101, 33.81692], [7.72665, 33.79444], [7.71904, 33.74691], [7.7426, 33.69447], [7.79992, 33.64137], [7.87062, 33.56172], [7.92918, 33.50693], [7.84735, 33.45661], [7.73658, 33.42466], [7.63385, 33.57211], [7.5965, 33.6481], [7.58915, 33.68826], [7.5648, 33.72721], [7.56215, 33.77744], [7.52541, 33.7983], [7.54721, 33.83684], [7.52198, 33.90508], [7.54142, 33.93798], [7.53994, 33.97516], [7.56039, 34.01462], [7.53456, 34.05256], [7.66377, 34.08816], [7.75177, 34.10768], [7.73974, 33.97723]]]}}, {"type": "Feature", "properties": {"shapeID": "11933810B81607479948477", "shapeName": "\u0632\u063a\u0648\u0627\u0646"}, "geometry": {"type": "Polygon", "coordinates": [[[10.34916, 36.34189], [10.34985, 36.35405], [10.32512, 36.35941], [10.31609, 36.36518], [10.30296, 36.36312], [10.29017, 36.37147], [10.26974, 36.37362], [10.25445, 36.39354], [10.2539, 36.40079], [10.23801, 36.40104], [10.23403, 36.38724], [10.22626, 36.38628], [10.19029, 36.36545], [10.18731, 36.36667], [10.18995, 36.3729], [10.18524, 36.38141], [10.16675, 36.39094], [10.11777, 36.35825], [10.11736, 36.35336], [10.10599, 36.34159], [10.05839, 36.30518], [10.03778, 36.30431], [10.01121, 36.3147], [10.00761, 36.32429], [10.00179, 36.32532], [10.00115, 36.33085], [10.00548, 36.33168], [10.00355, 36.33851], [10.00883, 36.33782], [10.01656, 36.35694], [10.01003, 36.36534], [10.00995, 36.39279], [10.0039, 36.39841], [10.01285, 36.4099], [10.04929, 36.40934], [10.06735, 36.43791], [10.06309, 36.4486], [10.07066, 36.45905], [10.07098, 36.46873], [10.08257, 36.4847], [10.14155, 36.48128], [10.14792, 36.48807], [10.17622, 36.49923], [10.18188, 36.50399], [10.18214, 36.51182], [10.19285, 36.51914], [10.19881, 36.51237], [10.22118, 36.50783], [10.25113, 36.50524], [10.25602, 36.50798], [10.27082, 36.50341], [10.25229, 36.47048], [10.24997, 36.46074], [10.25325, 36.4511], [10.26922, 36.4551], [10.27967, 36.44671], [10.28015, 36.45543], [10.29015, 36.46483], [10.34767, 36.48785], [10.35282, 36.47792], [10.34555, 36.46687], [10.35155, 36.45327], [10.34491, 36.44471], [10.34746, 36.43665], [10.34409, 36.43401], [10.34442, 36.42348], [10.35463, 36.41243], [10.3553, 36.40277], [10.36729, 36.38287], [10.3669, 36.36591], [10.37534, 36.35914], [10.36617, 36.34918], [10.37719, 36.31922], [10.34916, 36.34189]]]}}, {"type": "Feature", "properties": {"shapeID": "11933810B21220731511134", "shapeName": "\u0633\u0644\u064a\u0627\u0646\u0629 \u0627\u0644\u062c\u0646\u0648\u0628\u064a\u0629"}, "geometry": {"type": "Polygon", "coordinates": [[[9.30971, 35.88596], [9.3001, 35.89207], [9.2895, 35.89001], [9.28257, 35.89555], [9.2542, 35.9021], [9.25497, 35.91542], [9.26171, 35.92169], [9.25568, 35.92908], [9.25641, 35.94087], [9.27362, 35.9561], [9.2751, 35.96269], [9.26145, 35.97672], [9.23965, 35.98599], [9.25699, 36.0071], [9.2621, 36.00141], [9.27137, 36.00061], [9.28699, 36.01661], [9.29407, 36.02442], [9.28329, 36.03169], [9.28518, 36.03502], [9.30526, 36.04779], [9.31058, 36.04578], [9.32011, 36.05601], [9.34444, 36.05886], [9.34616, 36.06451], [9.35899, 36.07031], [9.3597, 36.07705], [9.34916, 36.08339], [9.37447, 36.08431], [9.38091, 36.07821], [9.39051, 36.07619], [9.46971, 36.09297], [9.48765, 36.0885], [9.50681, 36.08886], [9.51151, 36.07421], [9.49646, 36.06502], [9.47494, 36.02689], [9.47558, 36.02253], [9.4933, 36.01772], [9.52191, 36.01964], [9.53179, 36.01076], [9.52601, 35.9854], [9.5381, 35.985], [9.56437, 35.99797], [9.58518, 35.98539], [9.58801, 35.97358], [9.60245, 35.97388], [9.55821, 35.9402], [9.5238, 35.92191], [9.51755, 35.91232], [9.49131, 35.91041], [9.48736, 35.9045], [9.493, 35.8727], [9.47595, 35.87722], [9.45628, 35.89267], [9.43641, 35.89146], [9.43456, 35.91112], [9.42628, 35.91734], [9.39439, 35.90243], [9.40195, 35.88078], [9.39553, 35.87021], [9.39341, 35.85689], [9.36365, 35.86781], [9.35178, 35.88402], [9.32554, 35.84846], [9.3179, 35.84677], [9.29876, 35.87818], [9.30971, 35.88596]]]}}, {"type": "Feature", "properties": {"shapeID": "11933810B70280449703815", "shapeName": "\u0633\u064a\u062f\u064a \u0628\u0648\u0632\u064a\u062f \u0627\u0644\u063a\u0631\u0628\u064a\u0629"}, "geometry": {"type": "Polygon", "coordinates": [[[9.39543, 35.16331], [9.39902, 35.18442], [9.42299, 35.18493], [9.41734, 35.17253], [9.41916, 35.1459], [9.44488, 35.14853], [9.45607, 35.16146], [9.45896, 35.14979], [9.50597, 35.15067], [9.51293, 35.14788], [9.47117, 35.07082], [9.44919, 35.06654], [9.45504, 35.06175], [9.45872, 35.06501], [9.4744, 35.06567], [9.48071, 35.05554], [9.48651, 35.06366], [9.5036, 35.05269], [9.49401, 35.04312], [9.50769, 35.038], [9.4845, 35.02709], [9.46807, 35.0323], [9.46025, 35.02986], [9.46009, 35.02432], [9.46375, 35.0226], [9.4624, 34.98129], [9.4661, 34.97029], [9.4292, 34.94835], [9.44478, 34.93903], [9.45719, 34.88776], [9.46099, 34.84829], [9.45537, 34.83168], [9.44545, 34.81776], [9.44182, 34.79389], [9.42066, 34.78474], [9.40542, 34.78833], [9.40294, 34.81102], [9.40602, 34.81431], [9.39585, 34.83081], [9.39474, 34.84558], [9.38232, 34.85589], [9.34881, 34.86713], [9.33626, 34.88001], [9.32727, 34.88319], [9.33417, 34.90873], [9.38599, 34.92359], [9.39551, 34.93256], [9.39186, 34.93905], [9.37942, 34.94555], [9.3785, 34.95181], [9.36827, 34.96108], [9.36099, 34.99212], [9.36569, 34.99405], [9.36107, 35.00202], [9.33429, 35.02873], [9.3246, 35.02003], [9.30046, 35.01402], [9.26962, 35.02016], [9.27777, 35.02488], [9.36364, 35.12982], [9.3611, 35.13923], [9.36973, 35.16871], [9.39543, 35.16331]]]}}, {"type": "Feature", "properties": {"shapeID": "11933810B49417994468433", "shapeName": "\u063a\u0645\u0631\u0627\u0633\u0646"}, "geometry": {"type": "Polygon", "coordinates": [[[10.60564, 33.08046], [10.55607, 33.08259], [10.53995, 33.07491], [10.52167, 33.07975], [10.51138, 33.07473], [10.50967, 33.06207], [10.4775, 33.05106], [10.47393, 33.04298], [10.44485, 33.0221], [10.44811, 33.01312], [10.42665, 33.00614], [10.42659, 33.01108], [10.41357, 33.01933], [10.40825, 33.01883], [10.36232, 32.99575], [10.343, 32.99397], [10.34166, 32.98467], [10.34443, 32.98186], [10.35249, 32.98645], [10.37655, 32.95821], [10.36876, 32.95368], [10.3916, 32.92998], [10.39295, 32.92312], [10.33611, 32.95576], [10.28012, 32.97655], [10.26617, 32.95936], [10.20902, 32.96854], [10.12289, 32.97323], [10.07758, 32.96988], [10.01166, 32.97728], [10.004, 32.98861], [9.99508, 32.99298], [9.97704, 32.99643], [9.96283, 32.99267], [9.93663, 33.00355], [9.92738, 33.03374], [9.91688, 33.04681], [9.90979, 33.05123], [9.89866, 33.048], [9.89355, 33.05226], [9.8965, 33.06525], [9.9068, 33.06648], [9.9204, 33.062], [9.92606, 33.05096], [9.942, 33.04631], [9.9495, 33.04883], [9.96017, 33.06656], [10.01288, 33.06036], [10.03172, 33.06552], [10.08444, 33.0598], [10.09336, 33.07642], [10.09933, 33.08035], [10.11004, 33.08267], [10.11487, 33.07987], [10.1355, 33.08849], [10.14433, 33.08134], [10.16048, 33.08098], [10.1866, 33.09358], [10.23695, 33.13273], [10.2899, 33.15353], [10.30674, 33.15402], [10.3096, 33.15938], [10.32312, 33.16615], [10.33603, 33.16587], [10.34029, 33.1694], [10.34216, 33.1595], [10.34746, 33.15886], [10.35381, 33.13651], [10.33421, 33.1303], [10.34837, 33.1085], [10.33224, 33.10308], [10.33439, 33.06962], [10.33954, 33.06672], [10.34015, 33.06143], [10.35461, 33.06391], [10.3583, 33.06593], [10.35612, 33.06912], [10.37169, 33.07387], [10.38601, 33.07431], [10.4101, 33.06814], [10.41934, 33.09154], [10.49629, 33.10442], [10.53263, 33.13827], [10.55905, 33.11218], [10.60732, 33.10875], [10.60564, 33.08046]]]}}, {"type": "Feature", "properties": {"shapeID": "11933810B60005514770048", "shapeName": "\u0642\u0627\u0628\u0633 \u0627\u0644\u062c\u0646\u0648\u0628\u064a\u0629"}, "geometry": {"type": "Polygon", "coordinates": [[[9.95948, 33.8175], [9.9779, 33.82482], [9.98269, 33.82804], [9.98121, 33.83119], [10.01861, 33.8434], [10.0327, 33.85406], [10.04852, 33.8416], [10.06218, 33.84043], [10.08179, 33.85663], [10.08066, 33.86789], [10.12275, 33.88356], [10.18187, 33.82432], [10.17842, 33.79565], [10.16355, 33.78947], [10.15937, 33.77939], [10.14858, 33.7686], [10.12447, 33.75668], [10.13303, 33.72268], [10.10938, 33.71417], [10.09431, 33.69214], [10.0706, 33.69082], [10.04106, 33.67589], [10.04373, 33.69572], [10.06159, 33.72371], [10.06, 33.73024], [10.05389, 33.73245], [10.05589, 33.7376], [10.0396, 33.72666], [10.02926, 33.72261], [10.02225, 33.72521], [9.99851, 33.71462], [9.97735, 33.71802], [9.95597, 33.73198], [9.93802, 33.74906], [9.96613, 33.76573], [9.94876, 33.77376], [9.93408, 33.79227], [9.93885, 33.81544], [9.95948, 33.8175]]]}}, {"type": "Feature", "properties": {"shapeID": "11933810B64556610249653", "shapeName": "\u0627\u0644\u0634\u0627\u0628\u0629"}, "geometry": {"type": "Polygon", "coordinates": [[[10.99124, 35.28114], [11.00226, 35.27889], [11.01621, 35.2848], [11.02091, 35.27571], [11.02615, 35.27499], [11.03318, 35.27858], [11.03563, 35.27569], [11.04744, 35.28377], [11.05352, 35.27621], [11.06045, 35.27643], [11.07323, 35.28273], [11.07572, 35.28909], [11.13008, 35.24709], [11.14402, 35.23964], [11.1532, 35.23725], [11.16316, 35.23317], [11.16643, 35.23072], [11.15804, 35.23269], [11.15486, 35.22417], [11.15004, 35.22213], [11.14339, 35.22588], [11.1393, 35.22299], [11.13443, 35.22747], [11.12676, 35.22598], [11.12929, 35.22306], [11.11791, 35.22275], [11.11854, 35.21923], [11.10857, 35.21131], [11.1087, 35.19402], [11.09938, 35.19084], [11.09888, 35.18365], [11.09083, 35.18097], [11.0821, 35.16931], [11.08684, 35.16052], [11.06408, 35.17802], [11.02942, 35.18961], [11.00604, 35.20657], [10.9929, 35.24852], [10.97969, 35.26355], [10.99124, 35.28114]]]}}, {"type": "Feature", "properties": {"shapeID": "11933810B13305423353951", "shapeName": "\u0637\u0628\u0631\u0642\u0629\u200e"}, "geometry": {"type": "Polygon", "coordinates": [[[8.89242, 36.8072], [8.87582, 36.81487], [8.86951, 36.82557], [8.87488, 36.83428], [8.87136, 36.8393], [8.8742, 36.84893], [8.86789, 36.86023], [8.84751, 36.86777], [8.79782, 36.84044], [8.78314, 36.846], [8.75516, 36.84058], [8.73009, 36.85171], [8.71956, 36.86228], [8.71137, 36.85171], [8.68129, 36.86977], [8.69168, 36.8769], [8.69979, 36.89869], [8.69168, 36.90216], [8.6911, 36.90878], [8.68124, 36.90069], [8.66895, 36.9047], [8.66427, 36.91626], [8.65399, 36.91569], [8.64285, 36.92961], [8.64208, 36.94093], [8.68038, 36.95956], [8.69266, 36.96273], [8.7004, 36.9605], [8.71162, 36.96742], [8.71408, 36.9622], [8.73607, 36.96546], [8.74107, 36.9697], [8.75582, 36.95786], [8.75649, 36.96555], [8.76022, 36.96704], [8.7647, 36.96006], [8.76153, 36.96187], [8.75973, 36.9562], [8.7626, 36.96053], [8.76078, 36.95716], [8.76471, 36.95329], [8.78111, 36.95294], [8.83914, 36.97697], [8.88456, 37.00862], [8.91968, 36.99211], [8.92625, 36.98427], [8.92311, 36.97986], [8.93384, 36.95732], [8.93841, 36.95763], [8.93625, 36.95391], [8.94368, 36.9504], [8.93295, 36.94449], [8.92635, 36.93226], [8.92776, 36.92363], [8.97029, 36.9068], [8.98098, 36.89526], [9.00097, 36.88584], [8.99945, 36.87575], [8.98892, 36.87532], [8.99422, 36.85891], [8.98823, 36.8562], [8.98758, 36.85], [8.97224, 36.84271], [8.95001, 36.84332], [8.93241, 36.82661], [8.93288, 36.82133], [8.92204, 36.81632], [8.91855, 36.80805], [8.89242, 36.8072]]]}}, {"type": "Feature", "properties": {"shapeID": "11933810B30023985357701", "shapeName": "\u0633\u0648\u0642 \u0627\u0644\u062c\u062f\u064a\u062f"}, "geometry": {"type": "Polygon", "coordinates": [[[9.61475, 34.7702], [9.61212, 34.7611], [9.57448, 34.74583], [9.55935, 34.75648], [9.55224, 34.77498], [9.5273, 34.76519], [9.49817, 34.77332], [9.45812, 34.77388], [9.45245, 34.7768], [9.41495, 34.77042], [9.4042, 34.77953], [9.40542, 34.78833], [9.42066, 34.78474], [9.44182, 34.79389], [9.44545, 34.81776], [9.45537, 34.83168], [9.46149, 34.86001], [9.48875, 34.88486], [9.5008, 34.9029], [9.54543, 34.92042], [9.54098, 34.92747], [9.55502, 34.96318], [9.51522, 34.96783], [9.55374, 34.97473], [9.563, 34.97258], [9.56527, 34.96685], [9.57825, 34.96423], [9.59423, 34.98181], [9.60476, 34.98452], [9.60178, 34.98615], [9.604, 34.98895], [9.6138, 34.98017], [9.61903, 34.98392], [9.64111, 34.97586], [9.65984, 34.97678], [9.703, 34.9522], [9.67098, 34.93145], [9.66136, 34.93039], [9.64711, 34.89634], [9.63765, 34.88792], [9.64525, 34.87801], [9.62868, 34.86936], [9.63935, 34.8603], [9.63111, 34.85112], [9.63608, 34.84514], [9.63781, 34.82974], [9.62646, 34.82157], [9.63247, 34.80088], [9.62892, 34.79597], [9.63136, 34.78572], [9.61475, 34.7702]]]}}, {"type": "Feature", "properties": {"shapeID": "11933810B8106113048091", "shapeName": "\u0633\u0648\u0642 \u0627\u0644\u0623\u062d\u062f"}, "geometry": {"type": "Polygon", "coordinates": [[[8.65366, 34.07872], [8.67967, 34.08887], [8.69581, 34.08624], [8.72533, 34.09498], [8.73832, 34.09286], [8.76112, 34.09676], [8.80044, 34.09178], [8.84438, 34.09498], [8.85442, 34.09984], [8.85545, 34.1206], [8.91236, 34.12207], [8.95706, 34.11579], [9.01684, 34.12214], [9.04408, 34.12878], [9.07688, 34.14251], [9.08817, 34.15093], [9.1354, 34.1657], [9.13594, 34.15173], [9.13044, 34.14591], [9.12594, 34.12732], [9.1172, 34.1193], [9.11195, 34.10548], [9.10573, 34.10371], [9.1033, 34.08398], [9.0997, 34.08348], [9.09392, 34.07084], [9.09862, 34.04984], [9.03653, 34.00763], [9.02593, 34.00695], [8.91813, 33.86152], [8.86173, 33.81476], [8.84752, 33.78952], [8.84658, 33.78368], [8.85053, 33.78374], [8.85088, 33.77846], [8.85934, 33.77633], [8.8593, 33.77294], [8.84942, 33.77531], [8.84592, 33.77028], [8.85067, 33.76989], [8.84948, 33.7586], [8.85325, 33.75273], [8.8489, 33.7483], [8.80037, 33.75722], [8.80988, 33.73872], [8.77477, 33.73887], [8.73718, 33.7465], [8.68462, 33.6954], [8.669, 33.70668], [8.67025, 33.7156], [8.64965, 33.71688], [8.63969, 33.7126], [8.62287, 33.71288], [8.61137, 33.72145], [8.61652, 33.72845], [8.60519, 33.72645], [8.59094, 33.72973], [8.52406, 33.75367], [8.49848, 33.75824], [8.49436, 33.76438], [8.38231, 33.80305], [8.43244, 33.84155], [8.44715, 33.86057], [8.54673, 33.92374], [8.60484, 33.99366], [8.63002, 34.01513], [8.64814, 34.05061], [8.65366, 34.07872]]]}}, {"type": "Feature", "properties": {"shapeID": "11933810B8352609818393", "shapeName": "\u0633\u0648\u0633\u0629 \u0633\u064a\u062f\u064a \u0639\u0628\u062f \u0627\u0644\u062d\u0645\u064a\u062f"}, "geometry": {"type": "Polygon", "coordinates": [[[10.62934, 35.81314], [10.63472, 35.82177], [10.6497, 35.80704], [10.65263, 35.80899], [10.6833, 35.79207], [10.67874, 35.79121], [10.68162, 35.78868], [10.68672, 35.78851], [10.6769, 35.77818], [10.65844, 35.77092], [10.65159, 35.79533], [10.6428, 35.7927], [10.64209, 35.79653], [10.62716, 35.79678], [10.61434, 35.80248], [10.62934, 35.81314]]]}}, {"type": "Feature", "properties": {"shapeID": "11933810B4615556416921", "shapeName": "\u0633\u0648\u0633\u0629 \u0627\u0644\u0645\u062f\u064a\u0646\u0629"}, "geometry": {"type": "Polygon", "coordinates": [[[10.63173, 35.83177], [10.60229, 35.8553], [10.61385, 35.86535], [10.62724, 35.84522], [10.65238, 35.82658], [10.64205, 35.82741], [10.64174, 35.82319], [10.64803, 35.82478], [10.64731, 35.81426], [10.65263, 35.80899], [10.6497, 35.80704], [10.6437, 35.8112], [10.63472, 35.82177], [10.63173, 35.83177]]]}}, {"type": "Feature", "properties": {"shapeID": "11933810B69163376090757", "shapeName": "\u0633\u0643\u0631\u0629"}, "geometry": {"type": "Polygon", "coordinates": [[[10.28049, 36.88518], [10.27148, 36.87504], [10.28864, 36.8672], [10.28043, 36.86273], [10.24396, 36.86166], [10.23112, 36.85687], [10.23501, 36.87105], [10.23251, 36.87122], [10.21433, 36.85986], [10.2126, 36.84855], [10.20231, 36.85038], [10.20126, 36.86339], [10.1855, 36.87496], [10.18633, 36.87997], [10.20876, 36.88776], [10.21115, 36.89238], [10.19119, 36.906], [10.19633, 36.91383], [10.20688, 36.90488], [10.24591, 36.88801], [10.26453, 36.88723], [10.27656, 36.89076], [10.28049, 36.88518]]]}}, {"type": "Feature", "properties": {"shapeID": "11933810B55515778364888", "shapeName": "\u0633\u0627\u0642\u064a\u0629 \u0633\u064a\u062f\u064a \u064a\u0648\u0633\u0641"}, "geometry": {"type": "Polygon", "coordinates": [[[8.39582, 36.34783], [8.42055, 36.35118], [8.43032, 36.34829], [8.43392, 36.35153], [8.44957, 36.34722], [8.46071, 36.35307], [8.46321, 36.36686], [8.4781, 36.37094], [8.48147, 36.37601], [8.50327, 36.38139], [8.5171, 36.38014], [8.51792, 36.37169], [8.54026, 36.35497], [8.54012, 36.34974], [8.53135, 36.34412], [8.53217, 36.3391], [8.52228, 36.31874], [8.53053, 36.3111], [8.55756, 36.29898], [8.56037, 36.28896], [8.58601, 36.27161], [8.60185, 36.25259], [8.61555, 36.25145], [8.62426, 36.24413], [8.62836, 36.2288], [8.61767, 36.21963], [8.62598, 36.21459], [8.62573, 36.20869], [8.62054, 36.20355], [8.61177, 36.20419], [8.61322, 36.2139], [8.59979, 36.21621], [8.60368, 36.20291], [8.59476, 36.1968], [8.5925, 36.18939], [8.56301, 36.18319], [8.55768, 36.16949], [8.55307, 36.17328], [8.54005, 36.17433], [8.54615, 36.16822], [8.53613, 36.15982], [8.53067, 36.15901], [8.526, 36.16651], [8.51545, 36.16207], [8.5157, 36.15564], [8.52324, 36.14614], [8.51643, 36.14194], [8.51811, 36.13527], [8.52435, 36.13054], [8.51715, 36.12842], [8.50382, 36.13234], [8.49943, 36.12874], [8.5083, 36.1232], [8.50149, 36.12057], [8.50202, 36.11522], [8.49542, 36.11612], [8.48964, 36.11164], [8.49236, 36.10905], [8.48921, 36.10193], [8.47755, 36.09824], [8.48536, 36.09154], [8.48297, 36.08699], [8.46362, 36.08123], [8.46233, 36.07429], [8.4707, 36.07069], [8.46755, 36.0633], [8.48132, 36.06071], [8.47035, 36.05883], [8.46724, 36.05476], [8.46749, 36.04763], [8.47565, 36.04757], [8.47567, 36.04231], [8.45802, 36.03277], [8.44765, 36.02097], [8.44733, 36.01337], [8.43048, 36.00053], [8.41265, 35.99581], [8.41039, 35.98794], [8.40099, 35.99135], [8.38569, 35.97843], [8.35778, 35.97466], [8.33802, 35.96548], [8.3257, 35.97807], [8.31339, 35.95971], [8.30691, 35.96417], [8.30043, 35.9563], [8.29082, 35.9569], [8.30006, 36.01082], [8.29691, 36.04024], [8.31412, 36.06278], [8.3117, 36.06959], [8.32103, 36.08369], [8.34171, 36.0901], [8.34601, 36.09703], [8.33828, 36.11853], [8.33853, 36.13782], [8.32567, 36.1445], [8.30927, 36.16129], [8.30697, 36.17436], [8.32731, 36.18801], [8.33789, 36.21256], [8.35467, 36.23237], [8.35362, 36.25463], [8.34935, 36.26221], [8.33792, 36.26452], [8.35582, 36.28775], [8.37189, 36.29792], [8.38095, 36.29699], [8.38316, 36.30292], [8.39106, 36.30494], [8.37956, 36.3121], [8.37684, 36.31844], [8.37639, 36.32308], [8.38536, 36.3338], [8.37645, 36.35006], [8.39582, 36.34783]]]}}, {"type": "Feature", "properties": {"shapeID": "11933810B89439185484115", "shapeName": "\u0633\u0627\u0642\u064a\u0629 \u0627\u0644\u0632\u064a\u062a"}, "geometry": {"type": "Polygon", "coordinates": [[[10.71665, 34.81617], [10.73514, 34.81473], [10.72568, 34.83037], [10.71746, 34.8562], [10.68809, 34.88074], [10.70801, 34.88092], [10.67813, 34.93177], [10.6801, 34.94346], [10.69129, 34.94663], [10.69334, 34.95089], [10.72199, 34.93128], [10.74774, 34.92081], [10.75994, 34.90254], [10.76763, 34.91076], [10.77208, 34.8727], [10.76672, 34.84855], [10.77279, 34.83948], [10.78179, 34.83473], [10.77815, 34.82645], [10.7814, 34.82345], [10.77615, 34.81672], [10.7795, 34.8125], [10.77469, 34.8079], [10.77737, 34.79944], [10.76841, 34.78844], [10.77213, 34.77572], [10.76579, 34.77734], [10.76103, 34.77239], [10.74902, 34.77159], [10.71665, 34.81617]]]}}, {"type": "Feature", "properties": {"shapeID": "11933810B13645243771423", "shapeName": "\u0633\u0627\u0642\u064a\u0629 \u0627\u0644\u062f\u0627\u0626\u0631"}, "geometry": {"type": "Polygon", "coordinates": [[[10.77758, 34.76599], [10.77434, 34.76863], [10.7739, 34.76444], [10.76619, 34.77215], [10.77213, 34.77572], [10.76841, 34.78844], [10.77737, 34.79944], [10.77469, 34.8079], [10.7795, 34.8125], [10.77615, 34.81672], [10.78038, 34.82025], [10.77815, 34.82645], [10.78212, 34.83048], [10.78179, 34.83473], [10.77279, 34.83948], [10.76672, 34.84855], [10.77208, 34.8727], [10.76763, 34.91076], [10.77496, 34.91803], [10.78576, 34.90866], [10.78813, 34.91191], [10.80857, 34.90183], [10.82588, 34.88101], [10.83304, 34.88603], [10.84344, 34.87821], [10.84566, 34.88531], [10.8656, 34.86874], [10.86037, 34.85881], [10.88381, 34.83872], [10.87134, 34.8271], [10.866, 34.82791], [10.86521, 34.81545], [10.87138, 34.79915], [10.84664, 34.79434], [10.82541, 34.78427], [10.81399, 34.76931], [10.80504, 34.76697], [10.8063, 34.76132], [10.78822, 34.75075], [10.77758, 34.76599]]]}}, {"type": "Feature", "properties": {"shapeID": "11933810B90990960542190", "shapeName": "\u0631\u0648\u0627\u062f"}, "geometry": {"type": "Polygon", "coordinates": [[[10.14394, 36.89895], [10.13286, 36.89986], [10.12824, 36.90665], [10.13043, 36.91415], [10.1179, 36.91373], [10.11411, 36.92479], [10.14045, 36.94629], [10.15951, 36.95029], [10.14353, 36.96485], [10.15193, 36.97077], [10.15624, 36.96755], [10.16767, 36.97229], [10.17199, 36.95284], [10.18765, 36.96299], [10.19406, 36.97818], [10.20514, 36.98229], [10.23915, 36.95126], [10.21706, 36.95064], [10.19633, 36.93788], [10.18051, 36.93746], [10.18282, 36.92145], [10.19152, 36.91058], [10.19119, 36.906], [10.21115, 36.89238], [10.20876, 36.88776], [10.18633, 36.87997], [10.1855, 36.87496], [10.16281, 36.88989], [10.15424, 36.89073], [10.14394, 36.89895]]]}}, {"type": "Feature", "properties": {"shapeID": "11933810B4282823233173", "shapeName": "\u062f\u0648\u0632 \u0627\u0644\u0634\u0645\u0627\u0644\u064a\u0629"}, "geometry": {"type": "Polygon", "coordinates": [[[9.56519, 33.58551], [9.58141, 33.59428], [9.61677, 33.59079], [9.5904, 33.58375], [9.58025, 33.56609], [9.55984, 33.55413], [9.54485, 33.52269], [9.54739, 33.51471], [9.53145, 33.49745], [9.5168, 33.49703], [9.50167, 33.50182], [9.48828, 33.49509], [9.49437, 33.49652], [9.50458, 33.49223], [9.53509, 33.46733], [9.55002, 33.46259], [9.55514, 33.45879], [9.55647, 33.45134], [9.57078, 33.43974], [9.62226, 33.41924], [9.62835, 33.40604], [9.62972, 33.39129], [9.63669, 33.38365], [9.64827, 33.35019], [9.67491, 33.32699], [9.70964, 33.28403], [9.79021, 33.22009], [9.85754, 33.20357], [9.89934, 33.21189], [9.9166, 33.19844], [9.91355, 33.17046], [9.91887, 33.147], [9.91005, 33.08871], [9.91537, 33.07249], [9.9068, 33.06648], [9.8965, 33.06525], [9.89355, 33.05226], [9.89866, 33.048], [9.90979, 33.05123], [9.91688, 33.04681], [9.92738, 33.03374], [9.93663, 33.00355], [9.96283, 32.99267], [9.97704, 32.99643], [9.99508, 32.99298], [10.004, 32.98861], [10.01166, 32.97728], [9.99599, 32.96398], [9.96355, 32.96142], [9.93648, 32.95193], [9.93096, 32.94156], [9.93825, 32.93407], [9.93284, 32.92291], [9.94077, 32.91761], [9.9432, 32.88879], [9.9028, 32.88915], [9.89001, 32.89449], [9.84598, 32.92475], [9.68162, 33.02232], [9.31735, 33.26465], [9.20376, 33.3501], [9.16856, 33.36544], [9.10316, 33.40572], [9.06231, 33.42621], [9.0476, 33.4305], [9.00238, 33.43123], [8.99651, 33.44296], [8.99703, 33.45535], [8.98454, 33.45703], [8.98071, 33.46138], [8.97534, 33.45974], [8.97463, 33.46492], [8.96054, 33.47203], [8.94429, 33.49959], [8.93854, 33.50519], [8.93419, 33.50376], [8.92435, 33.51975], [9.01061, 33.51504], [9.07316, 33.51771], [9.08226, 33.51485], [9.16638, 33.51943], [9.24105, 33.51742], [9.27965, 33.5212], [9.36617, 33.57571], [9.46734, 33.56103], [9.47959, 33.56705], [9.51152, 33.59794], [9.54085, 33.60191], [9.56519, 33.58551]]]}}, {"type": "Feature", "properties": {"shapeID": "11933810B49944749177942", "shapeName": "\u062f\u0648\u0632 \u0627\u0644\u062c\u0646\u0648\u0628\u064a\u0629"}, "geometry": {"type": "Polygon", "coordinates": [[[9.93497, 32.64756], [9.9142, 32.65847], [9.91107, 32.66572], [9.9019, 32.67079], [9.90477, 32.67859], [9.901, 32.68307], [9.87077, 32.69285], [9.86089, 32.70202], [9.84178, 32.70343], [9.83971, 32.71758], [9.82813, 32.72704], [9.80744, 32.7217], [9.79118, 32.75714], [9.78397, 32.7609], [9.78032, 32.76891], [9.77457, 32.76884], [9.76833, 32.7867], [9.75763, 32.79129], [9.74998, 32.78761], [9.74309, 32.79593], [9.73745, 32.79681], [9.72537, 32.79775], [9.71486, 32.79343], [9.70985, 32.80062], [9.67906, 32.79236], [9.6793, 32.78331], [9.65766, 32.78032], [9.6496, 32.77314], [9.64095, 32.77681], [9.61339, 32.76797], [9.59689, 32.7553], [9.58968, 32.76119], [9.57051, 32.75848], [9.56619, 32.75331], [9.55954, 32.75499], [9.52168, 32.72885], [9.47154, 32.70685], [9.21126, 32.64892], [9.06741, 32.6243], [9.06836, 32.65325], [9.056, 32.66366], [9.03763, 32.6638], [9.05497, 32.69631], [9.05067, 32.70324], [9.05033, 32.71884], [9.02647, 32.73863], [9.0275, 32.76072], [9.01274, 32.76721], [9.01531, 32.78222], [9.00656, 32.78583], [9.00896, 32.80574], [8.99626, 32.80921], [8.99334, 32.83056], [8.97978, 32.86921], [8.96553, 32.89559], [8.96896, 32.90207], [8.96055, 32.90697], [8.95695, 32.94177], [8.94527, 32.9484], [8.94493, 32.95819], [8.93978, 32.96079], [8.94081, 32.98152], [8.93497, 32.98757], [8.93909, 32.99247], [8.93875, 32.99967], [8.92639, 33.00485], [8.87421, 33.21894], [8.87901, 33.22641], [8.87833, 33.23302], [8.87043, 33.24106], [8.86597, 33.25771], [8.85944, 33.2623], [8.86391, 33.27091], [8.85738, 33.28039], [8.86185, 33.28699], [8.85268, 33.33412], [8.8265, 33.34472], [8.82238, 33.35849], [8.80967, 33.36996], [8.81688, 33.38315], [8.80246, 33.39289], [8.73826, 33.39547], [8.73122, 33.4275], [8.76968, 33.44254], [8.78959, 33.44369], [8.83405, 33.46438], [8.84382, 33.45235], [8.85738, 33.46259], [8.85841, 33.47147], [8.85193, 33.47824], [8.87121, 33.49808], [8.89095, 33.48971], [8.90477, 33.49572], [8.93, 33.49565], [8.93854, 33.50519], [8.95928, 33.47883], [8.96054, 33.47203], [8.97463, 33.46492], [8.97534, 33.45974], [8.98071, 33.46138], [8.98454, 33.45703], [8.99703, 33.45535], [8.99651, 33.44296], [9.00238, 33.43123], [9.0476, 33.4305], [9.06231, 33.42621], [9.10316, 33.40572], [9.16856, 33.36544], [9.20376, 33.3501], [9.31735, 33.26465], [9.68162, 33.02232], [9.84598, 32.92475], [9.89001, 32.89449], [9.9028, 32.88915], [9.9432, 32.88879], [9.97139, 32.85563], [9.94314, 32.81518], [9.92931, 32.81953], [9.91233, 32.81083], [9.91269, 32.79411], [9.9242, 32.78011], [9.92342, 32.76352], [9.90239, 32.75201], [9.89543, 32.74002], [9.87986, 32.73518], [9.89754, 32.7281], [9.89883, 32.72254], [9.91273, 32.70955], [9.96309, 32.68494], [9.96404, 32.65995], [9.95863, 32.65143], [9.93497, 32.64756]]]}}, {"type": "Feature", "properties": {"shapeID": "11933810B69098282317118", "shapeName": "\u062f\u0648\u0627\u0631 \u0647\u064a\u0634\u0631"}, "geometry": {"type": "Polygon", "coordinates": [[[10.09391, 36.83977], [10.09606, 36.831], [10.10052, 36.8299], [10.10414, 36.81575], [10.06722, 36.82481], [10.06013, 36.8321], [10.06712, 36.83332], [10.07596, 36.85512], [10.08207, 36.8553], [10.09391, 36.83977]]]}}, {"type": "Feature", "properties": {"shapeID": "11933810B9429743875970", "shapeName": "\u062f\u0627\u0631 \u0634\u0639\u0628\u0627\u0646 \u0627\u0644\u0641\u0647\u0631\u064a"}, "geometry": {"type": "Polygon", "coordinates": [[[10.7387, 36.46514], [10.72136, 36.47886], [10.71792, 36.48746], [10.69013, 36.5031], [10.69439, 36.51338], [10.68951, 36.5191], [10.69453, 36.52717], [10.69052, 36.53342], [10.67379, 36.53885], [10.65104, 36.51825], [10.64861, 36.52517], [10.62216, 36.54443], [10.64193, 36.56091], [10.66231, 36.57181], [10.64587, 36.59076], [10.65788, 36.59187], [10.68577, 36.585], [10.68588, 36.57903], [10.69689, 36.57357], [10.69424, 36.56042], [10.71095, 36.55203], [10.71168, 36.54065], [10.71593, 36.53485], [10.72438, 36.53239], [10.76457, 36.49958], [10.75492, 36.47529], [10.75855, 36.47183], [10.76249, 36.47349], [10.76755, 36.46518], [10.77003, 36.45015], [10.75276, 36.44425], [10.7387, 36.46514]]]}}, {"type": "Feature", "properties": {"shapeID": "11933810B96031064721664", "shapeName": "\u062d\u064a \u0627\u0644\u062a\u0636\u0627\u0645\u0646"}, "geometry": {"type": "Polygon", "coordinates": [[[10.11496, 36.82753], [10.10491, 36.82197], [10.0926, 36.83709], [10.10563, 36.84538], [10.11183, 36.83819], [10.11681, 36.83989], [10.11496, 36.82753]]]}}, {"type": "Feature", "properties": {"shapeID": "11933810B92430147648185", "shapeName": "\u062d\u0645\u0627\u0645 \u0633\u0648\u0633\u0629"}, "geometry": {"type": "Polygon", "coordinates": [[[10.56729, 35.83326], [10.5628, 35.8465], [10.56803, 35.84915], [10.5692, 35.86056], [10.58937, 35.86627], [10.5684, 35.89231], [10.56889, 35.89665], [10.5831, 35.90185], [10.57449, 35.9137], [10.5808, 35.91634], [10.60206, 35.89294], [10.59698, 35.89466], [10.60135, 35.89256], [10.60398, 35.87588], [10.61385, 35.86535], [10.60384, 35.85403], [10.56729, 35.83326]]]}}, {"type": "Feature", "properties": {"shapeID": "11933810B65786338139889", "shapeName": "\u062d\u0644\u0642 \u0627\u0644\u0648\u0627\u062f\u064a"}, "geometry": {"type": "Polygon", "coordinates": [[[10.26527, 36.86232], [10.27423, 36.85034], [10.31777, 36.82862], [10.31487, 36.8217], [10.30851, 36.82594], [10.31409, 36.82121], [10.30646, 36.81526], [10.31078, 36.80904], [10.31042, 36.80645], [10.30836, 36.81021], [10.30891, 36.80633], [10.29565, 36.81322], [10.27209, 36.81046], [10.23921, 36.85779], [10.24396, 36.86166], [10.26527, 36.86232]]]}}, {"type": "Feature", "properties": {"shapeID": "11933810B70107776875396", "shapeName": "\u062c\u0631\u0632\u0648\u0646\u0629"}, "geometry": {"type": "Polygon", "coordinates": [[[9.90736, 37.25187], [9.90924, 37.24674], [9.89736, 37.24942], [9.89071, 37.24416], [9.88011, 37.2445], [9.87622, 37.2522], [9.86805, 37.25438], [9.8707, 37.26372], [9.87906, 37.26882], [9.88413, 37.27144], [9.88294, 37.26852], [9.8884, 37.26829], [9.89041, 37.27519], [9.88885, 37.26931], [9.89146, 37.27044], [9.8959, 37.26893], [9.89197, 37.27018], [9.88974, 37.26689], [9.89308, 37.2651], [9.89443, 37.2688], [9.89317, 37.26402], [9.91388, 37.25634], [9.90736, 37.25187]]]}}, {"type": "Feature", "properties": {"shapeID": "11933810B38507486646045", "shapeName": "\u062c\u062f\u0644\u064a\u0627\u0646"}, "geometry": {"type": "Polygon", "coordinates": [[[8.84608, 35.74191], [8.88107, 35.73493], [8.92239, 35.71615], [8.95078, 35.71347], [8.96539, 35.70549], [8.99402, 35.70829], [9.00509, 35.70097], [9.01244, 35.70111], [8.97997, 35.68676], [8.97658, 35.68169], [8.96765, 35.68176], [8.96401, 35.67687], [8.98184, 35.67667], [9.00011, 35.66617], [8.98602, 35.66326], [8.98888, 35.64732], [8.99727, 35.63652], [8.99419, 35.63302], [9.02371, 35.62836], [9.04845, 35.63444], [9.05553, 35.62175], [9.07997, 35.61263], [9.09051, 35.59371], [9.0882, 35.58743], [9.09118, 35.5732], [9.06607, 35.5759], [9.01829, 35.57], [9.00489, 35.56057], [9.0036, 35.58847], [8.98847, 35.59032], [8.96284, 35.6058], [8.95693, 35.61358], [8.94866, 35.60918], [8.92859, 35.61652], [8.8979, 35.61652], [8.90129, 35.6037], [8.8956, 35.59737], [8.89539, 35.59025], [8.87385, 35.58353], [8.8599, 35.58606], [8.86801, 35.59627], [8.86263, 35.61066], [8.85137, 35.60915], [8.83227, 35.61458], [8.80076, 35.60597], [8.78178, 35.61122], [8.7857, 35.62244], [8.78184, 35.63897], [8.79184, 35.67804], [8.8019, 35.68198], [8.83658, 35.68376], [8.83962, 35.6992], [8.82587, 35.70572], [8.83523, 35.73236], [8.82517, 35.73562], [8.82396, 35.74483], [8.82901, 35.75295], [8.84608, 35.74191]]]}}, {"type": "Feature", "properties": {"shapeID": "11933810B63287447977470", "shapeName": "\u062c\u0628\u0644 \u0627\u0644\u062c\u0644\u0648\u062f"}, "geometry": {"type": "Polygon", "coordinates": [[[10.22035, 36.75873], [10.2105, 36.75649], [10.21154, 36.75052], [10.20764, 36.74878], [10.19036, 36.77292], [10.19757, 36.78269], [10.22019, 36.76663], [10.22035, 36.75873]]]}}, {"type": "Feature", "properties": {"shapeID": "11933810B92881576006474", "shapeName": "\u062a\u064a\u0646\u062c\u0629"}, "geometry": {"type": "Polygon", "coordinates": [[[9.75535, 37.0768], [9.74315, 37.08339], [9.71753, 37.07196], [9.71425, 37.07322], [9.71429, 37.08225], [9.72034, 37.11276], [9.62885, 37.11136], [9.62385, 37.11815], [9.61516, 37.1199], [9.62779, 37.13097], [9.66264, 37.13574], [9.67041, 37.14289], [9.68101, 37.13632], [9.69783, 37.14084], [9.70032, 37.12756], [9.70732, 37.12318], [9.71933, 37.11911], [9.73212, 37.12048], [9.74873, 37.13795], [9.7583, 37.17099], [9.77547, 37.17899], [9.77512, 37.18619], [9.78191, 37.18614], [9.78773, 37.1751], [9.77252, 37.15342], [9.76964, 37.13745], [9.77924, 37.11303], [9.77533, 37.10593], [9.77833, 37.0889], [9.75535, 37.0768]]]}}, {"type": "Feature", "properties": {"shapeID": "11933810B62164441904454", "shapeName": "\u062a\u0648\u0632\u0631"}, "geometry": {"type": "Polygon", "coordinates": [[[8.08549, 34.0896], [8.09768, 34.03488], [8.13905, 33.98736], [8.14366, 33.99316], [8.14997, 33.99292], [8.15122, 33.98493], [8.15781, 33.98405], [8.15623, 33.97766], [8.17897, 33.97472], [8.18684, 33.95789], [8.19418, 33.96354], [8.21369, 33.90959], [8.29552, 33.78341], [8.31776, 33.75676], [8.22445, 33.71767], [8.14482, 33.66011], [8.09035, 33.7358], [8.0533, 33.80161], [8.01059, 33.85562], [8.00787, 33.86656], [8.02317, 33.88668], [8.01347, 33.90396], [8.00725, 33.93515], [7.96178, 33.92519], [7.96052, 33.93014], [7.96612, 33.93119], [7.96335, 33.94107], [7.97498, 33.97534], [7.97791, 34.12837], [8.0114, 34.14421], [8.02802, 34.16607], [8.08549, 34.0896]]]}}, {"type": "Feature", "properties": {"shapeID": "11933810B67504768334789", "shapeName": "\u062a\u0645\u063a\u0632\u0629"}, "geometry": {"type": "Polygon", "coordinates": [[[8.10117, 34.44771], [8.07792, 34.41665], [8.09519, 34.39885], [8.05911, 34.35758], [8.04168, 34.32855], [8.04644, 34.31759], [8.06492, 34.30211], [8.02779, 34.29335], [7.97807, 34.28987], [7.95465, 34.29919], [7.9413, 34.31091], [7.94606, 34.29783], [7.98673, 34.24729], [8.00477, 34.21842], [8.03133, 34.19981], [8.0338, 34.19288], [8.03122, 34.18685], [8.04066, 34.18763], [8.04825, 34.18041], [8.02802, 34.16607], [8.0114, 34.14421], [7.97791, 34.12837], [7.88653, 34.11976], [7.86433, 34.13323], [7.82962, 34.11455], [7.75177, 34.10768], [7.66377, 34.08816], [7.53456, 34.05256], [7.53026, 34.06109], [7.53205, 34.07027], [7.55902, 34.07793], [7.56392, 34.08367], [7.58096, 34.08635], [7.59084, 34.09571], [7.58191, 34.09433], [7.57962, 34.09882], [7.58765, 34.10497], [7.61405, 34.11366], [7.61934, 34.13983], [7.65521, 34.19743], [7.73279, 34.16983], [7.81604, 34.21354], [7.81334, 34.24332], [7.81859, 34.26621], [7.85354, 34.3558], [7.85129, 34.36801], [7.85805, 34.38042], [7.85234, 34.39158], [7.85651, 34.4053], [7.87555, 34.40671], [7.88982, 34.416], [7.91501, 34.41491], [7.93266, 34.41995], [7.93684, 34.42275], [7.93238, 34.42375], [7.93139, 34.42827], [7.9415, 34.43793], [7.95059, 34.43946], [7.95334, 34.4474], [7.97468, 34.44781], [8.01123, 34.45809], [8.01869, 34.47236], [8.04298, 34.4934], [8.07202, 34.49693], [8.07096, 34.5032], [8.08488, 34.51134], [8.08306, 34.5158], [8.11562, 34.51232], [8.12034, 34.52419], [8.13765, 34.53235], [8.10117, 34.44771]]]}}, {"type": "Feature", "properties": {"shapeID": "11933810B41543815367913", "shapeName": "\u062a\u0637\u0627\u0648\u064a\u0646 \u0627\u0644\u062c\u0646\u0648\u0628\u064a\u0629"}, "geometry": {"type": "Polygon", "coordinates": [[[10.4201, 32.91859], [10.42629, 32.92457], [10.42232, 32.92598], [10.4285, 32.9336], [10.43194, 32.92678], [10.43734, 32.92624], [10.44868, 32.9346], [10.45304, 32.94399], [10.44963, 32.92877], [10.4576, 32.92348], [10.46304, 32.91222], [10.47476, 32.91449], [10.48775, 32.90549], [10.51096, 32.89734], [10.51989, 32.8978], [10.51724, 32.89026], [10.52152, 32.8757], [10.52123, 32.86539], [10.50495, 32.85241], [10.50237, 32.82865], [10.46745, 32.82378], [10.45826, 32.82841], [10.45296, 32.82597], [10.45125, 32.78198], [10.43733, 32.76323], [10.42799, 32.72691], [10.41196, 32.71378], [10.41304, 32.67492], [10.40031, 32.58143], [10.39433, 32.58308], [10.38731, 32.57772], [10.36997, 32.58024], [10.35371, 32.59241], [10.34839, 32.60244], [10.34967, 32.60909], [10.34288, 32.6189], [10.28929, 32.62779], [10.27448, 32.6166], [10.26701, 32.62064], [10.24855, 32.61734], [10.23113, 32.60878], [10.1929, 32.61242], [10.17193, 32.60595], [10.14488, 32.60786], [10.11896, 32.60018], [10.08896, 32.5839], [10.07772, 32.58797], [10.05776, 32.58806], [10.04288, 32.57861], [10.02341, 32.57783], [10.01613, 32.58335], [10.00462, 32.58417], [9.99005, 32.57587], [9.97365, 32.58621], [9.96569, 32.58697], [9.98824, 32.62063], [9.95051, 32.64764], [9.95863, 32.65143], [9.96404, 32.65995], [9.96309, 32.68494], [9.91273, 32.70955], [9.89883, 32.72254], [9.89754, 32.7281], [9.87986, 32.73518], [9.89543, 32.74002], [9.90239, 32.75201], [9.92342, 32.76352], [9.9242, 32.78011], [9.91269, 32.79411], [9.91233, 32.81083], [9.92931, 32.81953], [9.94314, 32.81518], [9.97139, 32.85563], [9.94731, 32.88142], [9.9432, 32.88879], [9.94077, 32.91761], [9.93284, 32.92291], [9.93825, 32.93407], [9.93096, 32.94156], [9.93648, 32.95193], [9.94527, 32.95759], [9.99599, 32.96398], [10.01166, 32.97728], [10.07758, 32.96988], [10.12289, 32.97323], [10.20902, 32.96854], [10.26617, 32.95936], [10.28012, 32.97655], [10.33611, 32.95576], [10.39295, 32.92312], [10.4201, 32.91859]]]}}, {"type": "Feature", "properties": {"shapeID": "11933810B76558874378908", "shapeName": "\u062a\u0627\u062c\u0631\u0648\u064a\u0646"}, "geometry": {"type": "Polygon", "coordinates": [[[8.52574, 35.82036], [8.52614, 35.81639], [8.52256, 35.81569], [8.52196, 35.82095], [8.51905, 35.82031], [8.52037, 35.81623], [8.51613, 35.82052], [8.51328, 35.81623], [8.50425, 35.81803], [8.498, 35.82414], [8.48826, 35.82309], [8.47944, 35.83099], [8.44729, 35.82816], [8.43847, 35.8371], [8.42983, 35.83695], [8.42285, 35.84425], [8.41128, 35.84603], [8.39584, 35.8566], [8.39682, 35.86216], [8.38918, 35.86387], [8.38261, 35.8712], [8.38855, 35.87442], [8.3859, 35.88042], [8.39104, 35.88289], [8.38712, 35.90088], [8.393, 35.91365], [8.38642, 35.92287], [8.38721, 35.93311], [8.37747, 35.93698], [8.37692, 35.94144], [8.36645, 35.94427], [8.36516, 35.95022], [8.376, 35.96613], [8.37771, 35.97805], [8.38904, 35.97993], [8.40099, 35.99135], [8.41039, 35.98794], [8.41265, 35.99581], [8.43048, 36.00053], [8.44733, 36.01337], [8.44765, 36.02097], [8.45802, 36.03277], [8.47567, 36.04231], [8.47565, 36.04757], [8.46749, 36.04763], [8.46724, 36.05476], [8.47035, 36.05883], [8.48132, 36.06071], [8.46755, 36.0633], [8.4707, 36.07069], [8.46233, 36.07429], [8.46362, 36.08123], [8.48297, 36.08699], [8.48536, 36.09154], [8.47755, 36.09824], [8.48921, 36.10193], [8.49236, 36.10905], [8.48964, 36.11164], [8.49542, 36.11612], [8.50202, 36.11522], [8.51243, 36.10625], [8.54462, 36.10489], [8.54896, 36.09486], [8.55961, 36.09666], [8.56972, 36.08659], [8.58988, 36.09611], [8.59341, 36.09266], [8.6091, 36.10548], [8.62353, 36.10019], [8.64877, 36.09975], [8.65612, 36.09322], [8.66604, 36.09337], [8.6778, 36.08936], [8.68699, 36.0806], [8.6936, 36.0806], [8.69342, 36.07406], [8.69826, 36.07001], [8.6933, 36.06813], [8.69257, 36.04911], [8.69985, 36.03801], [8.69609, 36.02418], [8.70231, 36.02193], [8.68908, 36.0038], [8.69621, 35.98388], [8.71546, 35.97059], [8.72328, 35.94902], [8.73359, 35.93638], [8.73736, 35.92259], [8.72509, 35.89931], [8.73051, 35.8915], [8.72197, 35.88897], [8.71195, 35.87959], [8.70057, 35.88506], [8.66172, 35.88348], [8.64497, 35.88885], [8.60168, 35.86662], [8.613, 35.86137], [8.60118, 35.84242], [8.58312, 35.85169], [8.54207, 35.85148], [8.53777, 35.84602], [8.53696, 35.81776], [8.52574, 35.82036]]]}}, {"type": "Feature", "properties": {"shapeID": "11933810B84931460768485", "shapeName": "\u0628\u0626\u0631 \u0639\u0644\u064a \u0628\u0646 \u062e\u0644\u064a\u0641\u0629"}, "geometry": {"type": "Polygon", "coordinates": [[[10.02258, 34.53524], [9.96944, 34.5381], [9.98122, 34.54739], [9.9706, 34.56747], [9.90782, 34.59601], [9.90053, 34.59805], [9.8825, 34.59255], [9.87824, 34.60426], [9.87284, 34.60725], [9.90105, 34.63271], [9.87931, 34.64371], [9.8895, 34.66258], [9.90848, 34.66525], [9.89943, 34.67954], [9.90355, 34.69469], [9.91816, 34.72057], [9.91769, 34.73149], [9.91199, 34.73461], [9.91313, 34.7512], [9.92509, 34.75078], [9.93928, 34.75609], [9.9414, 34.77788], [9.96068, 34.8281], [9.95463, 34.83099], [9.97862, 34.87221], [10.00872, 34.89707], [10.0291, 34.94874], [10.049, 34.98548], [10.06361, 35.00334], [10.11031, 34.98107], [10.10581, 34.97777], [10.10275, 34.98022], [10.09693, 34.97359], [10.0815, 34.94592], [10.1212, 34.87712], [10.12616, 34.86699], [10.12273, 34.86506], [10.13541, 34.85027], [10.16607, 34.83624], [10.18172, 34.83632], [10.1942, 34.84656], [10.22589, 34.8456], [10.25734, 34.8338], [10.27289, 34.8337], [10.26718, 34.82238], [10.2932, 34.76929], [10.30582, 34.75843], [10.30313, 34.74244], [10.32494, 34.69787], [10.31132, 34.70006], [10.29502, 34.68546], [10.30951, 34.6626], [10.31096, 34.64795], [10.3067, 34.63413], [10.32728, 34.61865], [10.33065, 34.60776], [10.34221, 34.60181], [10.29541, 34.56859], [10.28983, 34.57617], [10.27649, 34.58182], [10.25345, 34.61596], [10.23679, 34.62055], [10.23867, 34.61527], [10.2271, 34.61215], [10.19832, 34.62028], [10.19249, 34.60675], [10.18068, 34.60308], [10.16875, 34.58765], [10.15176, 34.57406], [10.14587, 34.57594], [10.14283, 34.57007], [10.11773, 34.55404], [10.09333, 34.55236], [10.07092, 34.54462], [10.06837, 34.53297], [10.07305, 34.5225], [10.02258, 34.53524]]]}}, {"type": "Feature", "properties": {"shapeID": "11933810B19780106503049", "shapeName": "\u0628\u0626\u0631 \u0627\u0644\u0623\u062d\u0645\u0631"}, "geometry": {"type": "Polygon", "coordinates": [[[10.4678, 33.2177], [10.49084, 33.23475], [10.49057, 33.21471], [10.61391, 33.20371], [10.60905, 33.19698], [10.57047, 33.17198], [10.56637, 33.15958], [10.54712, 33.15112], [10.52613, 33.15148], [10.52354, 33.14886], [10.53263, 33.13827], [10.49629, 33.10442], [10.41934, 33.09154], [10.4101, 33.06814], [10.38601, 33.07431], [10.37169, 33.07387], [10.35612, 33.06912], [10.3583, 33.06593], [10.35461, 33.06391], [10.34015, 33.06143], [10.33954, 33.06672], [10.33439, 33.06962], [10.33224, 33.10308], [10.34837, 33.1085], [10.33421, 33.1303], [10.35381, 33.13651], [10.34746, 33.15886], [10.34216, 33.1595], [10.34167, 33.16639], [10.35351, 33.17011], [10.35833, 33.16629], [10.36628, 33.16823], [10.37667, 33.179], [10.39395, 33.18391], [10.40103, 33.19189], [10.4678, 33.2177]]]}}, {"type": "Feature", "properties": {"shapeID": "11933810B69037134075078", "shapeName": "\u0628\u0648\u0641\u064a\u0634\u0629"}, "geometry": {"type": "Polygon", "coordinates": [[[10.40932, 36.18438], [10.40466, 36.18235], [10.40035, 36.18901], [10.38484, 36.19074], [10.37331, 36.18544], [10.37506, 36.15856], [10.36325, 36.15763], [10.35796, 36.1655], [10.34835, 36.16352], [10.34323, 36.16748], [10.34507, 36.17109], [10.33189, 36.17533], [10.33311, 36.17895], [10.3185, 36.19144], [10.32114, 36.19598], [10.31502, 36.21312], [10.32178, 36.22209], [10.33782, 36.22581], [10.34746, 36.23699], [10.36279, 36.23016], [10.3668, 36.23098], [10.36822, 36.23645], [10.37788, 36.23578], [10.38074, 36.25621], [10.38923, 36.26405], [10.36196, 36.27215], [10.35698, 36.28166], [10.36273, 36.28386], [10.37293, 36.28006], [10.39089, 36.30339], [10.38151, 36.30736], [10.3745, 36.33229], [10.36759, 36.33931], [10.37052, 36.34427], [10.36671, 36.35088], [10.37534, 36.35914], [10.3669, 36.36591], [10.36729, 36.38287], [10.38785, 36.38433], [10.40154, 36.37786], [10.42577, 36.37699], [10.45458, 36.36787], [10.47468, 36.35348], [10.50649, 36.39177], [10.53185, 36.37039], [10.51403, 36.34199], [10.4962, 36.32406], [10.4963, 36.31301], [10.50614, 36.3081], [10.47823, 36.23218], [10.46815, 36.1703], [10.40932, 36.18438]]]}}, {"type": "Feature", "properties": {"shapeID": "11933810B70885239011208", "shapeName": "\u0628\u0648 \u0639\u0631\u0642\u0648\u0628"}, "geometry": {"type": "Polygon", "coordinates": [[[10.643, 36.52442], [10.63357, 36.49683], [10.61888, 36.48016], [10.61083, 36.47652], [10.61403, 36.47594], [10.61104, 36.46993], [10.61491, 36.46492], [10.62369, 36.46124], [10.60084, 36.46014], [10.5976, 36.46696], [10.5902, 36.47017], [10.57074, 36.45894], [10.58297, 36.47915], [10.57859, 36.49155], [10.55752, 36.48267], [10.55547, 36.47753], [10.54863, 36.47732], [10.53854, 36.484], [10.5344, 36.4974], [10.51571, 36.49153], [10.50403, 36.4961], [10.4955, 36.50645], [10.48788, 36.50934], [10.50028, 36.5233], [10.49277, 36.54096], [10.51426, 36.5485], [10.52192, 36.54669], [10.54899, 36.56685], [10.55136, 36.57729], [10.56805, 36.58249], [10.58662, 36.5781], [10.61446, 36.59718], [10.62927, 36.59063], [10.64399, 36.59233], [10.66231, 36.57181], [10.64193, 36.56091], [10.62216, 36.54443], [10.64861, 36.52517], [10.64858, 36.52037], [10.643, 36.52442]]]}}, {"type": "Feature", "properties": {"shapeID": "11933810B39767465855300", "shapeName": "\u0628\u0646\u064a \u062e\u0644\u0627\u062f"}, "geometry": {"type": "Polygon", "coordinates": [[[10.55086, 36.6485], [10.54295, 36.6526], [10.56074, 36.66785], [10.56677, 36.66917], [10.57105, 36.66404], [10.58241, 36.67161], [10.64264, 36.66001], [10.6645, 36.64551], [10.68614, 36.63786], [10.69706, 36.66334], [10.7265, 36.66161], [10.74134, 36.65447], [10.73764, 36.64509], [10.74303, 36.63787], [10.72077, 36.63498], [10.71491, 36.62363], [10.69742, 36.62152], [10.70175, 36.61968], [10.70046, 36.61132], [10.71146, 36.60923], [10.68577, 36.585], [10.65788, 36.59187], [10.62927, 36.59063], [10.61446, 36.59718], [10.58662, 36.5781], [10.56805, 36.58249], [10.57892, 36.58697], [10.58154, 36.60367], [10.5531, 36.62709], [10.53361, 36.6162], [10.52362, 36.63481], [10.55086, 36.6485]]]}}, {"type": "Feature", "properties": {"shapeID": "11933810B3817841111611", "shapeName": "\u0628\u0631\u0642\u0648"}, "geometry": {"type": "Polygon", "coordinates": [[[9.7533, 36.09012], [9.72764, 36.07037], [9.71202, 36.06374], [9.7042, 36.05027], [9.64454, 36.01617], [9.62965, 36.00381], [9.6305, 35.99516], [9.6196, 35.99009], [9.61642, 35.98329], [9.60245, 35.97388], [9.58801, 35.97358], [9.58518, 35.98539], [9.56437, 35.99797], [9.5381, 35.985], [9.52601, 35.9854], [9.53179, 36.01076], [9.52191, 36.01964], [9.4933, 36.01772], [9.47558, 36.02253], [9.47494, 36.02689], [9.49646, 36.06502], [9.51151, 36.07421], [9.49573, 36.10852], [9.50132, 36.11139], [9.5022, 36.11842], [9.49677, 36.1319], [9.49261, 36.1327], [9.49457, 36.14193], [9.48392, 36.15319], [9.47834, 36.17106], [9.50564, 36.16732], [9.53408, 36.18125], [9.5617, 36.17641], [9.57914, 36.17919], [9.58127, 36.18355], [9.59416, 36.18206], [9.64811, 36.21496], [9.64937, 36.22434], [9.65508, 36.21569], [9.67139, 36.21724], [9.66972, 36.22763], [9.67311, 36.2294], [9.71995, 36.19849], [9.71747, 36.1885], [9.72236, 36.18117], [9.72472, 36.1635], [9.74397, 36.15978], [9.76969, 36.14392], [9.7556, 36.11363], [9.7533, 36.09012]]]}}, {"type": "Feature", "properties": {"shapeID": "11933810B17084695603021", "shapeName": "\u0628\u0631\u062c \u0627\u0644\u0639\u0627\u0645\u0631\u064a"}, "geometry": {"type": "Polygon", "coordinates": [[[9.79694, 36.63511], [9.78541, 36.64658], [9.79674, 36.65273], [9.79875, 36.66534], [9.77571, 36.6855], [9.78801, 36.71005], [9.76849, 36.7216], [9.77491, 36.72963], [9.7898, 36.73594], [9.79678, 36.74763], [9.81916, 36.74072], [9.82027, 36.74472], [9.82906, 36.74671], [9.84041, 36.74097], [9.86533, 36.75045], [9.87605, 36.74984], [9.87858, 36.75348], [9.87519, 36.76146], [9.879, 36.76347], [9.90104, 36.76491], [9.91072, 36.75076], [9.91525, 36.73531], [9.92468, 36.7264], [9.91855, 36.71919], [9.90029, 36.71133], [9.91549, 36.70547], [9.88636, 36.69686], [9.9075, 36.68293], [9.91641, 36.66598], [9.91399, 36.66439], [9.92874, 36.64636], [9.91675, 36.63326], [9.90715, 36.63015], [9.9047, 36.62398], [9.89366, 36.61841], [9.89401, 36.60567], [9.88369, 36.59037], [9.86144, 36.58736], [9.85425, 36.60441], [9.84781, 36.60889], [9.82882, 36.60557], [9.81744, 36.60769], [9.81007, 36.62184], [9.81631, 36.62932], [9.8118, 36.6398], [9.80724, 36.64151], [9.79694, 36.63511]]]}}, {"type": "Feature", "properties": {"shapeID": "11933810B61318752024090", "shapeName": "\u0627\u0644\u0648\u0631\u062f\u064a\u0629"}, "geometry": {"type": "Polygon", "coordinates": [[[10.18332, 36.77674], [10.18052, 36.78349], [10.18714, 36.78136], [10.19081, 36.78481], [10.19674, 36.77884], [10.19036, 36.77292], [10.19565, 36.76487], [10.16938, 36.75921], [10.17027, 36.76933], [10.18332, 36.77674]]]}}, {"type": "Feature", "properties": {"shapeID": "11933810B40616905411348", "shapeName": "\u0627\u0644\u0648\u0631\u062f\u0627\u0646\u064a\u0646"}, "geometry": {"type": "Polygon", "coordinates": [[[10.62528, 35.68563], [10.63819, 35.69334], [10.63358, 35.69993], [10.64226, 35.71456], [10.63061, 35.72151], [10.62337, 35.73302], [10.63436, 35.73385], [10.64424, 35.743], [10.66802, 35.74163], [10.67525, 35.73262], [10.67487, 35.72095], [10.68303, 35.71927], [10.68948, 35.72824], [10.70138, 35.70681], [10.71244, 35.70933], [10.72146, 35.70173], [10.724, 35.69448], [10.7144, 35.68942], [10.71339, 35.67252], [10.69782, 35.65999], [10.69382, 35.6634], [10.69182, 35.65814], [10.68675, 35.66741], [10.66893, 35.66364], [10.65254, 35.66528], [10.62528, 35.68563]]]}}, {"type": "Feature", "properties": {"shapeID": "11933810B72032041676540", "shapeName": "\u0627\u0644\u0645\u0646\u0632\u0647"}, "geometry": {"type": "Polygon", "coordinates": [[[10.14635, 36.85477], [10.16936, 36.8405], [10.18332, 36.84811], [10.17623, 36.81666], [10.168, 36.82102], [10.16539, 36.82953], [10.15572, 36.83323], [10.14611, 36.82686], [10.13522, 36.8359], [10.13112, 36.84824], [10.14635, 36.85477]]]}}, {"type": "Feature", "properties": {"shapeID": "11933810B15261795399084", "shapeName": "\u0627\u0644\u0643\u0631\u0645"}, "geometry": {"type": "Polygon", "coordinates": [[[10.31593, 36.85719], [10.30702, 36.85235], [10.30727, 36.84442], [10.31607, 36.84752], [10.31689, 36.84161], [10.32157, 36.84057], [10.32387, 36.83651], [10.31777, 36.82862], [10.27423, 36.85034], [10.27013, 36.85887], [10.2661, 36.85868], [10.26527, 36.86232], [10.28043, 36.86273], [10.28864, 36.8672], [10.31593, 36.85719]]]}}, {"type": "Feature", "properties": {"shapeID": "11933810B46924105449942", "shapeName": "\u0627\u0644\u0642\u0644\u0639\u0629 \u0627\u0644\u0643\u0628\u0631\u0649"}, "geometry": {"type": "Polygon", "coordinates": [[[10.34951, 35.92636], [10.33655, 35.92845], [10.33882, 35.93728], [10.35667, 35.94678], [10.43691, 35.91141], [10.4528, 35.909], [10.45499, 35.91581], [10.49647, 35.94136], [10.50398, 35.93865], [10.51126, 35.92861], [10.52482, 35.92127], [10.54802, 35.89928], [10.5475, 35.8804], [10.56025, 35.86326], [10.52329, 35.84736], [10.51287, 35.85069], [10.5096, 35.84641], [10.51278, 35.84373], [10.51154, 35.83382], [10.49617, 35.83062], [10.50497, 35.82154], [10.49469, 35.8164], [10.45897, 35.81193], [10.43403, 35.82735], [10.40351, 35.80787], [10.41079, 35.80467], [10.41144, 35.80071], [10.39034, 35.79968], [10.37532, 35.80331], [10.36707, 35.78907], [10.33502, 35.80952], [10.31992, 35.80869], [10.3176, 35.80486], [10.30747, 35.80715], [10.32876, 35.84042], [10.35159, 35.86352], [10.34541, 35.89036], [10.33333, 35.90777], [10.34951, 35.92636]]]}}, {"type": "Feature", "properties": {"shapeID": "11933810B31167158349382", "shapeName": "\u0627\u0644\u0642\u0644\u0639\u0629 \u0627\u0644\u0635\u063a\u0631\u0649"}, "geometry": {"type": "Polygon", "coordinates": [[[10.53758, 35.79087], [10.52537, 35.78471], [10.50917, 35.78693], [10.48248, 35.78248], [10.45388, 35.77294], [10.41461, 35.74677], [10.39753, 35.74508], [10.39247, 35.75036], [10.39684, 35.75896], [10.39099, 35.7578], [10.36989, 35.77361], [10.37532, 35.77951], [10.36707, 35.78907], [10.37532, 35.80331], [10.39034, 35.79968], [10.41144, 35.80071], [10.41079, 35.80467], [10.40351, 35.80787], [10.43403, 35.82735], [10.45897, 35.81193], [10.49469, 35.8164], [10.50497, 35.82154], [10.49617, 35.83062], [10.51154, 35.83382], [10.51278, 35.84373], [10.5096, 35.84641], [10.51287, 35.85069], [10.53261, 35.84111], [10.56177, 35.84903], [10.56729, 35.83326], [10.58304, 35.83945], [10.58922, 35.83309], [10.5913, 35.82521], [10.58052, 35.80493], [10.54927, 35.78925], [10.53758, 35.79087]]]}}, {"type": "Feature", "properties": {"shapeID": "11933810B49043051728800", "shapeName": "\u0627\u0644\u0642\u0644\u0639\u0629 \u0627\u0644\u062e\u0635\u0628\u0627\u0621"}, "geometry": {"type": "Polygon", "coordinates": [[[8.61865, 35.73129], [8.62676, 35.72457], [8.62654, 35.71005], [8.62243, 35.70226], [8.63042, 35.68558], [8.61767, 35.67549], [8.6189, 35.67097], [8.61218, 35.66432], [8.61501, 35.65982], [8.58792, 35.65005], [8.57847, 35.6404], [8.57072, 35.64088], [8.56835, 35.63737], [8.54346, 35.65726], [8.548, 35.66575], [8.54359, 35.66738], [8.45632, 35.67251], [8.43563, 35.6689], [8.42476, 35.69413], [8.43061, 35.70816], [8.42905, 35.71375], [8.41178, 35.73177], [8.42157, 35.73547], [8.43037, 35.74961], [8.43216, 35.75663], [8.42797, 35.76407], [8.49466, 35.74771], [8.51291, 35.74657], [8.54221, 35.75804], [8.55949, 35.78577], [8.55962, 35.79241], [8.5448, 35.80495], [8.53696, 35.81776], [8.55288, 35.81639], [8.5835, 35.79767], [8.59051, 35.79727], [8.59069, 35.79121], [8.5966, 35.78965], [8.59534, 35.78649], [8.60024, 35.78233], [8.60303, 35.76665], [8.61723, 35.74767], [8.61865, 35.73129]]]}}, {"type": "Feature", "properties": {"shapeID": "11933810B67570722535168", "shapeName": "\u0627\u0644\u0641\u0648\u0627\u0631\u202c"}, "geometry": {"type": "Polygon", "coordinates": [[[8.35683, 32.5026], [8.3226, 32.82347], [8.24718, 32.92441], [8.16896, 33.00497], [8.11615, 33.04984], [8.11726, 33.09981], [7.90565, 33.18449], [7.83215, 33.18812], [7.78962, 33.27999], [7.77775, 33.32364], [7.74922, 33.32735], [7.73256, 33.3747], [7.73658, 33.42466], [7.84735, 33.45661], [7.90887, 33.49328], [8.02858, 33.57404], [8.09253, 33.62399], [8.22445, 33.71767], [8.31776, 33.75676], [8.38231, 33.80305], [8.49436, 33.76438], [8.49848, 33.75824], [8.52406, 33.75367], [8.59094, 33.72973], [8.69479, 33.61058], [8.77152, 33.53207], [8.77267, 33.52506], [8.79945, 33.51067], [8.80211, 33.51343], [8.80529, 33.51049], [8.82868, 33.50992], [8.85841, 33.47147], [8.85738, 33.46259], [8.84382, 33.45235], [8.83405, 33.46438], [8.78959, 33.44369], [8.76968, 33.44254], [8.73122, 33.4275], [8.73826, 33.39547], [8.80246, 33.39289], [8.81688, 33.38315], [8.80967, 33.36996], [8.82238, 33.35849], [8.8265, 33.34472], [8.85268, 33.33412], [8.86185, 33.28699], [8.85738, 33.28039], [8.86391, 33.27091], [8.85944, 33.2623], [8.86597, 33.25771], [8.87043, 33.24106], [8.87833, 33.23302], [8.87901, 33.22641], [8.87421, 33.21894], [8.92639, 33.00485], [8.93875, 32.99967], [8.93909, 32.99247], [8.93497, 32.98757], [8.94081, 32.98152], [8.93978, 32.96079], [8.94493, 32.95819], [8.94527, 32.9484], [8.95695, 32.94177], [8.96055, 32.90697], [8.96896, 32.90207], [8.96553, 32.89559], [8.97978, 32.86921], [8.99334, 32.83056], [8.99626, 32.80921], [9.00896, 32.80574], [9.00656, 32.78583], [9.01531, 32.78222], [9.01274, 32.76721], [9.0275, 32.76072], [9.02647, 32.73863], [9.05033, 32.71884], [9.05067, 32.70324], [9.05497, 32.69631], [9.03763, 32.6638], [9.056, 32.66366], [9.06836, 32.65325], [9.06741, 32.6243], [8.35683, 32.5026]]]}}, {"type": "Feature", "properties": {"shapeID": "11933810B99487931603822", "shapeName": "\u0627\u0644\u0641\u062d\u0635"}, "geometry": {"type": "Polygon", "coordinates": [[[10.01722, 36.21029], [10.0208, 36.22073], [10.00251, 36.21739], [9.99646, 36.22242], [9.98294, 36.22296], [9.97786, 36.21768], [9.96669, 36.21741], [9.96165, 36.20928], [9.95101, 36.20343], [9.92026, 36.20454], [9.91735, 36.20058], [9.89825, 36.19539], [9.89521, 36.18571], [9.89834, 36.17941], [9.89456, 36.17215], [9.89717, 36.16157], [9.87005, 36.15517], [9.8449, 36.13084], [9.8382, 36.12966], [9.84778, 36.12634], [9.84725, 36.11656], [9.84331, 36.11284], [9.85439, 36.10631], [9.85267, 36.10263], [9.85922, 36.0938], [9.87127, 36.08824], [9.86587, 36.08125], [9.8743, 36.07407], [9.84316, 36.07382], [9.84258, 36.06385], [9.8287, 36.05502], [9.8254, 36.08946], [9.80784, 36.10682], [9.79808, 36.10276], [9.77935, 36.10222], [9.75959, 36.10878], [9.7556, 36.11363], [9.76969, 36.14392], [9.74397, 36.15978], [9.72472, 36.1635], [9.72236, 36.18117], [9.71747, 36.1885], [9.71995, 36.19849], [9.67311, 36.2294], [9.66972, 36.22763], [9.67139, 36.21724], [9.65508, 36.21569], [9.65367, 36.22088], [9.64418, 36.22481], [9.63704, 36.23481], [9.61513, 36.23943], [9.61425, 36.24447], [9.59766, 36.25015], [9.5947, 36.25603], [9.59554, 36.26053], [9.6182, 36.26754], [9.6367, 36.28862], [9.67143, 36.28947], [9.6863, 36.29943], [9.70392, 36.30194], [9.72398, 36.31469], [9.71664, 36.33375], [9.73439, 36.34979], [9.75462, 36.35641], [9.75786, 36.38637], [9.75102, 36.40743], [9.76102, 36.41019], [9.75421, 36.41775], [9.75001, 36.42887], [9.75394, 36.43303], [9.74945, 36.43693], [9.75387, 36.43743], [9.75429, 36.4424], [9.76364, 36.4469], [9.78554, 36.4746], [9.79762, 36.48267], [9.81092, 36.4843], [9.82569, 36.48092], [9.83152, 36.47381], [9.84324, 36.47191], [9.84497, 36.46639], [9.86434, 36.45451], [9.86712, 36.44864], [9.87244, 36.45098], [9.88594, 36.44571], [9.89809, 36.43456], [9.91794, 36.44413], [9.91347, 36.4566], [9.93201, 36.47274], [9.94585, 36.46722], [9.9443, 36.45889], [9.95732, 36.45953], [9.95636, 36.44452], [9.97095, 36.42641], [9.95947, 36.4173], [9.94423, 36.42371], [9.9453, 36.41996], [9.94057, 36.41948], [9.94299, 36.41713], [9.93403, 36.4127], [9.93326, 36.40257], [9.94945, 36.39332], [9.9619, 36.40199], [9.97444, 36.40521], [10.00504, 36.40205], [10.0039, 36.39841], [10.01063, 36.39013], [10.01003, 36.36534], [10.01656, 36.35694], [10.00883, 36.33782], [10.00355, 36.33851], [10.00548, 36.33168], [10.00115, 36.33085], [10.00179, 36.32532], [10.00761, 36.32429], [10.01121, 36.3147], [10.03778, 36.30431], [10.05839, 36.30518], [10.05674, 36.29076], [10.06515, 36.2708], [10.06371, 36.26452], [10.09137, 36.25813], [10.09232, 36.24402], [10.07773, 36.24261], [10.06399, 36.23135], [10.05198, 36.2502], [10.04374, 36.23387], [10.04211, 36.20889], [10.01722, 36.21029]]]}}, {"type": "Feature", "properties": {"shapeID": "11933810B8760132099835", "shapeName": "\u0627\u0644\u063a\u0631\u064a\u0628\u0629"}, "geometry": {"type": "Polygon", "coordinates": [[[10.36302, 34.59607], [10.35744, 34.58823], [10.36017, 34.55898], [10.35433, 34.53239], [10.36288, 34.51611], [10.30557, 34.51263], [10.30999, 34.50828], [10.31541, 34.51006], [10.31822, 34.50413], [10.30508, 34.49898], [10.2827, 34.46882], [10.27345, 34.46691], [10.27371, 34.45089], [10.27735, 34.4463], [10.27512, 34.43129], [10.2766, 34.42635], [10.28398, 34.42469], [10.28562, 34.41247], [10.28175, 34.41277], [10.28737, 34.40525], [10.28389, 34.40092], [10.2802, 34.40302], [10.27948, 34.39634], [10.2748, 34.39459], [10.27907, 34.38941], [10.27247, 34.38382], [10.27076, 34.37317], [10.26886, 34.37049], [10.2673, 34.37], [10.26828, 34.3732], [10.2565, 34.37332], [10.24064, 34.36976], [10.22741, 34.35485], [10.21026, 34.3477], [10.19129, 34.36434], [10.19764, 34.38666], [10.19389, 34.39228], [10.15444, 34.42214], [10.12665, 34.42588], [10.11356, 34.44604], [10.11485, 34.45917], [10.10732, 34.46864], [10.10961, 34.48371], [10.10549, 34.48587], [10.09798, 34.51002], [10.07305, 34.5225], [10.06845, 34.54049], [10.07092, 34.54462], [10.09333, 34.55236], [10.11773, 34.55404], [10.14283, 34.57007], [10.14587, 34.57594], [10.15176, 34.57406], [10.16875, 34.58765], [10.18068, 34.60308], [10.19249, 34.60675], [10.19832, 34.62028], [10.2271, 34.61215], [10.23867, 34.61527], [10.23679, 34.62055], [10.25345, 34.61596], [10.27649, 34.58182], [10.28983, 34.57617], [10.29541, 34.56859], [10.34221, 34.60181], [10.36302, 34.59607]]]}}, {"type": "Feature", "properties": {"shapeID": "11933810B5953362566301", "shapeName": "\u0627\u0644\u0633\u0628\u064a\u062e\u0629"}, "geometry": {"type": "Polygon", "coordinates": [[[9.94659, 35.80623], [9.93591, 35.81365], [9.92449, 35.81889], [9.90525, 35.81183], [9.86867, 35.82813], [9.85674, 35.827], [9.83854, 35.84937], [9.81797, 35.85481], [9.8122, 35.86232], [9.79941, 35.86578], [9.79156, 35.87625], [9.77102, 35.8708], [9.77162, 35.89845], [9.79391, 35.90808], [9.81063, 35.92243], [9.81929, 35.9367], [9.82037, 35.9419], [9.81239, 35.95434], [9.81273, 35.97276], [9.82776, 36.00884], [9.81178, 36.02826], [9.81793, 36.0342], [9.82144, 36.0455], [9.83035, 36.04922], [9.8287, 36.05502], [9.84258, 36.06385], [9.84316, 36.07382], [9.878, 36.07534], [9.88246, 36.06823], [9.89136, 36.068], [9.89621, 36.06314], [9.89271, 36.05699], [9.89433, 36.04739], [9.90092, 36.04261], [9.92179, 36.04173], [9.93609, 36.04718], [9.95319, 36.04307], [9.95435, 36.03859], [9.97368, 36.0499], [9.97533, 36.03877], [9.99629, 36.03427], [10.00495, 36.02662], [10.01117, 36.01227], [10.02034, 36.01595], [10.02485, 36.00942], [10.04433, 36.00057], [10.04291, 36.00845], [10.06074, 36.04635], [10.05258, 36.07462], [10.05831, 36.10611], [10.06411, 36.09798], [10.06508, 36.08682], [10.0778, 36.07537], [10.12752, 36.08427], [10.13748, 36.08166], [10.1349, 36.09711], [10.12929, 36.09851], [10.12596, 36.1066], [10.13728, 36.11676], [10.13918, 36.1232], [10.17409, 36.13813], [10.20654, 36.13548], [10.20276, 36.13271], [10.20187, 36.10542], [10.21025, 36.09572], [10.20673, 36.08879], [10.21648, 36.08609], [10.21012, 36.07935], [10.207, 36.06807], [10.20972, 36.06624], [10.20446, 36.06545], [10.20374, 36.05655], [10.22173, 36.05498], [10.25553, 36.03565], [10.25781, 35.97974], [10.25278, 35.96245], [10.23436, 35.93396], [10.22898, 35.91851], [10.21924, 35.91959], [10.21434, 35.90614], [10.20226, 35.90377], [10.19587, 35.89052], [10.1812, 35.87982], [10.17677, 35.86763], [10.18077, 35.85355], [10.17025, 35.84509], [10.17209, 35.84019], [10.16115, 35.83646], [10.15923, 35.8247], [10.16618, 35.82166], [10.15755, 35.81921], [10.15021, 35.81062], [10.1454, 35.79173], [10.13859, 35.78417], [10.12407, 35.77905], [10.1057, 35.78471], [10.08575, 35.80478], [10.04689, 35.80663], [10.02919, 35.80276], [10.0199, 35.79198], [10.00194, 35.78567], [9.99366, 35.77815], [9.99266, 35.7718], [9.98115, 35.76606], [9.94659, 35.80623]]]}}, {"type": "Feature", "properties": {"shapeID": "11933810B1906058680343", "shapeName": "\u0627\u0644\u0633\u0627\u062d\u0644\u064a\u0646"}, "geometry": {"type": "Polygon", "coordinates": [[[10.6675, 35.74876], [10.67566, 35.75716], [10.66987, 35.77152], [10.68034, 35.78134], [10.70142, 35.7604], [10.73758, 35.74849], [10.77691, 35.7437], [10.76374, 35.72259], [10.75249, 35.71362], [10.7442, 35.71409], [10.72146, 35.70173], [10.71244, 35.70933], [10.70138, 35.70681], [10.68948, 35.72824], [10.68303, 35.71927], [10.67487, 35.72095], [10.67525, 35.73262], [10.66802, 35.74163], [10.6675, 35.74876]]]}}, {"type": "Feature", "properties": {"shapeID": "11933810B82782291879884", "shapeName": "\u0627\u0644\u062f\u0647\u0645\u0627\u0646\u064a"}, "geometry": {"type": "Polygon", "coordinates": [[[8.92737, 35.94333], [8.92672, 35.93228], [8.96535, 35.88007], [8.96018, 35.87733], [8.90827, 35.90966], [8.90242, 35.91776], [8.88462, 35.92492], [8.8825, 35.93725], [8.86452, 35.93643], [8.86234, 35.94301], [8.85884, 35.94308], [8.85047, 35.9296], [8.8773, 35.90544], [8.88255, 35.88553], [8.8897, 35.88579], [8.88387, 35.87493], [8.88396, 35.86548], [8.86217, 35.85618], [8.86575, 35.85034], [8.85814, 35.8313], [8.80651, 35.79486], [8.79755, 35.77615], [8.78047, 35.7773], [8.77094, 35.78398], [8.76365, 35.78272], [8.76323, 35.77681], [8.75866, 35.77442], [8.74665, 35.77584], [8.73576, 35.77037], [8.71012, 35.77531], [8.71313, 35.78041], [8.7086, 35.78913], [8.74936, 35.80523], [8.7608, 35.80397], [8.76184, 35.80692], [8.74313, 35.82251], [8.72, 35.85621], [8.7161, 35.87517], [8.71195, 35.87959], [8.72197, 35.88897], [8.73051, 35.8915], [8.72555, 35.9043], [8.73736, 35.92259], [8.71546, 35.97059], [8.69621, 35.98388], [8.68908, 36.0038], [8.70231, 36.02193], [8.69609, 36.02418], [8.69985, 36.03801], [8.69257, 36.04911], [8.6933, 36.06813], [8.71939, 36.07227], [8.7348, 36.08289], [8.73537, 36.09061], [8.74548, 36.09721], [8.75588, 36.10034], [8.76806, 36.09814], [8.77728, 36.0922], [8.77692, 36.08691], [8.80417, 36.04193], [8.80856, 36.03889], [8.83488, 36.03863], [8.841, 36.05535], [8.85051, 36.06701], [8.86173, 36.06026], [8.86738, 36.04966], [8.87787, 36.0501], [8.91406, 36.07753], [8.92297, 36.0796], [8.93365, 36.06478], [8.94357, 36.02289], [8.97205, 36.00416], [8.96985, 35.99197], [8.97996, 35.97519], [8.92737, 35.94333]]]}}, {"type": "Feature", "properties": {"shapeID": "11933810B93810808295366", "shapeName": "\u0627\u0644\u062d\u0631\u0627\u0626\u0631\u064a\u0629"}, "geometry": {"type": "Polygon", "coordinates": [[[10.12795, 36.7874], [10.08153, 36.7745], [10.05405, 36.77355], [10.0293, 36.7619], [10.02402, 36.77559], [10.00379, 36.78692], [10.02068, 36.79852], [10.02958, 36.79865], [10.03905, 36.79255], [10.04474, 36.7941], [10.05157, 36.78665], [10.05985, 36.79714], [10.07388, 36.79958], [10.08139, 36.79582], [10.10041, 36.80202], [10.11523, 36.79592], [10.11917, 36.79748], [10.11921, 36.79305], [10.12261, 36.79497], [10.12795, 36.7874]]]}}, {"type": "Feature", "properties": {"shapeID": "11933810B26016099352541", "shapeName": "\u0627\u0644\u062c\u0631\u064a\u0635\u0629"}, "geometry": {"type": "Polygon", "coordinates": [[[8.70043, 35.79088], [8.68463, 35.78326], [8.67588, 35.78815], [8.6673, 35.78781], [8.66633, 35.75936], [8.6503, 35.7506], [8.63637, 35.75491], [8.63188, 35.74312], [8.62339, 35.74353], [8.60303, 35.76665], [8.60024, 35.78233], [8.59534, 35.78649], [8.5966, 35.78965], [8.59069, 35.79121], [8.59051, 35.79727], [8.5835, 35.79767], [8.55288, 35.81639], [8.53696, 35.81776], [8.53777, 35.84602], [8.54207, 35.85148], [8.58312, 35.85169], [8.60118, 35.84242], [8.613, 35.86137], [8.60168, 35.86662], [8.64497, 35.88885], [8.66172, 35.88348], [8.70057, 35.88506], [8.7161, 35.87517], [8.72, 35.85621], [8.74313, 35.82251], [8.76184, 35.80692], [8.7608, 35.80397], [8.74936, 35.80523], [8.7086, 35.78913], [8.70043, 35.79088]]]}}, {"type": "Feature", "properties": {"shapeID": "11933810B19311233217993", "shapeName": "\u0627\u0644\u0628\u0642\u0627\u0644\u0637\u0629"}, "geometry": {"type": "Polygon", "coordinates": [[[11.02726, 35.55736], [11.01274, 35.55237], [11.01114, 35.55639], [10.99819, 35.55525], [10.98246, 35.58933], [10.97956, 35.60572], [10.98444, 35.61281], [10.9728, 35.61782], [10.97915, 35.62593], [10.98345, 35.62198], [10.99565, 35.62305], [11.00299, 35.62635], [11.0012, 35.62902], [11.01088, 35.637], [11.03624, 35.63235], [11.04986, 35.62425], [11.04536, 35.617], [11.04466, 35.60406], [11.03293, 35.58067], [11.03072, 35.55444], [11.02726, 35.55736]]]}}, {"type": "Feature", "properties": {"shapeID": "11933810B52939615202666", "shapeName": "\u0623\u0643\u0648\u062f\u0629"}, "geometry": {"type": "Polygon", "coordinates": [[[10.51171, 35.93963], [10.50634, 35.95686], [10.52188, 35.96252], [10.52793, 35.96905], [10.53958, 35.96462], [10.5808, 35.91634], [10.57449, 35.9137], [10.5831, 35.90185], [10.56889, 35.89665], [10.5684, 35.89231], [10.58937, 35.86627], [10.5692, 35.86056], [10.56803, 35.84915], [10.5628, 35.8465], [10.55788, 35.84904], [10.55739, 35.84572], [10.52665, 35.84302], [10.52329, 35.84736], [10.56025, 35.86326], [10.5475, 35.8804], [10.54802, 35.89928], [10.50629, 35.93542], [10.51171, 35.93963]]]}}, {"type": "Feature", "properties": {"shapeID": "11933810B85991761590163", "shapeName": "\u0623\u0631\u064a\u0627\u0646\u0629 \u0627\u0644\u0645\u062f\u064a\u0646\u0629"}, "geometry": {"type": "Polygon", "coordinates": [[[10.13795, 36.8689], [10.14866, 36.87633], [10.14581, 36.87875], [10.15424, 36.89073], [10.16281, 36.88989], [10.20126, 36.86339], [10.20285, 36.85901], [10.20231, 36.85038], [10.19257, 36.85127], [10.16936, 36.8405], [10.14635, 36.85477], [10.13795, 36.8689]]]}}, {"type": "Feature", "properties": {"shapeID": "11933810B91048903383845", "shapeName": "Menzel Chaker"}, "geometry": {"type": "Polygon", "coordinates": [[[10.66042, 34.92596], [10.66218, 34.91859], [10.64958, 34.90935], [10.64066, 34.89677], [10.63686, 34.90435], [10.61613, 34.89363], [10.63223, 34.88088], [10.61346, 34.87148], [10.61038, 34.86781], [10.6132, 34.86605], [10.58013, 34.84483], [10.59751, 34.83037], [10.58472, 34.81633], [10.51866, 34.84405], [10.42534, 34.85936], [10.30947, 34.89965], [10.28649, 34.86694], [10.28997, 34.86501], [10.27987, 34.85458], [10.28948, 34.84684], [10.27289, 34.8337], [10.25734, 34.8338], [10.22589, 34.8456], [10.1942, 34.84656], [10.18172, 34.83632], [10.16607, 34.83624], [10.13541, 34.85027], [10.12273, 34.86506], [10.12616, 34.86699], [10.1212, 34.87712], [10.0815, 34.94592], [10.09693, 34.97359], [10.10275, 34.98022], [10.10581, 34.97777], [10.11031, 34.98107], [10.06361, 35.00334], [10.06331, 35.02023], [10.05344, 35.04392], [10.05781, 35.0577], [10.06852, 35.06715], [10.1098, 35.09487], [10.13494, 35.11923], [10.14305, 35.11667], [10.14899, 35.12275], [10.15023, 35.13681], [10.17293, 35.13739], [10.20109, 35.14876], [10.22295, 35.15303], [10.22899, 35.15348], [10.28142, 35.13032], [10.29096, 35.13049], [10.31706, 35.14357], [10.33517, 35.13221], [10.3514, 35.13553], [10.36411, 35.13232], [10.3693, 35.12474], [10.38007, 35.1191], [10.3807, 35.1119], [10.39412, 35.10041], [10.4108, 35.09009], [10.42741, 35.08891], [10.47637, 35.13149], [10.52922, 35.14272], [10.55587, 35.15601], [10.58547, 35.17933], [10.59201, 35.1861], [10.56202, 35.22806], [10.59424, 35.24197], [10.60111, 35.19875], [10.61603, 35.16674], [10.618, 35.14033], [10.63999, 35.07241], [10.70646, 35.0293], [10.71146, 35.02039], [10.71093, 35.01039], [10.70284, 35.00198], [10.70137, 34.97649], [10.67938, 34.9656], [10.68321, 34.95695], [10.69334, 34.95089], [10.66042, 34.92596]]]}}, {"type": "Feature", "properties": {"shapeID": "11933810B64295465131340", "shapeName": "El Hencha"}, "geometry": {"type": "Polygon", "coordinates": [[[10.62899, 35.25763], [10.63293, 35.25234], [10.6373, 35.25373], [10.64459, 35.24201], [10.6746, 35.22194], [10.68756, 35.2187], [10.71124, 35.2216], [10.73895, 35.23218], [10.74783, 35.24034], [10.75826, 35.24158], [10.75054, 35.24881], [10.76129, 35.26508], [10.7651, 35.27851], [10.7911, 35.27383], [10.79494, 35.25621], [10.80475, 35.24596], [10.80237, 35.21689], [10.80766, 35.2034], [10.83244, 35.17046], [10.83682, 35.16157], [10.83704, 35.14837], [10.81888, 35.13984], [10.79791, 35.10037], [10.79163, 35.07739], [10.78599, 35.07688], [10.79678, 35.05958], [10.84561, 35.01604], [10.8437, 35.01272], [10.85967, 35.00544], [10.85832, 34.98829], [10.84497, 34.99433], [10.83697, 34.9862], [10.80753, 34.99757], [10.79455, 34.97439], [10.80119, 34.92654], [10.81496, 34.90583], [10.81581, 34.89619], [10.78813, 34.91191], [10.78576, 34.90866], [10.77496, 34.91803], [10.75994, 34.90254], [10.74774, 34.92081], [10.72199, 34.93128], [10.68321, 34.95695], [10.68081, 34.96725], [10.70137, 34.97649], [10.70284, 35.00198], [10.71093, 35.01039], [10.71146, 35.02039], [10.70646, 35.0293], [10.63999, 35.07241], [10.618, 35.14033], [10.61603, 35.16674], [10.60111, 35.19875], [10.59424, 35.24197], [10.62899, 35.25763]]]}}, {"type": "Feature", "properties": {"shapeID": "11933810B39381734454792", "shapeName": "Carthage"}, "geometry": {"type": "Polygon", "coordinates": [[[10.31582, 36.86457], [10.34315, 36.87984], [10.3515, 36.87549], [10.35475, 36.86905], [10.34173, 36.86366], [10.33843, 36.85444], [10.32795, 36.84495], [10.32427, 36.84581], [10.32708, 36.83622], [10.31689, 36.84161], [10.31607, 36.84752], [10.30727, 36.84442], [10.30702, 36.85235], [10.31593, 36.85719], [10.31582, 36.86457]]]}}, {"type": "Feature", "properties": {"shapeID": "11933810B27500273818749", "shapeName": "Bou Salem"}, "geometry": {"type": "Polygon", "coordinates": [[[9.03107, 36.64364], [9.04257, 36.63954], [9.05461, 36.61648], [9.06283, 36.61099], [9.06135, 36.60628], [9.07585, 36.59819], [9.06783, 36.59021], [9.07288, 36.585], [9.06761, 36.5817], [9.07677, 36.55076], [9.06754, 36.54063], [9.07525, 36.52654], [9.06637, 36.52618], [9.05824, 36.51546], [9.04309, 36.50552], [9.05066, 36.50206], [9.04377, 36.49086], [9.05141, 36.48413], [9.05201, 36.47681], [9.04062, 36.46016], [9.03671, 36.4651], [8.99822, 36.46526], [8.98466, 36.45996], [8.96301, 36.45998], [8.93967, 36.45343], [8.92834, 36.47039], [8.92872, 36.47881], [8.92159, 36.48292], [8.92313, 36.48828], [8.90743, 36.49526], [8.89755, 36.50606], [8.89946, 36.51094], [8.89303, 36.53504], [8.90177, 36.53939], [8.89303, 36.55757], [8.89706, 36.5717], [8.89202, 36.57636], [8.86981, 36.57825], [8.86264, 36.58826], [8.84581, 36.59439], [8.83762, 36.6082], [8.8398, 36.61209], [8.87816, 36.62221], [8.90862, 36.63923], [8.91939, 36.64125], [8.92006, 36.63302], [8.92915, 36.63599], [8.93314, 36.63251], [8.92162, 36.62716], [8.92338, 36.62182], [8.92772, 36.62186], [8.92179, 36.61776], [8.92424, 36.61411], [8.95741, 36.61818], [8.96097, 36.61051], [8.97508, 36.61141], [9.00441, 36.62576], [9.00493, 36.64064], [9.00939, 36.6434], [9.00613, 36.6478], [9.01171, 36.65421], [9.00973, 36.65958], [9.01814, 36.6625], [9.03107, 36.64364]]]}}, {"type": "Feature", "properties": {"shapeID": "11933810B50492442899568", "shapeName": "Balta Bouawene"}, "geometry": {"type": "Polygon", "coordinates": [[[8.83876, 36.72423], [8.86831, 36.72418], [8.87379, 36.74005], [8.86056, 36.73675], [8.89126, 36.76472], [8.89652, 36.77161], [8.89597, 36.77919], [8.90794, 36.78628], [8.91686, 36.78386], [8.91125, 36.77805], [8.91623, 36.77333], [8.94041, 36.76987], [8.94436, 36.76523], [8.99466, 36.7658], [9.01848, 36.75653], [9.02352, 36.74948], [9.02755, 36.74991], [9.03071, 36.72988], [9.03674, 36.72494], [9.03249, 36.72152], [9.03442, 36.71479], [9.02935, 36.71266], [9.02718, 36.7063], [9.03253, 36.70115], [9.02766, 36.69496], [9.03229, 36.68403], [9.02727, 36.68439], [9.03027, 36.68154], [9.02324, 36.6683], [9.01616, 36.66774], [9.01814, 36.6625], [9.00973, 36.65958], [9.01171, 36.65421], [9.00613, 36.6478], [9.00939, 36.6434], [9.00493, 36.64064], [9.00441, 36.62576], [8.97508, 36.61141], [8.96097, 36.61051], [8.95741, 36.61818], [8.92424, 36.61411], [8.92179, 36.61776], [8.92772, 36.62186], [8.92338, 36.62182], [8.92162, 36.62716], [8.93314, 36.63251], [8.92915, 36.63599], [8.92006, 36.63302], [8.91939, 36.64125], [8.85528, 36.61411], [8.8398, 36.61209], [8.8292, 36.61897], [8.81204, 36.60965], [8.80911, 36.60079], [8.8021, 36.6197], [8.78676, 36.62964], [8.77431, 36.64692], [8.78589, 36.67831], [8.80845, 36.69506], [8.81681, 36.69506], [8.82132, 36.69922], [8.81973, 36.71689], [8.83876, 36.72423]]]}}, {"type": "Feature", "properties": {"shapeID": "11933810B69695767821716", "shapeName": "\u063a\u0627\u0631 \u0627\u0644\u0645\u0644\u062d"}, "geometry": {"type": "Polygon", "coordinates": [[[10.12517, 37.14243], [10.10924, 37.13706], [10.10203, 37.13288], [10.09894, 37.12553], [10.05791, 37.12162], [10.03315, 37.11098], [10.0177, 37.09917], [10.00411, 37.07481], [10.0006, 37.08158], [9.99519, 37.10696], [10.00227, 37.10834], [10.01385, 37.11967], [10.01272, 37.12942], [10.0349, 37.13543], [10.04881, 37.14364], [10.04712, 37.16705], [10.05485, 37.17371], [10.0581, 37.18963], [10.06841, 37.20908], [10.0802, 37.21587], [10.10023, 37.19702], [10.14466, 37.18401], [10.16876, 37.18552], [10.17861, 37.1796], [10.23373, 37.17612], [10.27691, 37.1829], [10.28148, 37.17755], [10.25669, 37.17288], [10.23188, 37.15006], [10.23049, 37.15611], [10.23018, 37.15188], [10.22691, 37.15592], [10.22091, 37.15449], [10.22123, 37.1691], [10.15476, 37.1665], [10.13459, 37.14146], [10.12517, 37.14243]]]}}, {"type": "Feature", "properties": {"shapeID": "11933810B79768086949873", "shapeName": "\u0648\u0627\u062f\u064a \u0627\u0644\u0644\u06cc\u0644\u202c"}, "geometry": {"type": "Polygon", "coordinates": [[[10.07495, 36.86454], [10.08207, 36.8553], [10.07596, 36.85512], [10.06712, 36.83332], [10.06013, 36.8321], [10.06722, 36.82481], [10.06556, 36.82125], [10.07532, 36.81618], [10.06644, 36.81488], [10.05999, 36.81995], [10.05599, 36.81545], [10.0479, 36.81722], [10.07388, 36.79958], [10.05985, 36.79714], [10.05157, 36.78665], [10.04474, 36.7941], [10.03905, 36.79255], [10.02646, 36.79878], [10.01375, 36.79611], [10.01253, 36.79156], [10.00379, 36.78692], [9.98944, 36.80689], [9.98618, 36.80283], [9.97576, 36.80398], [9.97366, 36.80539], [9.98123, 36.81155], [9.96792, 36.81241], [9.96886, 36.82351], [9.96423, 36.82883], [9.96864, 36.8322], [9.96584, 36.84138], [9.98103, 36.83836], [9.98925, 36.85221], [10.01987, 36.85138], [10.02528, 36.84795], [10.03751, 36.85637], [10.03953, 36.85391], [10.05476, 36.87077], [10.07591, 36.87239], [10.07495, 36.86454]]]}}, {"type": "Feature", "properties": {"shapeID": "11933810B94389885221206", "shapeName": "\u0648\u0627\u062f \u0645\u0644\u064a\u0632"}, "geometry": {"type": "Polygon", "coordinates": [[[8.53703, 36.40081], [8.51391, 36.3985], [8.502, 36.40787], [8.48724, 36.41038], [8.48384, 36.41632], [8.48866, 36.43481], [8.48525, 36.45992], [8.50511, 36.46714], [8.50261, 36.47168], [8.5088, 36.47584], [8.51436, 36.47001], [8.52129, 36.47658], [8.51789, 36.48935], [8.47654, 36.5216], [8.48449, 36.53402], [8.49647, 36.53475], [8.49377, 36.54842], [8.49887, 36.5548], [8.49887, 36.5646], [8.51562, 36.57691], [8.52328, 36.56999], [8.52328, 36.56297], [8.5403, 36.55234], [8.54053, 36.53448], [8.55188, 36.52594], [8.5481, 36.51948], [8.55212, 36.51378], [8.54928, 36.49744], [8.57032, 36.49231], [8.57017, 36.4887], [8.5854, 36.48297], [8.58873, 36.49174], [8.59997, 36.50206], [8.6209, 36.51416], [8.63665, 36.51883], [8.64502, 36.5161], [8.65363, 36.51115], [8.64684, 36.50295], [8.64967, 36.4963], [8.67125, 36.47311], [8.65948, 36.46628], [8.65762, 36.45998], [8.6628, 36.45902], [8.65778, 36.45372], [8.69181, 36.44189], [8.6616, 36.41922], [8.61129, 36.40662], [8.60657, 36.39564], [8.59741, 36.39445], [8.58795, 36.40192], [8.57887, 36.40324], [8.56164, 36.40103], [8.55284, 36.39515], [8.54338, 36.39869], [8.53971, 36.39533], [8.53703, 36.40081]]]}}, {"type": "Feature", "properties": {"shapeID": "11933810B20916595248179", "shapeName": "\u0647\u0631\u0642\u0644\u0629"}, "geometry": {"type": "MultiPolygon", "coordinates": [[[[10.51752, 35.96965], [10.50138, 35.9694], [10.47582, 35.98547], [10.50411, 35.98488], [10.50529, 35.98049], [10.50028, 35.98287], [10.50576, 35.97175], [10.50006, 35.97131], [10.51552, 35.96996], [10.53232, 35.97617], [10.53408, 35.97319], [10.51752, 35.96965]]], [[[10.37019, 36.05567], [10.37811, 36.05418], [10.38236, 36.05902], [10.3815, 36.06454], [10.44261, 36.06211], [10.44858, 36.06499], [10.44587, 36.06988], [10.45201, 36.07102], [10.45257, 36.08563], [10.47365, 36.08855], [10.48807, 36.04722], [10.49733, 36.03642], [10.50924, 36.0345], [10.51701, 36.0286], [10.52066, 36.00702], [10.53219, 35.97639], [10.52461, 35.97594], [10.52432, 35.99207], [10.51432, 36.00633], [10.50864, 36.00691], [10.50282, 36.00018], [10.4867, 36.00012], [10.46827, 36.01255], [10.45875, 36.01087], [10.45992, 36.00694], [10.45792, 36.00441], [10.4574, 36.01052], [10.43829, 35.99561], [10.42167, 36.01406], [10.40676, 36.00625], [10.41082, 36.00191], [10.406, 35.99888], [10.39607, 36.00442], [10.39594, 36.01053], [10.38116, 36.02455], [10.3662, 36.03026], [10.37019, 36.05567]]]]}}, {"type": "Feature", "properties": {"shapeID": "11933810B90101987139089", "shapeName": "\u0627\u0644\u0639\u0627\u0644\u064a\u0629"}, "geometry": {"type": "Polygon", "coordinates": [[[9.99452, 37.11], [9.98907, 37.10814], [9.98431, 37.10172], [9.97285, 37.11238], [9.9632, 37.11539], [9.96318, 37.11264], [9.94844, 37.10786], [9.92815, 37.11111], [9.91398, 37.12427], [9.92484, 37.13006], [9.93235, 37.14015], [9.92897, 37.15077], [9.93822, 37.15123], [9.95716, 37.16118], [9.96086, 37.17759], [9.97194, 37.1898], [9.98085, 37.1852], [9.99031, 37.20253], [10.00795, 37.19459], [10.01469, 37.18669], [10.02994, 37.20416], [10.04016, 37.20206], [10.04769, 37.21497], [10.06437, 37.20741], [10.06841, 37.20908], [10.0581, 37.18963], [10.05485, 37.17371], [10.04712, 37.16705], [10.04881, 37.14364], [10.0349, 37.13543], [10.01272, 37.12942], [10.01385, 37.11967], [10.00227, 37.10834], [9.99519, 37.10696], [9.99452, 37.11]]]}}, {"type": "Feature", "properties": {"shapeID": "11933810B20445335117262", "shapeName": "\u0627\u0644\u0634\u0631\u0627\u0631\u062f\u0629"}, "geometry": {"type": "Polygon", "coordinates": [[[10.01739, 35.05058], [10.00582, 35.05244], [10.0129, 35.06608], [9.99409, 35.08419], [10.00235, 35.10288], [9.99211, 35.12081], [9.99711, 35.1265], [9.99476, 35.15515], [10.00149, 35.16453], [9.98404, 35.17243], [9.97358, 35.18183], [9.9676, 35.20244], [9.95933, 35.20545], [9.96492, 35.21586], [9.96193, 35.25275], [9.95613, 35.26062], [9.96496, 35.28189], [9.99305, 35.28243], [10.0032, 35.27588], [10.01456, 35.25199], [10.03047, 35.25203], [10.03011, 35.25893], [10.0422, 35.25241], [10.0391, 35.23791], [10.03681, 35.23484], [10.03156, 35.23705], [10.0346, 35.21194], [10.05903, 35.19755], [10.07173, 35.21383], [10.07081, 35.23382], [10.08763, 35.24143], [10.09621, 35.24245], [10.09711, 35.23757], [10.11386, 35.22897], [10.12417, 35.21857], [10.14214, 35.21191], [10.1487, 35.20335], [10.1705, 35.21927], [10.18059, 35.21557], [10.20367, 35.22057], [10.20488, 35.21392], [10.22056, 35.19755], [10.21063, 35.18681], [10.22295, 35.15303], [10.20109, 35.14876], [10.17293, 35.13739], [10.15023, 35.13681], [10.14899, 35.12275], [10.14305, 35.11667], [10.13494, 35.11923], [10.1098, 35.09487], [10.08961, 35.08357], [10.08053, 35.07298], [10.05781, 35.0577], [10.05344, 35.04392], [10.06331, 35.02023], [10.00773, 35.04245], [10.01739, 35.05058]]]}}, {"type": "Feature", "properties": {"shapeID": "11933810B77374835127738", "shapeName": "\u062d\u0645\u0627\u0645 \u0627\u0644\u0634\u0637"}, "geometry": {"type": "Polygon", "coordinates": [[[10.41803, 36.71258], [10.39784, 36.69652], [10.39153, 36.64482], [10.36116, 36.64693], [10.3683, 36.6565], [10.36233, 36.67667], [10.36292, 36.69537], [10.35422, 36.70661], [10.35262, 36.71619], [10.35585, 36.71607], [10.35989, 36.72419], [10.39084, 36.71639], [10.41761, 36.71661], [10.41803, 36.71258]]]}}, {"type": "Feature", "properties": {"shapeID": "11933810B69090870616601", "shapeName": "\u062a\u064a\u0628\u0627\u0631"}, "geometry": {"type": "Polygon", "coordinates": [[[9.07853, 36.6025], [9.08467, 36.60117], [9.09249, 36.59289], [9.09671, 36.59802], [9.10438, 36.56961], [9.11788, 36.5606], [9.1233, 36.54265], [9.12903, 36.53773], [9.15852, 36.54199], [9.16947, 36.53637], [9.17006, 36.52852], [9.15284, 36.51425], [9.15135, 36.50875], [9.16092, 36.5052], [9.16046, 36.49796], [9.14622, 36.48592], [9.14334, 36.47416], [9.12147, 36.45827], [9.08147, 36.45188], [9.07138, 36.44446], [9.06809, 36.43484], [9.03343, 36.44405], [9.01789, 36.45649], [9.01615, 36.46342], [9.03671, 36.4651], [9.04062, 36.46016], [9.04437, 36.46301], [9.05201, 36.47681], [9.05141, 36.48413], [9.04377, 36.49086], [9.05066, 36.50206], [9.04309, 36.50552], [9.05824, 36.51546], [9.06637, 36.52618], [9.07525, 36.52654], [9.06754, 36.54063], [9.07677, 36.55076], [9.06761, 36.5817], [9.07288, 36.585], [9.06783, 36.59021], [9.07853, 36.6025]]]}}, {"type": "Feature", "properties": {"shapeID": "11933810B93719080710322", "shapeName": "\u202b\u0627\u0644\u0645\u062d\u0631\u0633\u202c"}, "geometry": {"type": "Polygon", "coordinates": [[[10.36718, 34.6018], [10.36414, 34.60678], [10.36693, 34.62755], [10.40177, 34.63435], [10.42377, 34.65961], [10.42752, 34.65528], [10.44162, 34.6612], [10.46523, 34.66395], [10.48057, 34.66081], [10.47862, 34.65336], [10.4969, 34.64216], [10.49534, 34.64777], [10.50027, 34.65583], [10.51151, 34.66234], [10.54347, 34.63987], [10.54137, 34.63686], [10.55812, 34.62394], [10.56733, 34.62357], [10.57841, 34.61489], [10.5823, 34.61678], [10.61353, 34.59351], [10.60269, 34.58321], [10.59797, 34.5459], [10.60589, 34.55542], [10.59302, 34.53897], [10.5735, 34.5291], [10.54152, 34.51796], [10.53585, 34.51907], [10.55413, 34.52258], [10.55068, 34.5225], [10.56328, 34.52896], [10.55628, 34.53053], [10.53311, 34.52328], [10.52223, 34.52705], [10.5166, 34.5224], [10.50574, 34.52372], [10.49842, 34.52029], [10.50061, 34.51421], [10.4989, 34.51181], [10.49568, 34.52004], [10.46031, 34.50791], [10.43483, 34.48842], [10.43032, 34.49044], [10.43387, 34.48663], [10.37538, 34.42126], [10.36078, 34.41988], [10.36198, 34.4268], [10.35192, 34.42794], [10.35125, 34.42474], [10.33565, 34.41938], [10.33871, 34.41627], [10.32975, 34.41842], [10.32839, 34.41124], [10.32499, 34.41153], [10.3282, 34.40867], [10.3228, 34.41027], [10.32273, 34.4059], [10.34105, 34.40789], [10.35269, 34.41843], [10.35267, 34.40712], [10.35028, 34.40342], [10.32407, 34.39304], [10.33219, 34.39681], [10.31392, 34.39765], [10.29266, 34.40674], [10.29054, 34.40985], [10.29491, 34.41198], [10.28837, 34.41], [10.28398, 34.42469], [10.2766, 34.42635], [10.27345, 34.46691], [10.2827, 34.46882], [10.30508, 34.49898], [10.31822, 34.50413], [10.31541, 34.51006], [10.30999, 34.50828], [10.30557, 34.51263], [10.36288, 34.51611], [10.35433, 34.53239], [10.35935, 34.54935], [10.35682, 34.57586], [10.36135, 34.59843], [10.36718, 34.6018]]]}}, {"type": "Feature", "properties": {"shapeID": "11933810B77110081230007", "shapeName": "\u0628\u0644\u062e\u064a\u0631"}, "geometry": {"type": "Polygon", "coordinates": [[[9.45944, 34.46396], [9.48865, 34.44604], [9.50732, 34.38175], [9.56073, 34.36954], [9.55505, 34.36119], [9.53848, 34.3517], [9.55035, 34.3151], [9.54489, 34.29346], [9.55191, 34.2778], [9.54884, 34.26051], [9.53915, 34.2516], [9.54443, 34.23948], [9.5393, 34.23521], [9.52743, 34.23427], [9.52226, 34.22792], [9.504, 34.22796], [9.50097, 34.22478], [9.49201, 34.22815], [9.47739, 34.2272], [9.47026, 34.21634], [9.455, 34.21756], [9.45115, 34.21228], [9.43805, 34.21035], [9.38138, 34.2223], [9.37797, 34.22919], [9.36631, 34.22194], [9.35593, 34.22462], [9.34062, 34.22023], [9.31839, 34.22056], [9.27859, 34.20352], [9.26867, 34.19585], [9.25891, 34.19563], [9.22354, 34.17183], [9.16069, 34.16536], [9.14706, 34.23746], [9.17084, 34.22305], [9.15703, 34.25179], [9.15173, 34.28712], [9.16919, 34.31757], [9.20234, 34.33407], [9.27225, 34.32163], [9.30898, 34.34152], [9.30815, 34.34648], [9.30252, 34.34883], [9.30131, 34.36243], [9.30989, 34.37232], [9.30676, 34.37495], [9.29499, 34.37238], [9.27647, 34.38071], [9.25351, 34.42918], [9.26975, 34.45193], [9.27531, 34.45563], [9.30086, 34.45546], [9.31742, 34.46557], [9.3207, 34.47255], [9.31715, 34.48951], [9.32365, 34.4992], [9.32652, 34.49427], [9.33512, 34.49406], [9.34243, 34.50393], [9.34967, 34.5069], [9.40473, 34.49957], [9.40354, 34.4934], [9.41748, 34.48261], [9.45309, 34.48144], [9.45944, 34.46396]]]}}, {"type": "Feature", "properties": {"shapeID": "11933810B27365957956997", "shapeName": "\u0627\u0644\u0639\u0627\u0645\u0631\u0629"}, "geometry": {"type": "Polygon", "coordinates": [[[10.84224, 35.02159], [10.86001, 35.01366], [10.86037, 35.02687], [10.87179, 35.03415], [10.92032, 35.00865], [10.92698, 35.01], [10.92106, 35.01363], [10.92354, 35.01845], [10.93377, 35.01116], [10.9441, 35.01589], [10.97062, 34.99916], [10.92492, 34.96736], [10.92524, 34.96039], [10.92117, 34.95968], [10.92574, 34.95911], [10.92119, 34.94518], [10.92464, 34.9013], [10.92051, 34.88368], [10.90934, 34.87101], [10.91982, 34.8663], [10.90805, 34.87048], [10.88698, 34.85102], [10.88381, 34.83872], [10.86037, 34.85881], [10.8656, 34.86874], [10.84566, 34.88531], [10.84344, 34.87821], [10.83304, 34.88603], [10.82588, 34.88101], [10.81487, 34.8924], [10.81496, 34.90583], [10.80119, 34.92654], [10.79455, 34.97439], [10.80753, 34.99757], [10.83697, 34.9862], [10.84497, 34.99433], [10.85832, 34.98829], [10.85967, 35.00544], [10.8437, 35.01272], [10.84224, 35.02159]]]}}, {"type": "Feature", "properties": {"shapeID": "11933810B63201722786618", "shapeName": "\u0627\u0644\u0643\u0631\u064a\u0628"}, "geometry": {"type": "Polygon", "coordinates": [[[9.03942, 36.23984], [8.99993, 36.2397], [8.99642, 36.25107], [8.98327, 36.26228], [8.98622, 36.26408], [8.98116, 36.26667], [8.97881, 36.27866], [8.97375, 36.28069], [8.96866, 36.29097], [8.9555, 36.2954], [8.96239, 36.30375], [8.9517, 36.30361], [8.94527, 36.30941], [8.94397, 36.31418], [8.95329, 36.31539], [8.94673, 36.31999], [8.9577, 36.32732], [8.95646, 36.33093], [8.9613, 36.33067], [8.9603, 36.33691], [8.96664, 36.33284], [8.96575, 36.34132], [8.97704, 36.33659], [8.97381, 36.34189], [8.98216, 36.34026], [8.98067, 36.34585], [8.98734, 36.34804], [8.97893, 36.35534], [8.98204, 36.35913], [8.97277, 36.36484], [8.97789, 36.37655], [8.96683, 36.384], [8.96332, 36.39857], [8.95996, 36.39873], [8.96125, 36.40369], [8.95558, 36.40283], [8.95565, 36.40872], [8.94128, 36.41318], [8.93834, 36.41929], [8.9328, 36.42042], [8.92798, 36.42973], [8.92862, 36.43782], [8.92446, 36.44144], [8.9314, 36.444], [8.93, 36.45016], [8.93548, 36.44908], [8.93543, 36.45214], [8.96301, 36.45998], [8.98466, 36.45996], [8.99822, 36.46526], [9.01615, 36.46342], [9.01789, 36.45649], [9.03343, 36.44405], [9.06809, 36.43484], [9.08886, 36.4195], [9.09028, 36.41245], [9.08176, 36.40675], [9.08612, 36.40273], [9.09839, 36.40354], [9.11321, 36.39491], [9.1162, 36.38357], [9.11406, 36.37153], [9.11064, 36.37062], [9.11337, 36.36571], [9.13156, 36.36359], [9.14687, 36.37405], [9.17298, 36.38441], [9.18013, 36.38301], [9.19373, 36.37166], [9.24271, 36.36981], [9.24591, 36.37412], [9.25769, 36.36649], [9.27007, 36.33545], [9.25778, 36.31844], [9.23435, 36.30164], [9.23487, 36.29403], [9.24026, 36.29202], [9.22903, 36.28759], [9.22912, 36.27881], [9.21985, 36.27908], [9.21826, 36.26646], [9.2009, 36.26796], [9.1917, 36.25488], [9.18824, 36.2549], [9.17871, 36.26767], [9.16245, 36.27286], [9.16494, 36.26082], [9.15371, 36.26073], [9.13666, 36.27144], [9.13084, 36.28045], [9.12591, 36.28092], [9.1235, 36.29005], [9.11593, 36.29346], [9.10687, 36.28507], [9.10365, 36.27644], [9.0949, 36.27384], [9.08853, 36.26514], [9.07831, 36.26495], [9.06587, 36.25815], [9.05074, 36.23334], [9.04367, 36.23167], [9.03942, 36.23984]]]}}, {"type": "Feature", "properties": {"shapeID": "11933810B80970548575435", "shapeName": "\u0628\u0627\u0628 \u0628\u062d\u0631"}, "geometry": {"type": "Polygon", "coordinates": [[[10.17351, 36.80984], [10.17843, 36.8227], [10.19094, 36.81169], [10.22394, 36.80289], [10.2058, 36.77853], [10.18075, 36.78921], [10.17988, 36.79505], [10.1768, 36.79301], [10.17351, 36.80984]]]}}, {"type": "Feature", "properties": {"shapeID": "11933810B4327996675990", "shapeName": "\u0627\u0644\u0632\u0647\u0631\u0627\u0621"}, "geometry": {"type": "Polygon", "coordinates": [[[10.3261, 36.74034], [10.31957, 36.73467], [10.32305, 36.7331], [10.28022, 36.73958], [10.28266, 36.75251], [10.30123, 36.7621], [10.3261, 36.74034]]]}}, {"type": "Feature", "properties": {"shapeID": "11933810B23225476199680", "shapeName": "\u0627\u0644\u0639\u0645\u0631\u0627\u0646"}, "geometry": {"type": "Polygon", "coordinates": [[[10.15551, 36.80935], [10.13821, 36.82164], [10.15572, 36.83323], [10.16539, 36.82953], [10.168, 36.82102], [10.17623, 36.81666], [10.1745, 36.81269], [10.15551, 36.80935]]]}}, {"type": "Feature", "properties": {"shapeID": "11933810B16314159892818", "shapeName": "\u0645\u0642\u0631\u064a\u0646"}, "geometry": {"type": "Polygon", "coordinates": [[[10.21552, 36.76861], [10.2058, 36.77853], [10.22184, 36.78616], [10.25004, 36.78699], [10.26402, 36.77222], [10.25094, 36.76331], [10.24681, 36.75551], [10.21552, 36.76861]]]}}, {"type": "Feature", "properties": {"shapeID": "11933810B99011573109347", "shapeName": "\u0628\u0648\u0645\u0647\u0644 \u0627\u0644\u0628\u0633\u0627\u062a\u064a\u0646"}, "geometry": {"type": "Polygon", "coordinates": [[[10.29021, 36.69006], [10.28271, 36.71189], [10.27317, 36.71604], [10.26418, 36.71479], [10.25324, 36.72501], [10.25651, 36.736], [10.27475, 36.74088], [10.3166, 36.73358], [10.32034, 36.70063], [10.29021, 36.69006]]]}}, {"type": "Feature", "properties": {"shapeID": "11933810B49298312402477", "shapeName": "\u062c\u0631\u0628\u0629 \u0645\u064a\u062f\u0648\u0646"}, "geometry": {"type": "Polygon", "coordinates": [[[10.86635, 33.73792], [10.86447, 33.74461], [10.8757, 33.75853], [10.87777, 33.77079], [10.87224, 33.77362], [10.86124, 33.792], [10.88324, 33.80118], [10.89842, 33.81658], [10.90573, 33.80809], [10.91994, 33.81347], [10.92856, 33.80755], [10.94927, 33.81186], [10.94771, 33.81817], [10.96625, 33.82625], [10.97279, 33.83976], [10.9916, 33.85128], [11.019, 33.8316], [11.03603, 33.83293], [11.05597, 33.82512], [11.05686, 33.80337], [11.06253, 33.7892], [11.05844, 33.78763], [11.06026, 33.78236], [11.05638, 33.77756], [11.04764, 33.77936], [11.03092, 33.77004], [11.02131, 33.75794], [10.9974, 33.75196], [10.98768, 33.72895], [10.98623, 33.69845], [10.97386, 33.68281], [10.96674, 33.68065], [10.97166, 33.68437], [10.96885, 33.68892], [10.97271, 33.69374], [10.96837, 33.68893], [10.96513, 33.69384], [10.97023, 33.71053], [10.96713, 33.72756], [10.95308, 33.72331], [10.93969, 33.6942], [10.92931, 33.69101], [10.91594, 33.67836], [10.92618, 33.65606], [10.91527, 33.67977], [10.86635, 33.73792]]]}}, {"type": "Feature", "properties": {"shapeID": "11933810B14386581864910", "shapeName": "\u062d\u064a \u0627\u0644\u062e\u0636\u0631\u0627\u0621"}, "geometry": {"type": "Polygon", "coordinates": [[[10.2126, 36.84855], [10.21433, 36.85986], [10.23501, 36.87105], [10.23112, 36.85687], [10.24396, 36.86166], [10.23921, 36.85779], [10.27209, 36.81046], [10.22394, 36.80289], [10.18388, 36.81565], [10.17843, 36.8227], [10.18332, 36.84811], [10.2126, 36.84855]]]}}, {"type": "Feature", "properties": {"shapeID": "11933810B30705450500253", "shapeName": "\u0627\u0644\u0645\u0631\u0646\u0627\u0642\u064a\u0629"}, "geometry": {"type": "Polygon", "coordinates": [[[9.86144, 36.58736], [9.88369, 36.59037], [9.89401, 36.60567], [9.89366, 36.61841], [9.9047, 36.62398], [9.90715, 36.63015], [9.91675, 36.63326], [9.92874, 36.64636], [9.91399, 36.66439], [9.91641, 36.66598], [9.9075, 36.68293], [9.88636, 36.69686], [9.91549, 36.70547], [9.90029, 36.71133], [9.91855, 36.71919], [9.92468, 36.7264], [9.91525, 36.73531], [9.91072, 36.75076], [9.90104, 36.76491], [9.92604, 36.76388], [9.9213, 36.77579], [9.92756, 36.77915], [9.92281, 36.7841], [9.9256, 36.79226], [9.98085, 36.79815], [9.99282, 36.78045], [9.99586, 36.78631], [10.00379, 36.78692], [10.0199, 36.77949], [10.02785, 36.76937], [10.02823, 36.76088], [10.04094, 36.74534], [10.03226, 36.73961], [10.07499, 36.72414], [10.06983, 36.70614], [10.08553, 36.69519], [10.09042, 36.69374], [10.09327, 36.69685], [10.08605, 36.6737], [10.04295, 36.62266], [10.03693, 36.62954], [10.03525, 36.63985], [10.02379, 36.64893], [10.02892, 36.65437], [10.01746, 36.66277], [9.99856, 36.64406], [9.99291, 36.63094], [9.98083, 36.61747], [9.96276, 36.61461], [9.94978, 36.60698], [9.93794, 36.59454], [9.93562, 36.58474], [9.92172, 36.57621], [9.90247, 36.55297], [9.88882, 36.57264], [9.86402, 36.57501], [9.86144, 36.58736]]]}}, {"type": "Feature", "properties": {"shapeID": "11933810B74832609224245", "shapeName": "\u0628\u0646\u0628\u0644\u0629"}, "geometry": {"type": "Polygon", "coordinates": [[[10.81039, 35.69182], [10.8127, 35.68713], [10.80379, 35.68555], [10.80859, 35.67091], [10.79557, 35.65252], [10.77798, 35.64871], [10.77777, 35.65236], [10.77006, 35.65383], [10.75942, 35.65113], [10.7636, 35.65397], [10.75911, 35.66045], [10.76413, 35.66239], [10.76377, 35.66572], [10.7401, 35.64989], [10.73724, 35.65334], [10.73493, 35.65041], [10.71339, 35.67252], [10.71213, 35.68009], [10.7144, 35.68942], [10.724, 35.69448], [10.7199, 35.70076], [10.74722, 35.71505], [10.76508, 35.7037], [10.79946, 35.71363], [10.81971, 35.69356], [10.81039, 35.69182]]]}}, {"type": "Feature", "properties": {"shapeID": "11933810B54416453623", "shapeName": "\u0633\u064a\u062f\u064a \u0628\u0648\u0632\u064a\u062f \u0627\u0644\u0634\u0631\u0642\u064a\u0629"}, "geometry": {"type": "Polygon", "coordinates": [[[9.70872, 35.1415], [9.69612, 35.11842], [9.72082, 35.11482], [9.73128, 35.1086], [9.71817, 35.09793], [9.72336, 35.08632], [9.72137, 35.08199], [9.74042, 35.07129], [9.74346, 35.06291], [9.76611, 35.05149], [9.7885, 35.02015], [9.78797, 35.0132], [9.79367, 35.00499], [9.79241, 34.99219], [9.76548, 34.9847], [9.73708, 34.96264], [9.72439, 34.95651], [9.71134, 34.95799], [9.70699, 34.95166], [9.65984, 34.97678], [9.64111, 34.97586], [9.61903, 34.98392], [9.6138, 34.98017], [9.604, 34.98895], [9.60178, 34.98615], [9.60476, 34.98452], [9.59423, 34.98181], [9.57825, 34.96423], [9.56527, 34.96685], [9.563, 34.97258], [9.55374, 34.97473], [9.51522, 34.96783], [9.55502, 34.96318], [9.54098, 34.92747], [9.54543, 34.92042], [9.5008, 34.9029], [9.48875, 34.88486], [9.46149, 34.86001], [9.44478, 34.93903], [9.4292, 34.94835], [9.4661, 34.97029], [9.4624, 34.98129], [9.46375, 35.0226], [9.46009, 35.02432], [9.46025, 35.02986], [9.46807, 35.0323], [9.4845, 35.02709], [9.50769, 35.038], [9.49401, 35.04312], [9.5036, 35.05269], [9.48651, 35.06366], [9.48071, 35.05554], [9.4744, 35.06567], [9.45872, 35.06501], [9.45504, 35.06175], [9.44919, 35.06654], [9.47117, 35.07082], [9.51293, 35.14788], [9.50597, 35.15067], [9.45896, 35.14979], [9.45607, 35.16146], [9.44488, 35.14853], [9.41916, 35.1459], [9.41734, 35.17253], [9.43974, 35.16396], [9.47485, 35.17116], [9.487, 35.19808], [9.49052, 35.22415], [9.49739, 35.23451], [9.52396, 35.25343], [9.55779, 35.25964], [9.56128, 35.26804], [9.58701, 35.28476], [9.60003, 35.2796], [9.60946, 35.26668], [9.64173, 35.26069], [9.65303, 35.25207], [9.65841, 35.24254], [9.67448, 35.23488], [9.68265, 35.23676], [9.69161, 35.23074], [9.69116, 35.21159], [9.69882, 35.20065], [9.70872, 35.1415]]]}}, {"type": "Feature", "properties": {"shapeID": "11933810B98016623241881", "shapeName": "\u0633\u064a\u062f\u064a \u062b\u0627\u0628\u062a"}, "geometry": {"type": "Polygon", "coordinates": [[[9.99926, 36.92455], [10.00418, 36.92852], [10.00983, 36.92552], [10.01513, 36.91463], [10.02699, 36.92147], [10.01588, 36.93723], [10.00983, 36.93511], [10.00615, 36.9379], [10.02133, 36.94954], [10.02399, 36.96258], [10.0187, 36.96683], [10.02803, 36.96984], [10.02899, 36.98341], [10.04892, 36.97436], [10.05633, 36.96404], [10.06679, 36.97716], [10.10374, 36.91984], [10.11728, 36.88953], [10.1053, 36.88672], [10.09578, 36.87719], [10.05476, 36.87077], [10.03953, 36.85391], [10.03751, 36.85637], [10.02528, 36.84795], [10.01987, 36.85138], [9.98925, 36.85221], [9.98103, 36.83836], [9.96584, 36.84138], [9.96329, 36.84355], [9.96731, 36.84594], [9.97891, 36.84664], [9.97563, 36.85883], [9.99087, 36.85802], [9.99803, 36.87075], [9.99695, 36.87722], [10.00502, 36.88092], [10.00438, 36.89027], [10.0112, 36.89706], [9.99926, 36.92455]]]}}, {"type": "Feature", "properties": {"shapeID": "11933810B21257507323383", "shapeName": "\u0633\u064a\u062f\u064a \u062d\u0633\u064a\u0646"}, "geometry": {"type": "Polygon", "coordinates": [[[10.13079, 36.78632], [10.12082, 36.77891], [10.11868, 36.76868], [10.11554, 36.76877], [10.12056, 36.76485], [10.11592, 36.76031], [10.11789, 36.75637], [10.1254, 36.75881], [10.12266, 36.7558], [10.12952, 36.75513], [10.13702, 36.73951], [10.14435, 36.73585], [10.13104, 36.72538], [10.15133, 36.71176], [10.13552, 36.69901], [10.1321, 36.70227], [10.12481, 36.69449], [10.11594, 36.69641], [10.1116, 36.69279], [10.09553, 36.69682], [10.08553, 36.69519], [10.06983, 36.70614], [10.07499, 36.72414], [10.03226, 36.73961], [10.04094, 36.74534], [10.0293, 36.7619], [10.05405, 36.77355], [10.08153, 36.7745], [10.13079, 36.78632]]]}}, {"type": "Feature", "properties": {"shapeID": "11933810B7200177865373", "shapeName": "\u0633\u0628\u064a\u0637\u0644\u0629"}, "geometry": {"type": "Polygon", "coordinates": [[[9.03455, 35.4754], [9.0524, 35.4702], [9.07581, 35.47012], [9.0969, 35.4461], [9.09984, 35.44063], [9.09798, 35.4324], [9.12033, 35.43147], [9.13614, 35.42312], [9.16859, 35.38032], [9.19225, 35.36444], [9.15763, 35.31117], [9.15037, 35.28788], [9.16916, 35.27233], [9.19601, 35.2586], [9.20317, 35.251], [9.20345, 35.24508], [9.2489, 35.23127], [9.27489, 35.21513], [9.23814, 35.19808], [9.25232, 35.17908], [9.25375, 35.16711], [9.2528, 35.15342], [9.24286, 35.1376], [9.26309, 35.11772], [9.30261, 35.1022], [9.32389, 35.08274], [9.27777, 35.02488], [9.26962, 35.02016], [9.25437, 35.02167], [9.24756, 35.01859], [9.23861, 35.02268], [9.23083, 35.01735], [9.22177, 35.01927], [9.21309, 35.011], [9.20429, 35.00889], [9.1866, 35.01435], [9.17032, 35.0107], [9.16189, 35.01861], [9.15185, 35.03861], [9.14813, 35.06149], [9.13334, 35.07123], [9.12711, 35.09126], [9.11475, 35.09076], [9.11463, 35.09815], [9.10347, 35.10364], [9.10161, 35.10933], [9.09238, 35.11124], [9.08859, 35.11897], [9.09285, 35.12811], [9.07582, 35.13127], [9.07197, 35.1286], [9.06173, 35.13974], [9.05749, 35.13776], [9.05282, 35.14215], [9.04995, 35.13821], [9.04675, 35.14336], [9.04143, 35.14083], [9.04097, 35.14665], [9.03593, 35.14258], [9.0311, 35.14813], [9.02383, 35.14705], [9.0205, 35.15158], [9.03042, 35.1689], [9.01603, 35.17704], [9.00435, 35.17487], [8.99004, 35.17924], [8.94788, 35.21675], [8.95222, 35.21845], [8.94823, 35.22383], [8.93883, 35.22343], [8.90475, 35.23957], [8.89018, 35.27611], [8.84619, 35.30924], [8.80223, 35.30547], [8.79915, 35.31362], [8.80749, 35.33608], [8.83478, 35.3636], [8.85985, 35.37767], [8.8567, 35.38115], [8.8694, 35.38873], [8.86658, 35.3951], [8.87017, 35.3983], [8.91588, 35.42837], [8.92132, 35.42516], [8.94161, 35.42836], [8.95937, 35.437], [8.98955, 35.46365], [9.01179, 35.46547], [9.03455, 35.4754]]]}}, {"type": "Feature", "properties": {"shapeID": "11933810B17375886890417", "shapeName": "\u062d\u0645\u0627\u0645 \u0627\u0644\u0623\u0646\u0641"}, "geometry": {"type": "Polygon", "coordinates": [[[10.33546, 36.70523], [10.32034, 36.70063], [10.3166, 36.73358], [10.32305, 36.7331], [10.31957, 36.73467], [10.3261, 36.74034], [10.35989, 36.72419], [10.35176, 36.71451], [10.35982, 36.69721], [10.33546, 36.70523]]]}}, {"type": "Feature", "properties": {"shapeID": "11933810B52074179872789", "shapeName": "\u0641\u0631\u064a\u0627\u0646\u0629"}, "geometry": {"type": "Polygon", "coordinates": [[[8.6411, 35.19068], [8.6411, 35.18612], [8.60859, 35.15907], [8.59719, 35.1556], [8.63652, 35.11507], [8.62896, 35.09692], [8.61009, 35.08032], [8.56123, 35.06407], [8.58241, 35.00882], [8.5956, 35.01393], [8.62517, 34.97894], [8.59971, 34.96303], [8.59984, 34.93973], [8.59287, 34.92402], [8.60359, 34.92274], [8.64305, 34.90306], [8.66787, 34.88614], [8.65898, 34.87873], [8.62195, 34.86826], [8.60797, 34.86884], [8.5914, 34.85821], [8.5762, 34.858], [8.56924, 34.85265], [8.56576, 34.85461], [8.55296, 34.85022], [8.54241, 34.85569], [8.51224, 34.88511], [8.51411, 34.90018], [8.488, 34.89686], [8.48108, 34.89238], [8.47031, 34.89761], [8.45008, 34.88349], [8.35437, 34.84351], [8.3505, 34.83404], [8.35794, 34.81909], [8.35527, 34.81431], [8.32516, 34.80593], [8.2986, 34.81113], [8.2853, 34.80557], [8.27904, 34.83562], [8.27262, 34.84046], [8.27564, 34.84462], [8.27071, 34.8507], [8.2701, 34.86288], [8.26137, 34.87433], [8.25607, 34.90886], [8.24521, 34.92105], [8.26156, 34.93149], [8.26958, 34.9323], [8.28634, 34.94519], [8.30087, 34.94967], [8.31527, 34.94809], [8.30865, 34.95375], [8.31689, 34.99387], [8.31568, 35.00921], [8.34306, 35.07197], [8.35899, 35.10102], [8.39032, 35.12003], [8.40943, 35.13975], [8.41634, 35.15099], [8.42261, 35.17916], [8.43857, 35.19847], [8.46849, 35.19939], [8.5056, 35.21263], [8.52248, 35.22598], [8.53322, 35.24167], [8.55325, 35.25581], [8.6411, 35.19068]]]}}, {"type": "Feature", "properties": {"shapeID": "11933810B3034727793195", "shapeName": "\u062a\u0633\u062a\u0648\u0631"}, "geometry": {"type": "Polygon", "coordinates": [[[9.5094, 36.46384], [9.50221, 36.45869], [9.48416, 36.45859], [9.46331, 36.44965], [9.45284, 36.45968], [9.43041, 36.46249], [9.3955, 36.44218], [9.3812, 36.44032], [9.37289, 36.44333], [9.36119, 36.4393], [9.35408, 36.44251], [9.34155, 36.46469], [9.34973, 36.47464], [9.34549, 36.47859], [9.34781, 36.4877], [9.33417, 36.49164], [9.32576, 36.5053], [9.33206, 36.51266], [9.32949, 36.5191], [9.33707, 36.53631], [9.3038, 36.54087], [9.29862, 36.5549], [9.29425, 36.55287], [9.29476, 36.55939], [9.29041, 36.563], [9.26043, 36.56465], [9.24905, 36.5567], [9.2443, 36.56377], [9.23643, 36.56405], [9.23215, 36.58147], [9.25028, 36.59421], [9.25505, 36.60732], [9.26433, 36.61418], [9.25996, 36.6169], [9.26582, 36.62539], [9.27614, 36.61886], [9.28979, 36.62771], [9.29807, 36.61729], [9.29846, 36.62677], [9.30766, 36.63055], [9.30644, 36.63552], [9.32281, 36.63905], [9.32955, 36.65511], [9.32315, 36.66663], [9.33047, 36.68141], [9.34866, 36.69453], [9.34784, 36.7026], [9.34172, 36.70778], [9.35137, 36.71088], [9.3674, 36.72494], [9.3759, 36.74678], [9.38946, 36.73903], [9.401, 36.7234], [9.41954, 36.73322], [9.44374, 36.73331], [9.47136, 36.7258], [9.48145, 36.73227], [9.48942, 36.71995], [9.50535, 36.66027], [9.5308, 36.65579], [9.5435, 36.63537], [9.54823, 36.61053], [9.57286, 36.59854], [9.57439, 36.59022], [9.62794, 36.57675], [9.62302, 36.56558], [9.59263, 36.54187], [9.56817, 36.53486], [9.55693, 36.53802], [9.5533, 36.5191], [9.53877, 36.50589], [9.52594, 36.50017], [9.53266, 36.49953], [9.55161, 36.48351], [9.54671, 36.46172], [9.53745, 36.4495], [9.5094, 36.46384]]]}}, {"type": "Feature", "properties": {"shapeID": "11933810B37862088791511", "shapeName": "\u062d\u0627\u062c\u0628 \u0627\u0644\u0639\u064a\u0648\u0646"}, "geometry": {"type": "Polygon", "coordinates": [[[9.54961, 35.28116], [9.53227, 35.31769], [9.53661, 35.3222], [9.52728, 35.33328], [9.53038, 35.33693], [9.52708, 35.3443], [9.45914, 35.36355], [9.47444, 35.38843], [9.48721, 35.39245], [9.5052, 35.40524], [9.50028, 35.41158], [9.50513, 35.4141], [9.49041, 35.42377], [9.4883, 35.42939], [9.48911, 35.44053], [9.48501, 35.44939], [9.49115, 35.45867], [9.49034, 35.46347], [9.46617, 35.47715], [9.46407, 35.49309], [9.44236, 35.50231], [9.43345, 35.53426], [9.41009, 35.54574], [9.39588, 35.54773], [9.39831, 35.55936], [9.41335, 35.55948], [9.41992, 35.56318], [9.42257, 35.57639], [9.45186, 35.58683], [9.4535, 35.59789], [9.45969, 35.60106], [9.47026, 35.60212], [9.47784, 35.59298], [9.50361, 35.59647], [9.51062, 35.58944], [9.54934, 35.56952], [9.54689, 35.5596], [9.55404, 35.53823], [9.57231, 35.51508], [9.58178, 35.50976], [9.58772, 35.48386], [9.58314, 35.47184], [9.6014, 35.47539], [9.61524, 35.50986], [9.60419, 35.51745], [9.62297, 35.52422], [9.6324, 35.50877], [9.65913, 35.50123], [9.67315, 35.48648], [9.68596, 35.49037], [9.69313, 35.4835], [9.6962, 35.47356], [9.70347, 35.47985], [9.70863, 35.47386], [9.70481, 35.47156], [9.70766, 35.46606], [9.7123, 35.46597], [9.70414, 35.45183], [9.72817, 35.44116], [9.71118, 35.43641], [9.71006, 35.4294], [9.69823, 35.41811], [9.69995, 35.40838], [9.68127, 35.36584], [9.6879, 35.35836], [9.70455, 35.35278], [9.70112, 35.34584], [9.69656, 35.34495], [9.69573, 35.33943], [9.70256, 35.33291], [9.69402, 35.29916], [9.70415, 35.27514], [9.69161, 35.23074], [9.68265, 35.23676], [9.67448, 35.23488], [9.65841, 35.24254], [9.65303, 35.25207], [9.64173, 35.26069], [9.60946, 35.26668], [9.60003, 35.2796], [9.58701, 35.28476], [9.56616, 35.26972], [9.54961, 35.28116]]]}}, {"type": "Feature", "properties": {"shapeID": "11933810B10014638911734", "shapeName": "\u062d\u0627\u0633\u064a \u0627\u0644\u0641\u0631\u064a\u062f"}, "geometry": {"type": "Polygon", "coordinates": [[[8.89354, 34.8004], [8.83064, 34.76873], [8.80681, 34.79459], [8.79171, 34.82317], [8.74153, 34.81351], [8.73061, 34.84154], [8.70021, 34.89826], [8.71381, 34.91479], [8.71571, 34.92602], [8.74057, 34.94027], [8.7463, 34.94951], [8.75621, 34.95449], [8.73683, 34.96428], [8.73453, 34.97021], [8.76635, 34.9859], [8.76911, 34.99872], [8.75838, 35.01999], [8.79433, 35.03638], [8.80944, 35.02981], [8.89151, 35.05392], [8.9082, 35.07544], [8.96073, 35.1028], [8.99226, 35.12896], [8.98781, 35.15542], [8.99723, 35.15108], [9.00495, 35.15702], [9.00952, 35.1506], [9.0205, 35.15158], [9.03593, 35.14258], [9.04097, 35.14665], [9.04143, 35.14083], [9.04675, 35.14336], [9.04995, 35.13821], [9.05282, 35.14215], [9.05749, 35.13776], [9.06173, 35.13974], [9.07197, 35.1286], [9.07582, 35.13127], [9.09285, 35.12811], [9.08859, 35.11897], [9.09238, 35.11124], [9.10161, 35.10933], [9.10347, 35.10364], [9.11463, 35.09815], [9.11475, 35.09076], [9.12711, 35.09126], [9.13334, 35.07123], [9.14813, 35.06149], [9.15185, 35.03861], [9.16189, 35.01861], [9.17032, 35.0107], [9.15045, 34.99444], [9.12208, 34.99539], [9.10626, 34.9676], [9.06098, 34.95597], [9.04989, 34.93699], [9.03536, 34.94034], [9.03807, 34.92284], [9.02591, 34.91409], [9.0312, 34.89917], [9.02726, 34.8889], [9.03805, 34.88655], [9.05844, 34.89032], [9.0649, 34.87908], [9.05832, 34.86934], [9.03883, 34.85729], [8.98095, 34.83309], [8.97169, 34.82567], [8.94128, 34.82365], [8.92088, 34.81023], [8.89354, 34.8004]]]}}, {"type": "Feature", "properties": {"shapeID": "11933810B29864184441707", "shapeName": "\u0628\u0626\u0631 \u0645\u0634\u0627\u0631\u0642\u0629"}, "geometry": {"type": "Polygon", "coordinates": [[[10.14533, 36.60173], [10.14766, 36.59265], [10.14324, 36.57896], [10.14526, 36.56659], [10.15108, 36.56957], [10.15559, 36.55211], [10.15242, 36.54721], [10.16419, 36.54748], [10.16512, 36.5326], [10.19285, 36.51914], [10.18214, 36.51182], [10.18188, 36.50399], [10.17622, 36.49923], [10.14792, 36.48807], [10.14155, 36.48128], [10.08257, 36.4847], [10.07098, 36.46873], [10.07066, 36.45905], [10.06309, 36.4486], [10.06735, 36.43791], [10.04929, 36.40934], [10.01285, 36.4099], [10.00729, 36.4024], [9.97444, 36.40521], [9.9619, 36.40199], [9.94945, 36.39332], [9.93942, 36.39688], [9.93326, 36.40257], [9.93403, 36.4127], [9.94299, 36.41713], [9.94057, 36.41948], [9.9453, 36.41996], [9.94423, 36.42371], [9.95947, 36.4173], [9.97095, 36.42641], [9.95636, 36.44452], [9.95732, 36.45953], [9.9443, 36.45889], [9.94585, 36.46722], [9.93201, 36.47274], [9.91347, 36.4566], [9.91794, 36.44413], [9.89809, 36.43456], [9.88594, 36.44571], [9.87244, 36.45098], [9.86712, 36.44864], [9.86434, 36.45451], [9.84497, 36.46639], [9.84324, 36.47191], [9.81092, 36.4843], [9.79762, 36.48267], [9.78554, 36.4746], [9.76364, 36.4469], [9.75429, 36.4424], [9.74516, 36.44688], [9.74779, 36.44982], [9.73917, 36.45074], [9.73554, 36.46161], [9.73965, 36.46574], [9.73293, 36.46962], [9.75167, 36.47795], [9.75937, 36.48885], [9.76824, 36.48551], [9.77565, 36.48734], [9.78414, 36.5005], [9.78397, 36.511], [9.7971, 36.52363], [9.82404, 36.53022], [9.83866, 36.56659], [9.86402, 36.57501], [9.88882, 36.57264], [9.90247, 36.55297], [9.92172, 36.57621], [9.93562, 36.58474], [9.93794, 36.59454], [9.94978, 36.60698], [9.96276, 36.61461], [9.98083, 36.61747], [9.99291, 36.63094], [9.99856, 36.64406], [10.01746, 36.66277], [10.02892, 36.65437], [10.02379, 36.64893], [10.03525, 36.63985], [10.04354, 36.61963], [10.09022, 36.59622], [10.08808, 36.59498], [10.10298, 36.58257], [10.10753, 36.58095], [10.14533, 36.60173]]]}}, {"type": "Feature", "properties": {"shapeID": "11933810B5291941008457", "shapeName": "Jendouba Sud"}, "geometry": {"type": "Polygon", "coordinates": [[[8.66733, 36.45838], [8.67328, 36.46411], [8.67218, 36.45808], [8.67775, 36.4551], [8.68187, 36.45612], [8.68371, 36.46326], [8.68534, 36.45577], [8.70475, 36.45995], [8.71073, 36.45305], [8.71371, 36.4586], [8.71771, 36.45812], [8.71415, 36.46821], [8.73136, 36.46097], [8.73369, 36.46579], [8.73095, 36.47161], [8.72227, 36.46908], [8.72142, 36.47232], [8.72972, 36.47592], [8.73665, 36.46882], [8.73922, 36.47553], [8.73158, 36.47516], [8.73057, 36.48087], [8.73915, 36.47764], [8.74095, 36.48092], [8.74263, 36.47376], [8.74605, 36.47328], [8.74667, 36.48279], [8.73903, 36.48491], [8.74664, 36.48334], [8.75362, 36.47879], [8.76533, 36.48669], [8.78468, 36.51546], [8.78072, 36.5256], [8.7881, 36.53267], [8.79845, 36.52837], [8.80416, 36.53382], [8.79928, 36.5365], [8.80511, 36.5386], [8.80987, 36.53267], [8.80737, 36.52856], [8.81594, 36.52875], [8.81534, 36.5407], [8.8201, 36.54022], [8.82843, 36.53028], [8.83473, 36.53592], [8.84498, 36.53475], [8.84824, 36.54437], [8.84386, 36.54682], [8.84897, 36.54968], [8.84043, 36.5503], [8.84111, 36.55554], [8.85549, 36.55179], [8.85953, 36.55641], [8.86682, 36.55351], [8.86665, 36.55992], [8.85468, 36.55879], [8.85506, 36.56433], [8.86296, 36.56833], [8.86781, 36.56489], [8.86854, 36.57312], [8.87566, 36.57686], [8.89202, 36.57636], [8.89706, 36.5717], [8.89303, 36.55757], [8.90177, 36.53939], [8.89303, 36.53504], [8.89946, 36.51094], [8.89755, 36.50606], [8.90743, 36.49526], [8.92313, 36.48828], [8.92159, 36.48292], [8.92872, 36.47881], [8.92834, 36.47039], [8.93988, 36.45556], [8.92026, 36.45069], [8.90072, 36.42568], [8.86961, 36.41393], [8.84696, 36.41769], [8.81602, 36.40069], [8.79858, 36.4005], [8.76959, 36.39271], [8.75472, 36.39675], [8.75235, 36.40376], [8.73976, 36.40426], [8.72575, 36.40008], [8.71787, 36.3927], [8.69652, 36.40187], [8.6936, 36.4084], [8.6616, 36.41922], [8.69181, 36.44189], [8.65778, 36.45372], [8.6628, 36.45902], [8.65762, 36.45998], [8.65948, 36.46628], [8.66733, 36.45838]]]}}, {"type": "Feature", "properties": {"shapeID": "11933810B48763821279010", "shapeName": "Kerkennah"}, "geometry": {"type": "MultiPolygon", "coordinates": [[[[11.30771, 34.75441], [11.31485, 34.75829], [11.33329, 34.76047], [11.34309, 34.75705], [11.3266, 34.75548], [11.30841, 34.74432], [11.30549, 34.74848], [11.30771, 34.75441]]], [[[11.30536, 34.82956], [11.3105, 34.82897], [11.33529, 34.81539], [11.31242, 34.81718], [11.30397, 34.82582], [11.30536, 34.82956]]], [[[11.1325, 34.68318], [11.13446, 34.6895], [11.12927, 34.69109], [11.13613, 34.69195], [11.13382, 34.69988], [11.1494, 34.7045], [11.15758, 34.72214], [11.1743, 34.72847], [11.16981, 34.73524], [11.18167, 34.74248], [11.17024, 34.76239], [11.17967, 34.76186], [11.18424, 34.74845], [11.19803, 34.74095], [11.21903, 34.73967], [11.22555, 34.7455], [11.22411, 34.75008], [11.22889, 34.75052], [11.22666, 34.76133], [11.23244, 34.766], [11.21968, 34.77507], [11.2161, 34.78427], [11.227, 34.78211], [11.23427, 34.78657], [11.23344, 34.79056], [11.24784, 34.79127], [11.24102, 34.80718], [11.24367, 34.80923], [11.24542, 34.80627], [11.25044, 34.80608], [11.25061, 34.80359], [11.25258, 34.80289], [11.25035, 34.8133], [11.24426, 34.81697], [11.24476, 34.82277], [11.25045, 34.82657], [11.24647, 34.83091], [11.25621, 34.83076], [11.25561, 34.8272], [11.25811, 34.8306], [11.2573, 34.82672], [11.2646, 34.82268], [11.26891, 34.81042], [11.27878, 34.80269], [11.28291, 34.8065], [11.27394, 34.81369], [11.27618, 34.81929], [11.29599, 34.81352], [11.31789, 34.80122], [11.31588, 34.79767], [11.30306, 34.8059], [11.28641, 34.80465], [11.28545, 34.80098], [11.29362, 34.79554], [11.2874, 34.79386], [11.28609, 34.78915], [11.2953, 34.77803], [11.28156, 34.77571], [11.27741, 34.78222], [11.27149, 34.77804], [11.2782, 34.77487], [11.27688, 34.76524], [11.29853, 34.75159], [11.30445, 34.74255], [11.30481, 34.7357], [11.29729, 34.7318], [11.30137, 34.72677], [11.29585, 34.72599], [11.29728, 34.72369], [11.29537, 34.72587], [11.2966, 34.73088], [11.2889, 34.73298], [11.26312, 34.7205], [11.25829, 34.72395], [11.25493, 34.71996], [11.25012, 34.72372], [11.25139, 34.7143], [11.24812, 34.71091], [11.21737, 34.70607], [11.20759, 34.70007], [11.20296, 34.70265], [11.13092, 34.66305], [11.12491, 34.6633], [11.12593, 34.67633], [11.1218, 34.67936], [11.1325, 34.68318]]], [[[10.97684, 34.65821], [10.99261, 34.67249], [11.04204, 34.67202], [11.0494, 34.66822], [11.05745, 34.67241], [11.07722, 34.67034], [11.08858, 34.67368], [11.09423, 34.66861], [11.11393, 34.66746], [11.12104, 34.66116], [11.1248, 34.66312], [11.12208, 34.65781], [11.1052, 34.65437], [11.08269, 34.64314], [11.06003, 34.6232], [11.04736, 34.62055], [11.0478, 34.6131], [11.0293, 34.62777], [11.00654, 34.63467], [10.96644, 34.6567], [10.97684, 34.65821]]]]}}, {"type": "Feature", "properties": {"shapeID": "11933810B23318166280957", "shapeName": "\u0627\u0644\u0631\u0648\u062d\u064a\u0629"}, "geometry": {"type": "Polygon", "coordinates": [[[9.02084, 35.69282], [9.03026, 35.69156], [9.0456, 35.6805], [9.03704, 35.70284], [9.03439, 35.73016], [9.0177, 35.76246], [9.02285, 35.7638], [9.03847, 35.78403], [9.04338, 35.76497], [9.06668, 35.7818], [9.07674, 35.78314], [9.07979, 35.79336], [9.09103, 35.80182], [9.09419, 35.81882], [9.12515, 35.8362], [9.12895, 35.82073], [9.12183, 35.8185], [9.13088, 35.80507], [9.12818, 35.78923], [9.15792, 35.79418], [9.16483, 35.78401], [9.16809, 35.78589], [9.17796, 35.77691], [9.17993, 35.76848], [9.19332, 35.75386], [9.20449, 35.75148], [9.21298, 35.74084], [9.22304, 35.73817], [9.22352, 35.73134], [9.2307, 35.72778], [9.23004, 35.7214], [9.2549, 35.70766], [9.25336, 35.69907], [9.26479, 35.69914], [9.27131, 35.69477], [9.30259, 35.66413], [9.30622, 35.65417], [9.31785, 35.65154], [9.3484, 35.62972], [9.36947, 35.59748], [9.38932, 35.59603], [9.39234, 35.58201], [9.39591, 35.58277], [9.40865, 35.57114], [9.42257, 35.57639], [9.41992, 35.56318], [9.41335, 35.55948], [9.39831, 35.55936], [9.39588, 35.54773], [9.41009, 35.54574], [9.43345, 35.53426], [9.44236, 35.50231], [9.46407, 35.49309], [9.4454, 35.48448], [9.41294, 35.48881], [9.40707, 35.49549], [9.39527, 35.49525], [9.36373, 35.4793], [9.33313, 35.47764], [9.323, 35.48849], [9.33019, 35.49251], [9.32259, 35.50108], [9.32231, 35.51086], [9.31038, 35.51352], [9.30821, 35.52094], [9.30161, 35.52305], [9.29348, 35.53477], [9.28143, 35.53075], [9.27025, 35.53233], [9.26914, 35.54088], [9.27408, 35.54567], [9.26799, 35.5535], [9.22536, 35.54213], [9.2143, 35.54277], [9.20513, 35.5558], [9.18108, 35.56266], [9.18145, 35.57419], [9.18593, 35.5784], [9.18381, 35.58496], [9.19244, 35.59433], [9.17829, 35.60491], [9.17061, 35.60549], [9.17449, 35.61698], [9.16684, 35.61203], [9.1507, 35.61941], [9.13199, 35.61019], [9.11472, 35.62754], [9.10528, 35.62666], [9.10141, 35.62414], [9.10159, 35.61755], [9.09137, 35.61176], [9.08692, 35.60051], [9.07997, 35.61263], [9.05553, 35.62175], [9.04845, 35.63444], [9.02371, 35.62836], [8.99419, 35.63302], [8.99727, 35.63652], [8.98888, 35.64732], [8.98602, 35.66326], [9.00011, 35.66617], [8.98184, 35.67667], [8.96401, 35.67687], [8.96765, 35.68176], [8.97658, 35.68169], [8.97997, 35.68676], [9.01244, 35.70111], [9.02084, 35.69282]]]}}, {"type": "Feature", "properties": {"shapeID": "11933810B792600527731", "shapeName": "\u0627\u0644\u0633\u064a\u062c\u0648\u0645\u064a"}, "geometry": {"type": "Polygon", "coordinates": [[[10.14858, 36.7977], [10.16111, 36.80025], [10.17067, 36.78511], [10.16823, 36.77966], [10.17571, 36.77511], [10.17027, 36.76933], [10.15879, 36.79049], [10.14818, 36.79225], [10.14858, 36.7977]]]}}, {"type": "Feature", "properties": {"shapeID": "11933810B49393262252767", "shapeName": "\u0623\u0645 \u0627\u0644\u0639\u0631\u0627\u0626\u0633"}, "geometry": {"type": "Polygon", "coordinates": [[[8.30972, 34.40856], [8.28797, 34.43536], [8.27013, 34.44262], [8.25454, 34.45431], [8.25147, 34.46086], [8.24165, 34.46558], [8.22843, 34.45896], [8.22237, 34.44936], [8.20912, 34.45035], [8.20227, 34.45494], [8.18511, 34.45242], [8.17185, 34.46885], [8.12893, 34.47921], [8.12553, 34.48491], [8.11818, 34.48593], [8.13476, 34.5286], [8.13765, 34.53235], [8.14911, 34.53364], [8.1512, 34.54635], [8.15641, 34.5472], [8.15838, 34.55195], [8.16667, 34.55267], [8.16071, 34.56215], [8.16329, 34.56319], [8.16153, 34.56918], [8.17151, 34.56446], [8.17002, 34.57429], [8.18831, 34.57189], [8.20587, 34.57454], [8.20589, 34.57774], [8.22224, 34.57802], [8.20434, 34.58905], [8.20906, 34.59155], [8.21102, 34.60353], [8.2287, 34.60929], [8.22713, 34.61367], [8.23179, 34.61543], [8.25013, 34.61455], [8.24387, 34.62064], [8.24134, 34.63148], [8.26515, 34.6443], [8.27382, 34.64402], [8.28073, 34.65742], [8.25622, 34.66179], [8.24139, 34.66972], [8.23713, 34.67669], [8.24466, 34.69097], [8.26466, 34.69235], [8.28847, 34.71727], [8.29549, 34.73144], [8.31477, 34.7283], [8.32421, 34.73281], [8.35317, 34.71971], [8.36279, 34.71157], [8.41698, 34.69113], [8.44268, 34.68534], [8.46967, 34.66826], [8.48267, 34.66421], [8.5055, 34.64214], [8.51698, 34.6411], [8.51527, 34.62865], [8.50751, 34.623], [8.51011, 34.62025], [8.50731, 34.60893], [8.50285, 34.61025], [8.50284, 34.60717], [8.50587, 34.59593], [8.51386, 34.58753], [8.5164, 34.56833], [8.54102, 34.54725], [8.54005, 34.52831], [8.56329, 34.51683], [8.61529, 34.51169], [8.63713, 34.50007], [8.63229, 34.49534], [8.63301, 34.48345], [8.59354, 34.47728], [8.54871, 34.44938], [8.51354, 34.39865], [8.48517, 34.41772], [8.42853, 34.41163], [8.41914, 34.41481], [8.41018, 34.40698], [8.39436, 34.40413], [8.37184, 34.40894], [8.33994, 34.39895], [8.30972, 34.40856]]]}}, {"type": "Feature", "properties": {"shapeID": "11933810B59766353296810", "shapeName": "\u0633\u0644\u064a\u0627\u0646\u0629 \u0627\u0644\u0634\u0645\u0627\u0644\u064a\u0629"}, "geometry": {"type": "Polygon", "coordinates": [[[9.2449, 35.91248], [9.23402, 35.91189], [9.23777, 35.91577], [9.22302, 35.92983], [9.18687, 35.92985], [9.18375, 35.92457], [9.17065, 35.92917], [9.14425, 35.96118], [9.14717, 35.96723], [9.14343, 35.9886], [9.16927, 36.0059], [9.15741, 36.01196], [9.17076, 36.02335], [9.16186, 36.03325], [9.15507, 36.03145], [9.15328, 36.03421], [9.15373, 36.04188], [9.16362, 36.05862], [9.15574, 36.06827], [9.15596, 36.07503], [9.16048, 36.07918], [9.15669, 36.08306], [9.16006, 36.09126], [9.18042, 36.09849], [9.17864, 36.10977], [9.18493, 36.10896], [9.19231, 36.11983], [9.20366, 36.11307], [9.21763, 36.11275], [9.23509, 36.12638], [9.24462, 36.12804], [9.24059, 36.13386], [9.24565, 36.13575], [9.27732, 36.14078], [9.27672, 36.13388], [9.29033, 36.13444], [9.29857, 36.14525], [9.31539, 36.15333], [9.32243, 36.13953], [9.3323, 36.14036], [9.35144, 36.15766], [9.37075, 36.15052], [9.41448, 36.15693], [9.43156, 36.1405], [9.44542, 36.14324], [9.45851, 36.13981], [9.46954, 36.14161], [9.47216, 36.14674], [9.49278, 36.13979], [9.49261, 36.1327], [9.49677, 36.1319], [9.5022, 36.11842], [9.50132, 36.11139], [9.49573, 36.10852], [9.50681, 36.08886], [9.48765, 36.0885], [9.46971, 36.09297], [9.39051, 36.07619], [9.38091, 36.07821], [9.37447, 36.08431], [9.34916, 36.08339], [9.3597, 36.07705], [9.35899, 36.07031], [9.34616, 36.06451], [9.34444, 36.05886], [9.32011, 36.05601], [9.31058, 36.04578], [9.30526, 36.04779], [9.28518, 36.03502], [9.28329, 36.03169], [9.29407, 36.02442], [9.27137, 36.00061], [9.2621, 36.00141], [9.25699, 36.0071], [9.23965, 35.98599], [9.26145, 35.97672], [9.2751, 35.96269], [9.27362, 35.9561], [9.25641, 35.94087], [9.25568, 35.92908], [9.26171, 35.92169], [9.25497, 35.91542], [9.2542, 35.9021], [9.2449, 35.91248]]]}}, {"type": "Feature", "properties": {"shapeID": "11933810B38672190318546", "shapeName": "\u0630\u0647\u064a\u0628\u0629"}, "geometry": {"type": "Polygon", "coordinates": [[[10.83065, 32.36742], [10.89998, 32.30643], [10.97395, 32.29641], [11.08678, 32.3092], [11.15212, 32.31198], [11.18121, 32.30626], [11.15529, 32.24992], [11.02917, 32.19972], [10.98794, 32.17166], [10.86143, 32.1053], [10.86098, 32.08564], [10.79514, 31.99814], [10.75919, 31.98451], [10.74725, 31.98532], [10.72229, 31.96767], [10.70778, 31.96809], [10.67948, 31.97677], [10.65815, 31.9777], [10.65635, 31.97414], [10.64723, 31.97426], [10.65126, 31.97361], [10.64895, 31.96911], [10.64062, 31.96782], [10.64759, 31.96625], [10.6444, 31.96107], [10.6397, 31.96101], [10.63938, 31.95695], [10.63442, 31.96112], [10.63281, 31.95757], [10.63871, 31.95205], [10.63481, 31.95182], [10.6333, 31.94446], [10.64264, 31.94411], [10.63388, 31.9416], [10.63858, 31.93953], [10.63436, 31.9355], [10.63805, 31.93306], [10.63324, 31.93199], [10.63028, 31.93916], [10.62652, 31.93348], [10.63077, 31.93162], [10.62468, 31.92849], [10.63124, 31.92847], [10.61264, 31.91634], [10.62386, 31.91614], [10.61317, 31.90924], [10.6275, 31.89997], [10.63495, 31.87925], [10.6181, 31.85006], [10.58495, 31.82412], [10.56315, 31.79715], [10.56158, 31.77944], [10.54659, 31.76045], [10.52684, 31.74083], [10.50826, 31.74273], [10.49891, 31.75416], [10.4929, 31.75085], [10.4862, 31.73906], [10.46912, 31.73197], [10.44842, 31.73025], [10.44423, 31.73558], [10.43797, 31.73286], [10.43441, 31.73786], [10.42076, 31.73582], [10.38615, 31.74047], [10.31182, 31.70307], [10.27626, 31.6724], [10.26706, 31.64715], [10.21234, 31.56603], [10.18015, 31.53756], [10.13904, 31.49009], [10.13391, 31.47875], [10.13695, 31.46325], [9.98156, 31.70166], [10.02284, 31.77677], [10.08263, 31.82096], [10.08564, 31.83874], [10.09546, 31.8547], [10.08994, 31.85942], [10.08699, 31.87359], [10.09594, 31.87974], [10.10491, 31.89642], [10.15604, 31.91991], [10.179, 31.91405], [10.21071, 31.91542], [10.24102, 31.93784], [10.26316, 31.94031], [10.28369, 31.96021], [10.3221, 31.97931], [10.35848, 32.00467], [10.41322, 31.99859], [10.42696, 32.00697], [10.47479, 32.00111], [10.47303, 32.0184], [10.4887, 32.03279], [10.49732, 32.07794], [10.50702, 32.08701], [10.51354, 32.1009], [10.52019, 32.10475], [10.52946, 32.12254], [10.54122, 32.1298], [10.55595, 32.15148], [10.59026, 32.16928], [10.65945, 32.18894], [10.66531, 32.19283], [10.66561, 32.20213], [10.67055, 32.19872], [10.68056, 32.2], [10.68027, 32.22274], [10.70672, 32.25598], [10.72037, 32.26515], [10.71829, 32.27377], [10.72695, 32.29198], [10.71973, 32.31461], [10.70905, 32.32048], [10.71677, 32.33641], [10.71692, 32.35607], [10.72332, 32.38501], [10.78081, 32.46269], [10.83065, 32.36742]]]}}, {"type": "Feature", "properties": {"shapeID": "11933810B45404698681959", "shapeName": "\u062c\u0648\u0645\u064a\u0646"}, "geometry": {"type": "Polygon", "coordinates": [[[9.51413, 36.95478], [9.51928, 36.95198], [9.49347, 36.93677], [9.50997, 36.93308], [9.51375, 36.91819], [9.52641, 36.91764], [9.53516, 36.89726], [9.55198, 36.89064], [9.55314, 36.88024], [9.57675, 36.86853], [9.58813, 36.85678], [9.5744, 36.8508], [9.56019, 36.84125], [9.55685, 36.83399], [9.52822, 36.8174], [9.51691, 36.80099], [9.51642, 36.78723], [9.48685, 36.77605], [9.47552, 36.76674], [9.44866, 36.75964], [9.43254, 36.74551], [9.42737, 36.73292], [9.41954, 36.73322], [9.401, 36.7234], [9.38946, 36.73903], [9.36691, 36.75248], [9.35251, 36.75564], [9.34493, 36.76688], [9.35727, 36.7845], [9.35989, 36.80745], [9.37946, 36.83372], [9.38995, 36.83808], [9.38362, 36.8429], [9.38452, 36.84945], [9.36014, 36.86079], [9.33995, 36.87781], [9.33236, 36.87805], [9.32774, 36.88563], [9.31919, 36.88158], [9.31917, 36.87315], [9.31271, 36.87145], [9.29724, 36.88112], [9.29389, 36.89227], [9.26782, 36.8951], [9.2639, 36.9001], [9.24786, 36.90588], [9.24398, 36.9129], [9.26024, 36.92853], [9.24046, 36.94475], [9.23158, 36.9573], [9.2037, 36.97037], [9.21488, 36.98024], [9.21793, 37.00793], [9.22251, 37.00707], [9.22759, 37.01375], [9.23733, 37.0131], [9.24124, 37.01954], [9.24746, 37.02112], [9.25978, 37.01536], [9.2663, 37.02249], [9.26789, 37.01872], [9.28682, 37.02149], [9.28896, 37.01779], [9.29245, 37.02348], [9.30494, 37.02742], [9.32861, 37.02733], [9.35863, 37.03306], [9.34833, 37.01602], [9.35858, 37.00243], [9.3747, 36.99372], [9.41614, 37.00063], [9.43023, 37.00742], [9.44317, 37.00503], [9.44639, 36.99876], [9.43701, 36.99035], [9.43995, 36.98644], [9.43055, 36.97842], [9.42903, 36.97113], [9.43856, 36.96499], [9.4551, 36.9629], [9.45922, 36.95419], [9.4657, 36.95224], [9.48677, 36.96186], [9.5034, 36.96393], [9.51769, 36.96145], [9.51413, 36.95478]]]}}, {"type": "Feature", "properties": {"shapeID": "11933810B14634667217503", "shapeName": "\u0628\u0648\u0645\u0631\u062f\u0627\u0633"}, "geometry": {"type": "Polygon", "coordinates": [[[10.77991, 35.40235], [10.77128, 35.40133], [10.75987, 35.41293], [10.731, 35.40964], [10.74413, 35.40418], [10.74218, 35.39978], [10.75024, 35.39085], [10.73199, 35.38827], [10.72429, 35.3822], [10.71627, 35.38318], [10.7122, 35.36642], [10.67675, 35.34819], [10.66622, 35.37523], [10.65667, 35.38358], [10.6346, 35.38491], [10.6273, 35.39778], [10.61916, 35.39323], [10.61727, 35.40605], [10.62124, 35.40949], [10.61784, 35.4169], [10.59843, 35.41953], [10.58899, 35.43017], [10.58501, 35.41374], [10.56759, 35.41951], [10.57465, 35.43686], [10.57051, 35.44294], [10.57157, 35.44857], [10.58619, 35.45359], [10.58808, 35.45935], [10.59602, 35.45647], [10.60485, 35.46449], [10.61236, 35.46565], [10.61107, 35.4699], [10.61696, 35.47437], [10.62107, 35.48556], [10.63813, 35.50021], [10.64016, 35.48591], [10.66096, 35.47728], [10.67234, 35.48474], [10.6772, 35.47722], [10.68419, 35.47754], [10.68368, 35.47165], [10.68893, 35.47602], [10.69736, 35.4735], [10.69793, 35.47949], [10.71212, 35.4752], [10.71801, 35.48926], [10.73552, 35.48736], [10.73086, 35.4745], [10.75355, 35.46373], [10.75966, 35.44978], [10.76675, 35.44896], [10.77754, 35.44022], [10.77559, 35.43484], [10.78157, 35.43481], [10.78134, 35.42721], [10.79714, 35.42871], [10.79987, 35.42303], [10.80852, 35.42302], [10.81531, 35.43321], [10.82517, 35.43019], [10.82588, 35.43529], [10.85137, 35.43918], [10.85029, 35.41822], [10.82644, 35.40985], [10.82236, 35.39782], [10.81482, 35.39755], [10.80802, 35.38801], [10.79867, 35.38785], [10.79393, 35.3832], [10.79518, 35.37861], [10.77991, 35.40235]]]}}, {"type": "Feature", "properties": {"shapeID": "11933810B855044538504", "shapeName": "\u0628\u0646\u064a \u062e\u064a\u0627\u0631"}, "geometry": {"type": "Polygon", "coordinates": [[[10.70131, 36.58711], [10.70362, 36.59081], [10.72837, 36.58412], [10.74781, 36.57099], [10.76021, 36.58392], [10.77743, 36.58463], [10.78497, 36.57872], [10.79557, 36.57808], [10.79061, 36.58526], [10.79543, 36.59057], [10.81314, 36.56966], [10.82175, 36.5673], [10.80393, 36.55528], [10.80713, 36.54736], [10.80413, 36.53181], [10.81481, 36.52489], [10.82013, 36.51592], [10.83582, 36.50872], [10.80853, 36.45684], [10.79966, 36.4555], [10.79668, 36.45043], [10.79884, 36.45487], [10.79554, 36.45097], [10.78604, 36.45375], [10.77003, 36.45015], [10.76755, 36.46518], [10.76249, 36.47349], [10.75855, 36.47183], [10.75492, 36.47529], [10.76457, 36.49958], [10.72438, 36.53239], [10.71593, 36.53485], [10.71168, 36.54065], [10.71095, 36.55203], [10.69424, 36.56042], [10.69689, 36.57357], [10.68588, 36.57903], [10.68577, 36.585], [10.69494, 36.59671], [10.70131, 36.58711]]]}}, {"type": "Feature", "properties": {"shapeID": "11933810B10530629108425", "shapeName": "\u0628\u0648\u062d\u062c\u0644\u0629"}, "geometry": {"type": "Polygon", "coordinates": [[[9.91433, 35.44693], [9.93443, 35.44831], [9.94495, 35.45588], [9.96404, 35.44403], [9.98037, 35.4728], [9.99252, 35.47936], [9.99884, 35.47835], [10.01524, 35.49393], [10.01979, 35.48683], [10.02303, 35.49106], [10.04947, 35.49092], [10.06747, 35.49471], [10.06806, 35.50387], [10.08054, 35.5027], [10.09521, 35.50772], [10.09616, 35.50185], [10.14109, 35.51353], [10.13339, 35.54432], [10.16273, 35.56696], [10.17086, 35.50969], [10.18034, 35.49663], [10.18546, 35.49972], [10.19314, 35.49415], [10.18203, 35.47653], [10.21108, 35.46696], [10.21976, 35.47158], [10.22495, 35.45661], [10.221, 35.45286], [10.22082, 35.44295], [10.21394, 35.43614], [10.19359, 35.43292], [10.18202, 35.42146], [10.17651, 35.40381], [10.17637, 35.38761], [10.16056, 35.357], [10.16722, 35.34525], [10.1921, 35.33527], [10.20513, 35.32054], [10.17437, 35.26661], [10.20367, 35.22057], [10.18059, 35.21557], [10.1705, 35.21927], [10.1487, 35.20335], [10.14214, 35.21191], [10.12417, 35.21857], [10.11386, 35.22897], [10.09711, 35.23757], [10.09621, 35.24245], [10.08763, 35.24143], [10.07081, 35.23382], [10.07173, 35.21383], [10.05903, 35.19755], [10.0346, 35.21194], [10.03156, 35.23705], [10.03681, 35.23484], [10.0391, 35.23791], [10.0422, 35.25241], [10.03011, 35.25893], [10.03047, 35.25203], [10.01456, 35.25199], [10.0032, 35.27588], [9.99305, 35.28243], [9.96496, 35.28189], [9.95992, 35.27268], [9.94732, 35.27622], [9.94835, 35.28005], [9.92872, 35.28408], [9.92369, 35.29009], [9.93371, 35.30039], [9.93985, 35.31493], [9.93048, 35.31788], [9.92298, 35.3302], [9.92658, 35.33914], [9.9121, 35.36073], [9.91125, 35.39324], [9.90103, 35.38844], [9.89818, 35.40088], [9.91394, 35.41005], [9.88711, 35.41591], [9.90701, 35.45017], [9.91433, 35.44693]]]}}, {"type": "Feature", "properties": {"shapeID": "11933810B94035776455507", "shapeName": "\u0627\u0644\u0647\u0648\u0627\u0631\u064a\u0629"}, "geometry": {"type": "Polygon", "coordinates": [[[10.79654, 36.93651], [10.81872, 36.94535], [10.86499, 36.97559], [10.87421, 36.97731], [10.87354, 36.98188], [10.88007, 36.98307], [10.88521, 36.99207], [10.89269, 36.99435], [10.89332, 37.00207], [10.90035, 37.0063], [10.89886, 37.0107], [10.9119, 37.00715], [10.91481, 37.01859], [10.91096, 37.0212], [10.90935, 37.01879], [10.90713, 37.01917], [10.90975, 37.02104], [10.90608, 37.02238], [10.91116, 37.02369], [10.90445, 37.02801], [10.90982, 37.03287], [10.90399, 37.03681], [10.90969, 37.04057], [10.90416, 37.04349], [10.90868, 37.04496], [10.90553, 37.04681], [10.90786, 37.05037], [10.91376, 37.04618], [10.92387, 37.04611], [10.93254, 37.05174], [10.93831, 37.04956], [10.96211, 37.05459], [10.96678, 37.04998], [10.9746, 37.04979], [10.98604, 37.05806], [11.01637, 37.0666], [11.03829, 37.07875], [11.03517, 37.0887], [11.0478, 37.08191], [11.04662, 37.07769], [11.05606, 37.0751], [11.05989, 37.06369], [11.07487, 37.05154], [11.07206, 37.04645], [11.07437, 37.04414], [11.06328, 37.04111], [11.05849, 37.03201], [11.05935, 37.00961], [11.04909, 37.0083], [11.04103, 37.01385], [11.03495, 37.01316], [11.01282, 36.99266], [11.03008, 36.97132], [11.00859, 36.95573], [11.00195, 36.96209], [10.98985, 36.9529], [10.98342, 36.95282], [10.97989, 36.94325], [10.96141, 36.93168], [10.96181, 36.92808], [10.9393, 36.91648], [10.92716, 36.89678], [10.91048, 36.8866], [10.88633, 36.83983], [10.87635, 36.83604], [10.86563, 36.84106], [10.86418, 36.8295], [10.86006, 36.82874], [10.86228, 36.82107], [10.85262, 36.82542], [10.84592, 36.82207], [10.83831, 36.82809], [10.82422, 36.85505], [10.81289, 36.84895], [10.78142, 36.85087], [10.78495, 36.85774], [10.79794, 36.85922], [10.80284, 36.86539], [10.79931, 36.86869], [10.80704, 36.8672], [10.80851, 36.87806], [10.80323, 36.8818], [10.80535, 36.88653], [10.8026, 36.88938], [10.7659, 36.9103], [10.79654, 36.93651]]]}}, {"type": "Feature", "properties": {"shapeID": "11933810B85459320583034", "shapeName": "\u0635\u0648\u0627\u0641"}, "geometry": {"type": "Polygon", "coordinates": [[[10.1639, 36.14003], [10.116, 36.13492], [10.10749, 36.14369], [10.10009, 36.16424], [10.08081, 36.15327], [10.05403, 36.15191], [10.05182, 36.15622], [10.01524, 36.15058], [10.00979, 36.15231], [10.00523, 36.16057], [10.01482, 36.17063], [10.04778, 36.19048], [10.04928, 36.19734], [10.04211, 36.20889], [10.04374, 36.23387], [10.05198, 36.2502], [10.06399, 36.23135], [10.07773, 36.24261], [10.08738, 36.24503], [10.11933, 36.24115], [10.11564, 36.2422], [10.11487, 36.254], [10.11817, 36.26729], [10.10341, 36.28206], [10.12096, 36.29437], [10.12766, 36.29427], [10.14439, 36.28362], [10.16332, 36.28081], [10.18855, 36.27085], [10.18958, 36.28241], [10.18632, 36.28732], [10.19752, 36.29085], [10.21606, 36.26718], [10.25203, 36.2446], [10.25838, 36.23128], [10.26353, 36.22816], [10.25371, 36.22283], [10.26592, 36.21377], [10.25508, 36.1952], [10.25971, 36.19246], [10.26622, 36.17681], [10.26419, 36.16599], [10.25175, 36.15755], [10.23957, 36.15634], [10.23368, 36.1658], [10.19976, 36.15664], [10.18411, 36.15792], [10.18185, 36.13791], [10.1639, 36.14003]]]}}, {"type": "Feature", "properties": {"shapeID": "11933810B73279713716236", "shapeName": "\u0628\u0626\u0631 \u0627\u0644\u062d\u0641\u064a"}, "geometry": {"type": "Polygon", "coordinates": [[[9.30046, 35.01402], [9.3246, 35.02003], [9.33429, 35.02873], [9.36107, 35.00202], [9.36569, 34.99405], [9.36099, 34.99212], [9.36827, 34.96108], [9.3785, 34.95181], [9.37942, 34.94555], [9.39186, 34.93905], [9.39551, 34.93256], [9.38599, 34.92359], [9.33417, 34.90873], [9.32727, 34.88319], [9.33626, 34.88001], [9.34881, 34.86713], [9.38232, 34.85589], [9.39474, 34.84558], [9.39585, 34.83081], [9.40602, 34.81431], [9.40294, 34.81102], [9.4042, 34.77953], [9.42229, 34.76043], [9.40118, 34.75441], [9.39108, 34.74447], [9.33109, 34.72028], [9.31761, 34.72113], [9.2891, 34.75123], [9.28354, 34.76604], [9.28646, 34.77564], [9.27535, 34.79229], [9.27608, 34.80335], [9.24371, 34.83804], [9.21747, 34.83501], [9.21663, 34.86356], [9.23447, 34.87981], [9.22474, 34.89121], [9.23253, 34.89748], [9.19689, 34.89259], [9.12967, 34.90416], [9.1197, 34.90821], [9.11778, 34.92938], [9.1038, 34.93256], [9.1003, 34.94604], [9.10029, 34.95425], [9.12208, 34.99539], [9.15045, 34.99444], [9.17032, 35.0107], [9.17982, 35.01326], [9.20429, 35.00889], [9.21309, 35.011], [9.22177, 35.01927], [9.23083, 35.01735], [9.23861, 35.02268], [9.24756, 35.01859], [9.25437, 35.02167], [9.30046, 35.01402]]]}}, {"type": "Feature", "properties": {"shapeID": "11933810B41984965215358", "shapeName": "\u0627\u0644\u062c\u062f\u064a\u062f\u0629"}, "geometry": {"type": "Polygon", "coordinates": [[[9.86263, 36.95488], [9.86952, 36.95792], [9.91651, 36.94952], [9.92691, 36.9532], [9.94443, 36.91942], [9.94365, 36.91464], [9.97991, 36.92645], [10.00046, 36.91805], [10.0112, 36.89706], [10.00438, 36.89027], [10.00502, 36.88092], [9.99695, 36.87722], [9.99803, 36.87075], [9.99087, 36.85802], [9.97563, 36.85883], [9.97891, 36.84664], [9.96329, 36.84355], [9.96864, 36.8322], [9.96423, 36.82883], [9.96886, 36.82351], [9.96792, 36.81241], [9.98123, 36.81155], [9.97366, 36.80539], [9.97576, 36.80398], [9.98618, 36.80283], [9.98944, 36.80689], [10.00379, 36.78692], [9.99586, 36.78631], [9.99282, 36.78045], [9.98085, 36.79815], [9.9256, 36.79226], [9.92281, 36.7841], [9.92756, 36.77915], [9.9213, 36.77579], [9.92604, 36.76388], [9.913, 36.76632], [9.879, 36.76347], [9.87519, 36.76146], [9.87858, 36.75348], [9.87605, 36.74984], [9.86576, 36.74946], [9.85782, 36.76747], [9.86802, 36.77242], [9.88025, 36.78974], [9.87229, 36.79512], [9.86711, 36.81761], [9.87573, 36.8221], [9.88842, 36.8217], [9.88946, 36.82785], [9.89731, 36.83002], [9.89743, 36.83616], [9.86023, 36.87038], [9.86899, 36.89334], [9.87857, 36.90368], [9.88424, 36.91703], [9.87736, 36.92467], [9.85767, 36.93485], [9.85158, 36.95741], [9.86263, 36.95488]]]}}, {"type": "Feature", "properties": {"shapeID": "11933810B94695140482222", "shapeName": "\u0627\u0644\u0645\u062d\u0645\u062f\u064a\u0629"}, "geometry": {"type": "Polygon", "coordinates": [[[10.15154, 36.706], [10.14674, 36.69769], [10.15365, 36.69718], [10.15603, 36.69078], [10.17776, 36.67782], [10.19597, 36.68665], [10.20275, 36.68448], [10.2038, 36.68942], [10.21013, 36.68752], [10.2135, 36.67767], [10.18602, 36.65792], [10.19242, 36.65231], [10.17347, 36.65084], [10.1623, 36.64048], [10.13004, 36.64034], [10.12649, 36.62732], [10.1399, 36.6008], [10.10753, 36.58095], [10.08808, 36.59498], [10.09022, 36.59622], [10.04354, 36.61963], [10.0595, 36.64566], [10.08605, 36.6737], [10.09327, 36.69685], [10.10707, 36.69251], [10.11594, 36.69641], [10.12481, 36.69449], [10.12992, 36.70152], [10.13552, 36.69901], [10.14713, 36.70867], [10.15154, 36.706]]]}}, {"type": "Feature", "properties": {"shapeID": "11933810B14836095916482", "shapeName": "\u0627\u0644\u0642\u064a\u0631\u0648\u0627\u0646 \u0627\u0644\u0634\u0645\u0627\u0644\u064a\u0629"}, "geometry": {"type": "Polygon", "coordinates": [[[9.99859, 35.68116], [10.00665, 35.69778], [9.98744, 35.69871], [9.97069, 35.70576], [9.97612, 35.71821], [9.97304, 35.72624], [9.978, 35.7334], [9.97575, 35.73889], [9.98643, 35.75689], [9.98115, 35.76606], [9.99266, 35.7718], [9.99366, 35.77815], [10.00194, 35.78567], [10.0199, 35.79198], [10.02919, 35.80276], [10.04689, 35.80663], [10.08575, 35.80478], [10.1057, 35.78471], [10.12903, 35.7801], [10.1454, 35.79173], [10.15021, 35.81062], [10.15755, 35.81921], [10.16565, 35.80252], [10.17411, 35.79783], [10.17317, 35.79329], [10.18147, 35.79031], [10.18493, 35.78202], [10.20308, 35.76447], [10.2069, 35.74455], [10.21417, 35.73894], [10.21282, 35.71162], [10.231, 35.70379], [10.25265, 35.68152], [10.18771, 35.68062], [10.19398, 35.69121], [10.19228, 35.69936], [10.17678, 35.70799], [10.12867, 35.69424], [10.11389, 35.68594], [10.11704, 35.67644], [10.12895, 35.67622], [10.10303, 35.67571], [10.09636, 35.66602], [10.0901, 35.6674], [10.08973, 35.67238], [10.07094, 35.66648], [10.07039, 35.68032], [9.99859, 35.68116]]]}}, {"type": "Feature", "properties": {"shapeID": "11933810B63421014427866", "shapeName": "\u0627\u0644\u0643\u0627\u0641 \u0627\u0644\u063a\u0631\u0628\u064a\u0629"}, "geometry": {"type": "Polygon", "coordinates": [[[8.71204, 36.18811], [8.69881, 36.1855], [8.69743, 36.17954], [8.69008, 36.17605], [8.70102, 36.17642], [8.70107, 36.16692], [8.71011, 36.16583], [8.71777, 36.15987], [8.69767, 36.15663], [8.72549, 36.09415], [8.73604, 36.0853], [8.71939, 36.07227], [8.69826, 36.07001], [8.69342, 36.07406], [8.6936, 36.0806], [8.68699, 36.0806], [8.6778, 36.08936], [8.65612, 36.09322], [8.64877, 36.09975], [8.62353, 36.10019], [8.6091, 36.10548], [8.59341, 36.09266], [8.58988, 36.09611], [8.56972, 36.08659], [8.55961, 36.09666], [8.54896, 36.09486], [8.54462, 36.10489], [8.51243, 36.10625], [8.49984, 36.11703], [8.5083, 36.1232], [8.49943, 36.12874], [8.50382, 36.13234], [8.51715, 36.12842], [8.52435, 36.13054], [8.51811, 36.13527], [8.51643, 36.14194], [8.52324, 36.14614], [8.5157, 36.15564], [8.51545, 36.16207], [8.526, 36.16651], [8.53067, 36.15901], [8.53613, 36.15982], [8.54615, 36.16822], [8.54005, 36.17433], [8.55307, 36.17328], [8.55768, 36.16949], [8.56301, 36.18319], [8.5925, 36.18939], [8.59476, 36.1968], [8.60368, 36.20291], [8.59979, 36.21621], [8.61322, 36.2139], [8.61177, 36.20419], [8.62054, 36.20355], [8.62598, 36.21459], [8.61767, 36.21963], [8.62836, 36.2288], [8.62481, 36.23427], [8.63046, 36.23195], [8.63834, 36.23806], [8.65016, 36.23474], [8.657, 36.22752], [8.68783, 36.21151], [8.72522, 36.20797], [8.71204, 36.18811]]]}}, {"type": "Feature", "properties": {"shapeID": "11933810B49902378284824", "shapeName": "\u0646\u0628\u0631"}, "geometry": {"type": "Polygon", "coordinates": [[[8.93001, 36.25193], [8.89249, 36.24189], [8.85157, 36.2182], [8.82546, 36.25245], [8.80408, 36.26809], [8.79898, 36.24533], [8.79384, 36.24162], [8.79588, 36.23943], [8.78974, 36.23847], [8.79313, 36.23674], [8.78886, 36.23608], [8.78194, 36.22617], [8.76809, 36.22834], [8.73126, 36.20684], [8.68783, 36.21151], [8.657, 36.22752], [8.65016, 36.23474], [8.63834, 36.23806], [8.63046, 36.23195], [8.62481, 36.23427], [8.62426, 36.24413], [8.61555, 36.25145], [8.60185, 36.25259], [8.58601, 36.27161], [8.56037, 36.28896], [8.55756, 36.29898], [8.53053, 36.3111], [8.52228, 36.31874], [8.53217, 36.3391], [8.53135, 36.34412], [8.54012, 36.34974], [8.54026, 36.35497], [8.51792, 36.37169], [8.5171, 36.38014], [8.5401, 36.39324], [8.54338, 36.39869], [8.55284, 36.39515], [8.56164, 36.40103], [8.57887, 36.40324], [8.58795, 36.40192], [8.59741, 36.39445], [8.60657, 36.39564], [8.61129, 36.40662], [8.6616, 36.41922], [8.6936, 36.4084], [8.69652, 36.40187], [8.71532, 36.39298], [8.73976, 36.40426], [8.75235, 36.40376], [8.75472, 36.39675], [8.76959, 36.39271], [8.79858, 36.4005], [8.81602, 36.40069], [8.84696, 36.41769], [8.86961, 36.41393], [8.90072, 36.42568], [8.91568, 36.44767], [8.93967, 36.45343], [8.93548, 36.44908], [8.93, 36.45016], [8.9314, 36.444], [8.92446, 36.44144], [8.92862, 36.43782], [8.92798, 36.42973], [8.94128, 36.41318], [8.95565, 36.40872], [8.95558, 36.40283], [8.96125, 36.40369], [8.95996, 36.39873], [8.96332, 36.39857], [8.96683, 36.384], [8.97789, 36.37655], [8.97277, 36.36484], [8.98204, 36.35913], [8.97893, 36.35534], [8.98734, 36.34804], [8.98067, 36.34585], [8.98216, 36.34026], [8.97381, 36.34189], [8.97704, 36.33659], [8.96575, 36.34132], [8.96664, 36.33284], [8.9603, 36.33691], [8.9613, 36.33067], [8.95646, 36.33093], [8.9577, 36.32732], [8.94775, 36.32244], [8.95329, 36.31539], [8.94397, 36.31418], [8.9517, 36.30361], [8.96239, 36.30375], [8.9555, 36.2954], [8.96866, 36.29097], [8.97353, 36.28243], [8.93001, 36.25193]]]}}, {"type": "Feature", "properties": {"shapeID": "11933810B14406608577982", "shapeName": "\u0645\u0644\u0648\u0644\u0634"}, "geometry": {"type": "Polygon", "coordinates": [[[11.00823, 35.08987], [10.99258, 35.09619], [10.98768, 35.09161], [10.95613, 35.09797], [10.93273, 35.12703], [10.91988, 35.13676], [10.94057, 35.15306], [10.92755, 35.16197], [10.93218, 35.16522], [10.90737, 35.18868], [10.94988, 35.26079], [10.95986, 35.27108], [10.96759, 35.25841], [10.97789, 35.26501], [10.9929, 35.24852], [11.00604, 35.20657], [11.01649, 35.19735], [11.06408, 35.17802], [11.08684, 35.16052], [11.06195, 35.16027], [11.05304, 35.15477], [11.05154, 35.15099], [11.06073, 35.14665], [11.05054, 35.14995], [11.0385, 35.13536], [11.0235, 35.10917], [11.02153, 35.08924], [11.00823, 35.08987]]]}}, {"type": "Feature", "properties": {"shapeID": "11933810B90184807818123", "shapeName": "\u0645\u0646\u0632\u0644 \u0628\u0648\u0632\u064a\u0627\u0646"}, "geometry": {"type": "Polygon", "coordinates": [[[9.45309, 34.48144], [9.41748, 34.48261], [9.40354, 34.4934], [9.40473, 34.49957], [9.35781, 34.50673], [9.34243, 34.50393], [9.33512, 34.49406], [9.31016, 34.50158], [9.31256, 34.50791], [9.33894, 34.53083], [9.33364, 34.53544], [9.33469, 34.54315], [9.34366, 34.55913], [9.35023, 34.56295], [9.34782, 34.56748], [9.31424, 34.55227], [9.30608, 34.55768], [9.31286, 34.56529], [9.29649, 34.56627], [9.29306, 34.58039], [9.27029, 34.5684], [9.2548, 34.57867], [9.27759, 34.62472], [9.27201, 34.63421], [9.27174, 34.64546], [9.28191, 34.66024], [9.26828, 34.67066], [9.26937, 34.6756], [9.2632, 34.68384], [9.2796, 34.69105], [9.29786, 34.69367], [9.30888, 34.70448], [9.31761, 34.72113], [9.33109, 34.72028], [9.39108, 34.74447], [9.40118, 34.75441], [9.42229, 34.76043], [9.41495, 34.77042], [9.45245, 34.7768], [9.45812, 34.77388], [9.49817, 34.77332], [9.5273, 34.76519], [9.52611, 34.75353], [9.51819, 34.74815], [9.52097, 34.73597], [9.53058, 34.73106], [9.54514, 34.71052], [9.55304, 34.68441], [9.56405, 34.67479], [9.55467, 34.67233], [9.54671, 34.66273], [9.52991, 34.655], [9.49131, 34.65107], [9.49716, 34.64336], [9.50308, 34.59912], [9.51692, 34.60123], [9.52457, 34.58154], [9.47704, 34.57677], [9.48309, 34.53164], [9.46338, 34.52426], [9.44191, 34.52709], [9.43425, 34.51471], [9.43927, 34.51193], [9.43487, 34.5078], [9.43947, 34.5013], [9.45695, 34.48653], [9.45309, 34.48144]]]}}, {"type": "Feature", "properties": {"shapeID": "11933810B99005067592963", "shapeName": "\u062c\u0645\u0627\u0644"}, "geometry": {"type": "Polygon", "coordinates": [[[10.74069, 35.55145], [10.75601, 35.56397], [10.75298, 35.56983], [10.75711, 35.57043], [10.76143, 35.58657], [10.74458, 35.58595], [10.73963, 35.59383], [10.73131, 35.59645], [10.72223, 35.60912], [10.72003, 35.6231], [10.6984, 35.62622], [10.68613, 35.61282], [10.6638, 35.608], [10.66012, 35.60508], [10.66133, 35.57828], [10.61783, 35.55559], [10.59287, 35.62407], [10.5774, 35.64082], [10.59372, 35.64824], [10.61871, 35.63642], [10.6469, 35.6641], [10.64771, 35.67088], [10.65254, 35.66528], [10.66893, 35.66364], [10.68675, 35.66741], [10.69182, 35.65814], [10.69382, 35.6634], [10.69782, 35.65999], [10.71339, 35.67252], [10.73493, 35.65041], [10.73724, 35.65334], [10.7401, 35.64989], [10.76377, 35.66572], [10.76413, 35.66239], [10.75911, 35.66045], [10.7636, 35.65397], [10.75942, 35.65113], [10.77006, 35.65383], [10.77777, 35.65236], [10.77798, 35.64871], [10.79304, 35.64898], [10.80447, 35.64349], [10.82449, 35.61116], [10.82233, 35.59918], [10.8077, 35.59109], [10.79841, 35.59649], [10.79124, 35.59149], [10.79886, 35.58448], [10.79236, 35.58039], [10.80113, 35.57591], [10.78772, 35.55583], [10.74021, 35.54148], [10.74069, 35.55145]]]}}, {"type": "Feature", "properties": {"shapeID": "11933810B7896937975348", "shapeName": "\u0628\u0646\u064a \u062e\u062f\u0627\u0634"}, "geometry": {"type": "Polygon", "coordinates": [[[9.92908, 33.29959], [10.00067, 33.29323], [10.02478, 33.31283], [10.03644, 33.30955], [10.05368, 33.31653], [10.10655, 33.34607], [10.09325, 33.36126], [10.09925, 33.37245], [10.12039, 33.37241], [10.12596, 33.37893], [10.14504, 33.38753], [10.13366, 33.39455], [10.14682, 33.39934], [10.1575, 33.40874], [10.21684, 33.42361], [10.22727, 33.42291], [10.23487, 33.41741], [10.25089, 33.42103], [10.2649, 33.38468], [10.2964, 33.33287], [10.32214, 33.33943], [10.33968, 33.32929], [10.34686, 33.31893], [10.36682, 33.31028], [10.4085, 33.2705], [10.44729, 33.21362], [10.44238, 33.20476], [10.40103, 33.19189], [10.39395, 33.18391], [10.37667, 33.179], [10.36628, 33.16823], [10.35833, 33.16629], [10.35351, 33.17011], [10.32312, 33.16615], [10.3096, 33.15938], [10.30674, 33.15402], [10.2899, 33.15353], [10.25135, 33.13946], [10.23695, 33.13273], [10.1866, 33.09358], [10.16048, 33.08098], [10.14433, 33.08134], [10.1355, 33.08849], [10.11487, 33.07987], [10.11004, 33.08267], [10.09933, 33.08035], [10.09336, 33.07642], [10.08444, 33.0598], [10.03172, 33.06552], [10.01288, 33.06036], [9.96017, 33.06656], [9.9495, 33.04883], [9.942, 33.04631], [9.92606, 33.05096], [9.9204, 33.062], [9.9068, 33.06648], [9.91537, 33.07249], [9.91005, 33.08871], [9.91887, 33.147], [9.91355, 33.17046], [9.9166, 33.19844], [9.91008, 33.20613], [9.89934, 33.21189], [9.85754, 33.20357], [9.79021, 33.22009], [9.70964, 33.28403], [9.72734, 33.28641], [9.79163, 33.26988], [9.82855, 33.28484], [9.89376, 33.28751], [9.92908, 33.29959]]]}}, {"type": "Feature", "properties": {"shapeID": "11933810B80105937964230", "shapeName": "\u062a\u0628\u0631\u0633\u0642"}, "geometry": {"type": "Polygon", "coordinates": [[[9.36201, 36.4191], [9.34929, 36.40536], [9.34069, 36.40311], [9.345, 36.39436], [9.34252, 36.39059], [9.32787, 36.37902], [9.2864, 36.35982], [9.27546, 36.33866], [9.27007, 36.33545], [9.25769, 36.36649], [9.24591, 36.37412], [9.24271, 36.36981], [9.19373, 36.37166], [9.18013, 36.38301], [9.17298, 36.38441], [9.14687, 36.37405], [9.13156, 36.36359], [9.11337, 36.36571], [9.11064, 36.37062], [9.11406, 36.37153], [9.1162, 36.38357], [9.11321, 36.39491], [9.09839, 36.40354], [9.08612, 36.40273], [9.08176, 36.40675], [9.09028, 36.41245], [9.08886, 36.4195], [9.07039, 36.43164], [9.06792, 36.43783], [9.08147, 36.45188], [9.12147, 36.45827], [9.14334, 36.47416], [9.14622, 36.48592], [9.16046, 36.49796], [9.16092, 36.5052], [9.15135, 36.50875], [9.15284, 36.51425], [9.17006, 36.52852], [9.16947, 36.53637], [9.20005, 36.53908], [9.20785, 36.5507], [9.2283, 36.56659], [9.23215, 36.58147], [9.23643, 36.56405], [9.2443, 36.56377], [9.24905, 36.5567], [9.26043, 36.56465], [9.29041, 36.563], [9.29476, 36.55939], [9.29425, 36.55287], [9.29862, 36.5549], [9.3038, 36.54087], [9.33707, 36.53631], [9.32949, 36.5191], [9.33206, 36.51266], [9.32576, 36.5053], [9.33417, 36.49164], [9.34781, 36.4877], [9.34549, 36.47859], [9.34973, 36.47464], [9.34155, 36.46469], [9.35408, 36.44251], [9.36119, 36.4393], [9.36201, 36.4191]]]}}, {"type": "Feature", "properties": {"shapeID": "11933810B23550451682072", "shapeName": "\u0627\u0644\u0645\u0643\u0646\u064a\u0646"}, "geometry": {"type": "Polygon", "coordinates": [[[10.73911, 35.50337], [10.75445, 35.49546], [10.75999, 35.50178], [10.77782, 35.50139], [10.78219, 35.49738], [10.78375, 35.50403], [10.80311, 35.51105], [10.80277, 35.52415], [10.8074, 35.52631], [10.80414, 35.52914], [10.84694, 35.54633], [10.84407, 35.55161], [10.85196, 35.55464], [10.83332, 35.57013], [10.8358, 35.57821], [10.82938, 35.59277], [10.85001, 35.61227], [10.87395, 35.61633], [10.87164, 35.63017], [10.90776, 35.64428], [10.91094, 35.65108], [10.92348, 35.64599], [10.92494, 35.65077], [10.93443, 35.64637], [10.93107, 35.64184], [10.9344, 35.61342], [10.92093, 35.60822], [10.92147, 35.60423], [10.91414, 35.60509], [10.91768, 35.60199], [10.91058, 35.60396], [10.91286, 35.59393], [10.90709, 35.59316], [10.91329, 35.59046], [10.91296, 35.5851], [10.93385, 35.57708], [10.93068, 35.57015], [10.9346, 35.56828], [10.92775, 35.567], [10.9466, 35.54275], [10.9374, 35.54257], [10.92892, 35.52925], [10.92151, 35.5297], [10.92188, 35.52363], [10.9159, 35.51802], [10.92428, 35.50784], [10.91042, 35.50407], [10.89362, 35.50681], [10.87615, 35.49661], [10.87337, 35.49891], [10.86716, 35.48685], [10.85906, 35.48319], [10.85165, 35.48682], [10.84733, 35.48359], [10.83966, 35.46801], [10.84403, 35.46697], [10.84328, 35.46399], [10.83724, 35.45628], [10.84692, 35.45128], [10.84287, 35.43731], [10.82588, 35.43529], [10.82517, 35.43019], [10.81531, 35.43321], [10.80852, 35.42302], [10.79987, 35.42303], [10.79714, 35.42871], [10.78134, 35.42721], [10.78157, 35.43481], [10.77559, 35.43484], [10.77754, 35.44022], [10.76675, 35.44896], [10.75966, 35.44978], [10.75355, 35.46373], [10.73086, 35.4745], [10.73911, 35.50337]]]}}, {"type": "Feature", "properties": {"shapeID": "11933810B26778140305408", "shapeName": "\u0627\u0644\u0645\u0646\u0633\u062a\u064a\u0631"}, "geometry": {"type": "Polygon", "coordinates": [[[10.82128, 35.69171], [10.79946, 35.71363], [10.76508, 35.7037], [10.75249, 35.71362], [10.76374, 35.72259], [10.77691, 35.7437], [10.73758, 35.74849], [10.70142, 35.7604], [10.68101, 35.78064], [10.68548, 35.78745], [10.72697, 35.7672], [10.74646, 35.76515], [10.77554, 35.7743], [10.78057, 35.78005], [10.79485, 35.77877], [10.80646, 35.78507], [10.83031, 35.77996], [10.83459, 35.78797], [10.83389, 35.78156], [10.83745, 35.77831], [10.8315, 35.77985], [10.84363, 35.76837], [10.8398, 35.75659], [10.83811, 35.75913], [10.83076, 35.7543], [10.83157, 35.74236], [10.82554, 35.74574], [10.82547, 35.73759], [10.82274, 35.74023], [10.81998, 35.73057], [10.82437, 35.7217], [10.82003, 35.72088], [10.82475, 35.71669], [10.81667, 35.72032], [10.83303, 35.69751], [10.82128, 35.69171]]]}}, {"type": "Feature", "properties": {"shapeID": "11933810B93469460723803", "shapeName": "\u0648\u0627\u0644\u062f \u0634\u0627\u0645\u062e"}, "geometry": {"type": "Polygon", "coordinates": [[[10.22025, 35.47552], [10.25732, 35.49879], [10.20729, 35.55366], [10.23369, 35.56784], [10.27407, 35.5805], [10.28538, 35.57696], [10.30574, 35.58158], [10.30727, 35.58501], [10.31591, 35.58522], [10.32122, 35.59413], [10.33051, 35.5949], [10.33027, 35.59146], [10.32454, 35.59122], [10.32325, 35.58415], [10.32699, 35.57321], [10.31486, 35.58012], [10.32242, 35.56947], [10.31469, 35.57369], [10.30866, 35.57155], [10.3101, 35.56736], [10.30184, 35.562], [10.30102, 35.55303], [10.29291, 35.55151], [10.29436, 35.53971], [10.30766, 35.53416], [10.30116, 35.52641], [10.31062, 35.52957], [10.3142, 35.51801], [10.31985, 35.52178], [10.33626, 35.50222], [10.35089, 35.50047], [10.3506, 35.49417], [10.35569, 35.49098], [10.36208, 35.49299], [10.37115, 35.47085], [10.3769, 35.47726], [10.38319, 35.47754], [10.38565, 35.48335], [10.37831, 35.48479], [10.38323, 35.49264], [10.38946, 35.4937], [10.37654, 35.49255], [10.39248, 35.49837], [10.39109, 35.49393], [10.39682, 35.49519], [10.40289, 35.48984], [10.42301, 35.49717], [10.42653, 35.48902], [10.44069, 35.48168], [10.45108, 35.48192], [10.45833, 35.47469], [10.45226, 35.46873], [10.46283, 35.45427], [10.44059, 35.44945], [10.43492, 35.45354], [10.42331, 35.4516], [10.41419, 35.4387], [10.41568, 35.42729], [10.42164, 35.4266], [10.42657, 35.41823], [10.3979, 35.38867], [10.41208, 35.37501], [10.41044, 35.369], [10.39128, 35.37404], [10.38638, 35.36542], [10.35913, 35.36682], [10.35246, 35.36905], [10.34923, 35.37477], [10.35155, 35.37884], [10.34532, 35.37856], [10.34387, 35.38426], [10.33179, 35.38159], [10.3233, 35.38602], [10.30229, 35.37154], [10.29817, 35.37155], [10.28664, 35.38352], [10.2278, 35.36779], [10.18592, 35.42468], [10.19359, 35.43292], [10.21394, 35.43614], [10.22082, 35.44295], [10.221, 35.45286], [10.22495, 35.45661], [10.22025, 35.47552]]]}}, {"type": "Feature", "properties": {"shapeID": "11933810B66279865706920", "shapeName": "\u0642\u0641\u0635\u0629 \u0627\u0644\u062c\u0646\u0648\u0628\u064a\u0629"}, "geometry": {"type": "Polygon", "coordinates": [[[8.80454, 34.41044], [8.78463, 34.40739], [8.7837, 34.38191], [8.77438, 34.38067], [8.76816, 34.38489], [8.7482, 34.40831], [8.73478, 34.40254], [8.73217, 34.38842], [8.74384, 34.36629], [8.71881, 34.33684], [8.7201, 34.32432], [8.69946, 34.31982], [8.68965, 34.32457], [8.65538, 34.31434], [8.63666, 34.31617], [8.6333, 34.32094], [8.61546, 34.32167], [8.58707, 34.31289], [8.54773, 34.28746], [8.54797, 34.28092], [8.54236, 34.2753], [8.54475, 34.26871], [8.53216, 34.24953], [8.51609, 34.23843], [8.49119, 34.24109], [8.48014, 34.23044], [8.47532, 34.23932], [8.48033, 34.24407], [8.47337, 34.25277], [8.47619, 34.2639], [8.47405, 34.28201], [8.47877, 34.29756], [8.47463, 34.31507], [8.48009, 34.32346], [8.47586, 34.32912], [8.47862, 34.33283], [8.47619, 34.33812], [8.50763, 34.35453], [8.50575, 34.36056], [8.49148, 34.36361], [8.49396, 34.37145], [8.48857, 34.38241], [8.49847, 34.38489], [8.51772, 34.40157], [8.54871, 34.44938], [8.59354, 34.47728], [8.63301, 34.48345], [8.63229, 34.49534], [8.63713, 34.50007], [8.61529, 34.51169], [8.56329, 34.51683], [8.54005, 34.52831], [8.54102, 34.54725], [8.5164, 34.56833], [8.51386, 34.58753], [8.50587, 34.59593], [8.50284, 34.60717], [8.50285, 34.61025], [8.50731, 34.60893], [8.51011, 34.62025], [8.50751, 34.623], [8.51527, 34.62865], [8.51698, 34.6411], [8.5399, 34.6302], [8.58557, 34.62741], [8.62478, 34.6582], [8.63002, 34.65778], [8.63467, 34.64533], [8.6464, 34.63984], [8.65456, 34.62815], [8.6646, 34.62282], [8.67604, 34.60019], [8.69477, 34.59264], [8.69616, 34.58632], [8.72286, 34.55957], [8.75108, 34.52012], [8.7761, 34.51321], [8.79801, 34.45021], [8.82089, 34.43698], [8.80454, 34.41044]]]}}, {"type": "Feature", "properties": {"shapeID": "11933810B57085806890021", "shapeName": "\u0633\u064a\u062f\u064a \u0639\u0644\u0648\u0627\u0646"}, "geometry": {"type": "Polygon", "coordinates": [[[10.85771, 35.25859], [10.8555, 35.27487], [10.82609, 35.29509], [10.8151, 35.30702], [10.82852, 35.31446], [10.81556, 35.32522], [10.82779, 35.32752], [10.81088, 35.34204], [10.81506, 35.34733], [10.80922, 35.3484], [10.79393, 35.3832], [10.79867, 35.38785], [10.80802, 35.38801], [10.81482, 35.39755], [10.82236, 35.39782], [10.82644, 35.40985], [10.85029, 35.41822], [10.85631, 35.42644], [10.86637, 35.43046], [10.8667, 35.42129], [10.88188, 35.40133], [10.88927, 35.40328], [10.89253, 35.39344], [10.90968, 35.39819], [10.91651, 35.38808], [10.92747, 35.39458], [10.9314, 35.38483], [10.95256, 35.38534], [10.95987, 35.37836], [10.95587, 35.36746], [10.95674, 35.34123], [10.94946, 35.33537], [10.93756, 35.34533], [10.91531, 35.3269], [10.9264, 35.32297], [10.94695, 35.32273], [10.94821, 35.29736], [10.92997, 35.26203], [10.94239, 35.24895], [10.92386, 35.2127], [10.88759, 35.16096], [10.83463, 35.14516], [10.83682, 35.16157], [10.80766, 35.2034], [10.80237, 35.21689], [10.80475, 35.24596], [10.85771, 35.25859]]]}}, {"type": "Feature", "properties": {"shapeID": "11933810B48053950180724", "shapeName": "\u0627\u0644\u0631\u0642\u0627\u0628"}, "geometry": {"type": "Polygon", "coordinates": [[[9.87568, 34.65996], [9.86214, 34.64985], [9.84126, 34.646], [9.83236, 34.65564], [9.813, 34.66371], [9.80243, 34.68847], [9.79664, 34.69207], [9.77748, 34.69085], [9.76264, 34.67932], [9.75645, 34.68861], [9.718, 34.70565], [9.72486, 34.73954], [9.69671, 34.7685], [9.68945, 34.77397], [9.63136, 34.78572], [9.62892, 34.79597], [9.63247, 34.80088], [9.62646, 34.82157], [9.63781, 34.82974], [9.63608, 34.84514], [9.63111, 34.85112], [9.63935, 34.8603], [9.62868, 34.86936], [9.64525, 34.87801], [9.63765, 34.88792], [9.64711, 34.89634], [9.66136, 34.93039], [9.67098, 34.93145], [9.703, 34.9522], [9.70991, 34.95294], [9.71134, 34.95799], [9.72439, 34.95651], [9.73708, 34.96264], [9.76548, 34.9847], [9.78622, 34.98822], [9.8767, 35.01863], [9.90709, 35.05482], [9.91952, 35.06327], [9.93808, 35.05669], [9.95022, 35.05827], [9.96953, 35.0489], [9.97641, 35.05432], [10.00044, 35.04171], [10.00237, 35.04504], [10.04058, 35.02685], [10.06331, 35.02023], [10.06361, 35.00334], [10.049, 34.98548], [10.0291, 34.94874], [10.00872, 34.89707], [9.97862, 34.87221], [9.95463, 34.83099], [9.96068, 34.8281], [9.9414, 34.77788], [9.93928, 34.75609], [9.92509, 34.75078], [9.91313, 34.7512], [9.91199, 34.73461], [9.91769, 34.73149], [9.91816, 34.72057], [9.90355, 34.69469], [9.89943, 34.67954], [9.90848, 34.66525], [9.87568, 34.65996]]]}}, {"type": "Feature", "properties": {"shapeID": "11933810B22312000664115", "shapeName": "\u0646\u0641\u0632\u0629"}, "geometry": {"type": "Polygon", "coordinates": [[[9.12297, 36.85526], [9.11411, 36.85512], [9.1151, 36.84681], [9.10612, 36.84358], [9.1091, 36.84119], [9.09939, 36.83473], [9.10256, 36.82961], [9.09257, 36.82598], [9.08709, 36.81885], [9.0775, 36.82739], [9.07689, 36.83455], [9.06347, 36.83971], [9.07617, 36.85244], [9.07208, 36.86153], [9.06042, 36.86654], [9.06111, 36.87506], [9.05268, 36.88397], [9.04453, 36.88492], [9.04302, 36.89076], [9.03121, 36.89205], [9.02553, 36.89666], [9.01247, 36.88537], [8.99817, 36.88545], [8.98098, 36.89526], [8.97029, 36.9068], [8.92776, 36.92363], [8.92635, 36.93226], [8.93295, 36.94449], [8.94368, 36.9504], [8.93625, 36.95391], [8.93841, 36.95763], [8.93384, 36.95732], [8.9257, 36.9733], [8.92463, 36.98817], [8.88456, 37.00862], [8.95436, 37.0621], [8.96269, 37.07675], [8.98481, 37.09834], [8.98449, 37.10296], [8.9784, 37.10399], [9.00919, 37.11889], [9.01208, 37.12685], [9.02042, 37.12788], [9.0262, 37.13738], [9.07371, 37.15637], [9.08211, 37.15702], [9.09013, 37.15044], [9.09666, 37.1362], [9.11159, 37.12861], [9.10598, 37.11686], [9.0916, 37.11246], [9.09195, 37.1071], [9.08468, 37.10171], [9.07457, 37.08208], [9.09554, 37.06934], [9.10835, 37.0465], [9.11332, 37.0509], [9.1197, 37.04742], [9.13799, 37.04897], [9.14626, 37.05417], [9.16961, 37.05528], [9.18718, 37.05064], [9.2066, 37.02759], [9.2087, 37.01599], [9.2046, 37.01044], [9.21608, 37.00316], [9.21488, 36.98024], [9.2037, 36.97037], [9.23158, 36.9573], [9.24046, 36.94475], [9.26024, 36.92853], [9.24722, 36.91765], [9.24548, 36.91159], [9.23274, 36.91173], [9.22058, 36.92198], [9.21558, 36.91612], [9.18084, 36.91821], [9.16985, 36.90379], [9.14282, 36.89081], [9.14867, 36.88194], [9.16255, 36.88177], [9.17065, 36.8699], [9.18038, 36.86692], [9.14378, 36.84634], [9.12297, 36.85526]]]}}, {"type": "Feature", "properties": {"shapeID": "11933810B84544107883303", "shapeName": "\u0633\u064a\u062f\u064a \u0639\u0644\u064a \u0628\u0646 \u0639\u0648\u0646"}, "geometry": {"type": "Polygon", "coordinates": [[[8.95213, 34.75398], [8.92088, 34.81023], [8.94128, 34.82365], [8.97169, 34.82567], [8.98095, 34.83309], [9.03883, 34.85729], [9.05832, 34.86934], [9.0649, 34.87908], [9.05844, 34.89032], [9.03805, 34.88655], [9.02726, 34.8889], [9.0312, 34.89917], [9.02591, 34.91409], [9.03807, 34.92284], [9.03536, 34.94034], [9.04989, 34.93699], [9.06098, 34.95597], [9.10626, 34.9676], [9.1003, 34.94604], [9.1038, 34.93256], [9.11778, 34.92938], [9.1197, 34.90821], [9.17249, 34.8945], [9.19689, 34.89259], [9.23253, 34.89748], [9.22474, 34.89121], [9.23447, 34.87981], [9.21663, 34.86356], [9.21747, 34.83501], [9.24371, 34.83804], [9.26555, 34.81575], [9.27608, 34.80335], [9.27535, 34.79229], [9.28646, 34.77564], [9.28354, 34.76604], [9.2891, 34.75123], [9.31761, 34.72113], [9.30888, 34.70448], [9.29786, 34.69367], [9.2796, 34.69105], [9.2632, 34.68384], [9.2278, 34.70833], [9.19618, 34.70611], [9.19055, 34.69297], [9.15261, 34.70629], [9.15619, 34.71706], [9.14246, 34.71083], [9.12477, 34.71001], [9.11809, 34.7037], [9.09987, 34.70908], [9.08394, 34.70257], [9.07866, 34.68904], [9.07286, 34.68804], [9.06776, 34.67982], [9.06497, 34.68683], [9.05473, 34.69271], [9.04101, 34.6937], [9.02612, 34.70619], [9.0076, 34.7074], [8.95213, 34.75398]]]}}, {"type": "Feature", "properties": {"shapeID": "11933810B88650874660140", "shapeName": "\u0633\u062c\u0646\u0627\u0646"}, "geometry": {"type": "Polygon", "coordinates": [[[9.48881, 37.18262], [9.46062, 37.17437], [9.46255, 37.17056], [9.45729, 37.17176], [9.45712, 37.16637], [9.44223, 37.16328], [9.43849, 37.15625], [9.42706, 37.15242], [9.42742, 37.14775], [9.42144, 37.14402], [9.40594, 37.13668], [9.40425, 37.13938], [9.39217, 37.13752], [9.38925, 37.12847], [9.39466, 37.09598], [9.37371, 37.08274], [9.37496, 37.07858], [9.36483, 37.07579], [9.36867, 37.07052], [9.3549, 37.06836], [9.34863, 37.06169], [9.35994, 37.05973], [9.35758, 37.05801], [9.36191, 37.05398], [9.35552, 37.04775], [9.3602, 37.03331], [9.32861, 37.02733], [9.30494, 37.02742], [9.29245, 37.02348], [9.28896, 37.01779], [9.28682, 37.02149], [9.26789, 37.01872], [9.2663, 37.02249], [9.25978, 37.01536], [9.24746, 37.02112], [9.24124, 37.01954], [9.23733, 37.0131], [9.22759, 37.01375], [9.21608, 37.00316], [9.2046, 37.01044], [9.2087, 37.01599], [9.2066, 37.02759], [9.18718, 37.05064], [9.16961, 37.05528], [9.14626, 37.05417], [9.13799, 37.04897], [9.1197, 37.04742], [9.11332, 37.0509], [9.10835, 37.0465], [9.09554, 37.06934], [9.07457, 37.08208], [9.08468, 37.10171], [9.09195, 37.1071], [9.0916, 37.11246], [9.10598, 37.11686], [9.11159, 37.12861], [9.09666, 37.1362], [9.09013, 37.15044], [9.08211, 37.15702], [9.12186, 37.16224], [9.12476, 37.16892], [9.15401, 37.18327], [9.17171, 37.20277], [9.17556, 37.20251], [9.17816, 37.21278], [9.1891, 37.22356], [9.21742, 37.24098], [9.21995, 37.22736], [9.2251, 37.22786], [9.22571, 37.21861], [9.25077, 37.21907], [9.25494, 37.21611], [9.25976, 37.21751], [9.25881, 37.22111], [9.27358, 37.22082], [9.29676, 37.23181], [9.33081, 37.23121], [9.37459, 37.2488], [9.38878, 37.25878], [9.38785, 37.26418], [9.4036, 37.26489], [9.40845, 37.2695], [9.44316, 37.26886], [9.4563, 37.26303], [9.47418, 37.26826], [9.47821, 37.26406], [9.47545, 37.25371], [9.47915, 37.23386], [9.47631, 37.22973], [9.48259, 37.21921], [9.50203, 37.20625], [9.50587, 37.19647], [9.48881, 37.18262]]]}}, {"type": "Feature", "properties": {"shapeID": "11933810B70866189338214", "shapeName": "\u0631\u0627\u062f\u0633"}, "geometry": {"type": "Polygon", "coordinates": [[[10.24681, 36.75551], [10.25094, 36.76331], [10.27018, 36.77756], [10.2704, 36.80083], [10.26258, 36.79993], [10.25998, 36.80851], [10.28544, 36.81236], [10.28523, 36.80952], [10.29487, 36.80947], [10.30201, 36.80367], [10.30713, 36.8051], [10.30356, 36.80331], [10.30173, 36.80362], [10.2988, 36.80498], [10.29216, 36.8042], [10.29537, 36.80441], [10.28887, 36.79733], [10.2904, 36.79333], [10.28515, 36.79565], [10.28704, 36.79825], [10.28388, 36.79619], [10.2863, 36.79241], [10.29222, 36.7898], [10.29233, 36.78843], [10.29213, 36.78966], [10.27802, 36.79605], [10.27457, 36.79619], [10.27846, 36.79518], [10.29147, 36.78921], [10.28621, 36.79139], [10.2858, 36.78451], [10.30123, 36.7621], [10.28266, 36.75251], [10.28022, 36.73958], [10.24681, 36.75551]]]}}, {"type": "Feature", "properties": {"shapeID": "11933810B57309520880620", "shapeName": "\u062d\u0645\u0627\u0645 \u0627\u0644\u063a\u0632\u0627\u0632"}, "geometry": {"type": "Polygon", "coordinates": [[[11.03008, 36.97132], [11.01282, 36.99266], [11.03495, 37.01316], [11.04103, 37.01385], [11.04909, 37.0083], [11.05935, 37.00961], [11.06752, 36.99424], [11.09874, 36.9565], [11.10692, 36.90328], [11.11765, 36.889], [11.13673, 36.87478], [11.12955, 36.85727], [11.12422, 36.85816], [11.12061, 36.85407], [11.11344, 36.85644], [11.11083, 36.85314], [11.09988, 36.8551], [11.10028, 36.85947], [11.08883, 36.86376], [11.08743, 36.87747], [11.08366, 36.8806], [11.07329, 36.88142], [11.06276, 36.86576], [11.05002, 36.87593], [11.0538, 36.88071], [11.03562, 36.89879], [11.04278, 36.90499], [11.04134, 36.90985], [11.04991, 36.92317], [11.03285, 36.93462], [11.03566, 36.94127], [11.00859, 36.95573], [11.03008, 36.97132]]]}}, {"type": "Feature", "properties": {"shapeID": "11933810B56579355102022", "shapeName": "\u062a\u0627\u0643\u0644\u0633\u0629"}, "geometry": {"type": "Polygon", "coordinates": [[[10.6137, 36.74486], [10.59746, 36.74507], [10.59198, 36.75493], [10.60579, 36.77085], [10.59971, 36.78555], [10.58955, 36.79608], [10.58848, 36.80637], [10.59527, 36.8359], [10.58291, 36.83884], [10.58694, 36.86395], [10.59986, 36.86611], [10.61249, 36.8739], [10.60915, 36.88217], [10.62469, 36.87592], [10.65876, 36.88431], [10.67204, 36.87844], [10.69381, 36.87829], [10.73159, 36.89162], [10.7659, 36.9103], [10.80535, 36.88653], [10.80323, 36.8818], [10.80851, 36.87806], [10.80704, 36.8672], [10.79931, 36.86869], [10.80284, 36.86539], [10.79794, 36.85922], [10.78106, 36.8547], [10.76997, 36.83633], [10.77416, 36.83101], [10.76521, 36.82539], [10.77268, 36.81607], [10.76988, 36.81549], [10.77151, 36.80415], [10.76051, 36.79792], [10.7592, 36.79279], [10.75018, 36.78784], [10.75319, 36.78559], [10.74859, 36.7799], [10.73454, 36.77043], [10.73329, 36.76312], [10.71826, 36.74998], [10.70865, 36.74748], [10.71168, 36.7422], [10.69799, 36.73333], [10.69427, 36.7183], [10.6834, 36.7057], [10.68799, 36.69629], [10.68305, 36.68548], [10.68374, 36.67614], [10.66747, 36.6822], [10.66359, 36.69168], [10.64621, 36.70781], [10.6101, 36.72748], [10.6137, 36.74486]]]}}, {"type": "Feature", "properties": {"shapeID": "11933810B71477976393658", "shapeName": "\u0645\u0646\u0632\u0644 \u0627\u0644\u062d\u0628\u064a\u0628"}, "geometry": {"type": "Polygon", "coordinates": [[[9.69552, 34.28262], [9.7111, 34.2815], [9.7549, 34.22013], [9.81864, 34.22044], [9.81599, 34.22927], [9.82523, 34.23807], [9.85195, 34.2277], [9.85446, 34.21579], [9.86522, 34.20683], [9.8636, 34.19867], [9.89162, 34.17913], [9.89568, 34.16876], [9.91769, 34.17591], [9.91408, 34.16905], [9.91702, 34.16374], [9.90992, 34.15933], [9.90877, 34.15431], [9.90976, 34.13472], [9.90546, 34.12291], [9.91008, 34.1092], [9.88193, 34.11154], [9.87298, 34.0989], [9.88209, 34.09236], [9.88318, 34.0809], [9.88002, 34.08115], [9.88132, 34.07496], [9.87688, 34.06737], [9.8715, 34.06716], [9.86932, 34.06034], [9.85384, 34.04999], [9.85285, 34.05268], [9.81732, 34.0377], [9.80126, 34.02714], [9.79387, 34.02579], [9.78406, 34.03733], [9.77416, 34.03408], [9.75411, 34.03526], [9.73524, 34.04043], [9.72335, 34.03352], [9.67378, 34.0729], [9.65146, 34.09642], [9.63544, 34.12188], [9.62419, 34.12619], [9.57418, 34.12852], [9.52083, 34.12244], [9.47389, 34.10392], [9.47113, 34.09792], [9.4624, 34.09884], [9.40829, 34.08261], [9.38247, 34.08199], [9.35603, 34.09736], [9.35078, 34.11313], [9.30752, 34.12484], [9.30431, 34.13258], [9.27558, 34.14129], [9.24739, 34.18543], [9.25891, 34.19563], [9.26867, 34.19585], [9.27859, 34.20352], [9.31839, 34.22056], [9.34062, 34.22023], [9.35593, 34.22462], [9.36631, 34.22194], [9.37797, 34.22919], [9.38138, 34.2223], [9.43805, 34.21035], [9.45115, 34.21228], [9.455, 34.21756], [9.47026, 34.21634], [9.48135, 34.22823], [9.50097, 34.22478], [9.504, 34.22796], [9.52226, 34.22792], [9.52743, 34.23427], [9.5393, 34.23521], [9.54443, 34.23948], [9.53915, 34.2516], [9.54884, 34.26051], [9.54858, 34.26474], [9.69552, 34.28262]]]}}, {"type": "Feature", "properties": {"shapeID": "11933810B10318624738248", "shapeName": "\u0627\u0644\u062d\u0627\u0645\u0629"}, "geometry": {"type": "Polygon", "coordinates": [[[9.90857, 33.85413], [9.92484, 33.82731], [9.93885, 33.81544], [9.93408, 33.79227], [9.94876, 33.77376], [9.96613, 33.76573], [9.93518, 33.74692], [9.93513, 33.73939], [9.85409, 33.68885], [9.80099, 33.66231], [9.76026, 33.65646], [9.74193, 33.68057], [9.71844, 33.68406], [9.60775, 33.63904], [9.54085, 33.60191], [9.53645, 33.60524], [9.53418, 33.616], [9.53902, 33.6353], [9.53109, 33.63659], [9.51975, 33.62999], [9.46368, 33.62435], [9.4517, 33.66844], [9.44312, 33.68396], [9.42439, 33.69365], [9.37059, 33.70242], [9.35091, 33.71065], [9.33959, 33.73611], [9.33385, 33.77285], [9.27221, 33.87042], [9.24809, 33.92923], [9.25282, 34.03844], [9.26256, 34.0532], [9.26248, 34.05902], [9.27602, 34.06582], [9.27204, 34.07324], [9.3015, 34.09196], [9.31831, 34.09127], [9.32573, 34.09766], [9.32754, 34.10655], [9.33963, 34.11194], [9.35078, 34.11313], [9.35174, 34.1036], [9.36366, 34.09104], [9.38247, 34.08199], [9.39796, 34.08089], [9.4624, 34.09884], [9.47113, 34.09792], [9.47389, 34.10392], [9.52083, 34.12244], [9.57418, 34.12852], [9.62419, 34.12619], [9.63544, 34.12188], [9.65146, 34.09642], [9.67378, 34.0729], [9.72335, 34.03352], [9.73524, 34.04043], [9.75411, 34.03526], [9.77416, 34.03408], [9.78406, 34.03733], [9.79387, 34.02579], [9.79097, 34.01682], [9.85693, 34.01267], [9.86454, 34.00984], [9.87494, 33.99797], [9.89147, 33.9943], [9.90764, 33.9966], [9.90352, 33.95513], [9.91267, 33.93997], [9.9137, 33.91617], [9.90857, 33.85413]]]}}, {"type": "Feature", "properties": {"shapeID": "11933810B21643194978673", "shapeName": "\u0645\u0637\u0645\u0627\u0637\u0629"}, "geometry": {"type": "Polygon", "coordinates": [[[10.07851, 33.47746], [10.07735, 33.4707], [10.06666, 33.4564], [10.04001, 33.44236], [10.03709, 33.43656], [10.04284, 33.41663], [10.0313, 33.40785], [10.03492, 33.40244], [10.0273, 33.3893], [10.03153, 33.38407], [10.02808, 33.37595], [10.00835, 33.36013], [9.97628, 33.34418], [9.96872, 33.3439], [9.96237, 33.33765], [9.94278, 33.33371], [9.93671, 33.32311], [9.9204, 33.31688], [9.91683, 33.29698], [9.89376, 33.28751], [9.82855, 33.28484], [9.79163, 33.26988], [9.72734, 33.28641], [9.70964, 33.28403], [9.67491, 33.32699], [9.64827, 33.35019], [9.63669, 33.38365], [9.62972, 33.39129], [9.62835, 33.40604], [9.62226, 33.41924], [9.57078, 33.43974], [9.55647, 33.45134], [9.55514, 33.45879], [9.55002, 33.46259], [9.53509, 33.46733], [9.50458, 33.49223], [9.49437, 33.49652], [9.48828, 33.49509], [9.50167, 33.50182], [9.5168, 33.49703], [9.53145, 33.49745], [9.54739, 33.51471], [9.54485, 33.52269], [9.55984, 33.55413], [9.58025, 33.56609], [9.5904, 33.58375], [9.61677, 33.59079], [9.64114, 33.58934], [9.65512, 33.58078], [9.67656, 33.57844], [9.73931, 33.55797], [9.7733, 33.55489], [9.79819, 33.53932], [9.80646, 33.54436], [9.81261, 33.54132], [9.81449, 33.54931], [9.82685, 33.5499], [9.83013, 33.54508], [9.83318, 33.55234], [9.84397, 33.55595], [9.85022, 33.56537], [9.81906, 33.63402], [9.82152, 33.64535], [9.81421, 33.65313], [9.81199, 33.66289], [9.82586, 33.65608], [9.84341, 33.63128], [9.8701, 33.61155], [9.87814, 33.61066], [9.88214, 33.5994], [9.89469, 33.60014], [9.90131, 33.59199], [9.93565, 33.58436], [9.95234, 33.57229], [9.9899, 33.57349], [10.00938, 33.55168], [10.00718, 33.54823], [10.01419, 33.54004], [10.01452, 33.52972], [10.01967, 33.53248], [10.02749, 33.52203], [10.03858, 33.5184], [10.04267, 33.50384], [10.05624, 33.49209], [10.07124, 33.48618], [10.07851, 33.47746]]]}}, {"type": "Feature", "properties": {"shapeID": "11933810B54928628318578", "shapeName": "\u0645\u0646\u0632\u0644 \u0628\u0648\u0632\u0644\u0641\u0629"}, "geometry": {"type": "Polygon", "coordinates": [[[10.54111, 36.6691], [10.55411, 36.67644], [10.55999, 36.67559], [10.56378, 36.68216], [10.54903, 36.70859], [10.5623, 36.71999], [10.56242, 36.73051], [10.57446, 36.72391], [10.58745, 36.72525], [10.59305, 36.72955], [10.6101, 36.72748], [10.64621, 36.70781], [10.66359, 36.69168], [10.66747, 36.6822], [10.68374, 36.67614], [10.68305, 36.68548], [10.68799, 36.69629], [10.6834, 36.7057], [10.69427, 36.7183], [10.69799, 36.73333], [10.71168, 36.7422], [10.70865, 36.74748], [10.71826, 36.74998], [10.73329, 36.76312], [10.73214, 36.76699], [10.73597, 36.76949], [10.74945, 36.75704], [10.76131, 36.75314], [10.764, 36.74385], [10.77039, 36.74049], [10.7669, 36.71876], [10.77447, 36.71014], [10.77374, 36.69482], [10.76096, 36.69301], [10.76054, 36.6856], [10.74409, 36.6795], [10.7265, 36.66161], [10.69706, 36.66334], [10.68614, 36.63786], [10.6645, 36.64551], [10.65073, 36.6541], [10.65241, 36.65617], [10.63336, 36.65971], [10.62811, 36.66472], [10.58241, 36.67161], [10.57105, 36.66404], [10.56677, 36.66917], [10.56074, 36.66785], [10.55432, 36.66156], [10.54111, 36.6691]]]}}, {"type": "Feature", "properties": {"shapeID": "11933810B10041539297974", "shapeName": "\u0646\u0635\u0631 \u0627\u0644\u0644\u0647"}, "geometry": {"type": "Polygon", "coordinates": [[[9.88523, 35.50865], [9.90934, 35.48989], [9.89905, 35.4798], [9.87911, 35.47411], [9.88361, 35.46772], [9.89136, 35.46591], [9.88935, 35.46149], [9.90697, 35.45645], [9.90067, 35.45302], [9.90701, 35.45017], [9.88711, 35.41591], [9.91394, 35.41005], [9.89818, 35.40088], [9.90103, 35.38844], [9.91125, 35.39324], [9.9121, 35.36073], [9.92658, 35.33914], [9.92298, 35.3302], [9.93048, 35.31788], [9.93985, 35.31493], [9.93371, 35.30039], [9.92369, 35.29009], [9.92872, 35.28408], [9.94835, 35.28005], [9.94732, 35.27622], [9.95992, 35.27268], [9.95613, 35.26062], [9.96193, 35.25275], [9.96492, 35.21586], [9.95933, 35.20545], [9.95054, 35.20771], [9.94264, 35.19894], [9.91437, 35.19298], [9.89803, 35.18409], [9.8884, 35.18489], [9.88271, 35.17989], [9.88649, 35.17439], [9.88389, 35.17], [9.8732, 35.16611], [9.82171, 35.17146], [9.79406, 35.18156], [9.74779, 35.18044], [9.69882, 35.20065], [9.69116, 35.21159], [9.69161, 35.23074], [9.70415, 35.27514], [9.69402, 35.29916], [9.70256, 35.33291], [9.69573, 35.33943], [9.70455, 35.35278], [9.6879, 35.35836], [9.68127, 35.36584], [9.69995, 35.40838], [9.69823, 35.41811], [9.71006, 35.4294], [9.71118, 35.43641], [9.73067, 35.44157], [9.72914, 35.44749], [9.73899, 35.46167], [9.77519, 35.46574], [9.7907, 35.48314], [9.79806, 35.47858], [9.81984, 35.49017], [9.88523, 35.50865]]]}}, {"type": "Feature", "properties": {"shapeID": "11933810B17792419290785", "shapeName": "\u0642\u0644\u064a\u0628\u064a\u0629"}, "geometry": {"type": "Polygon", "coordinates": [[[10.9393, 36.91648], [10.96181, 36.92808], [10.96141, 36.93168], [10.97989, 36.94325], [10.98147, 36.95158], [10.98985, 36.9529], [11.00195, 36.96209], [11.02175, 36.94639], [11.03566, 36.94127], [11.03285, 36.93462], [11.04991, 36.92317], [11.04134, 36.90985], [11.04278, 36.90499], [11.03562, 36.89879], [11.0538, 36.88071], [11.05002, 36.87593], [11.06276, 36.86576], [11.07329, 36.88142], [11.08366, 36.8806], [11.08743, 36.87747], [11.08883, 36.86376], [11.10028, 36.85947], [11.09988, 36.8551], [11.12061, 36.85407], [11.12422, 36.85816], [11.12981, 36.85532], [11.11637, 36.83309], [11.11364, 36.83186], [11.10748, 36.83234], [11.11455, 36.83289], [11.10811, 36.83711], [11.09753, 36.83599], [11.056, 36.81373], [11.03331, 36.79655], [11.02905, 36.8025], [11.0207, 36.79689], [11.00629, 36.80636], [11.01596, 36.85218], [11.00882, 36.86621], [10.98756, 36.87852], [10.96588, 36.86283], [10.96546, 36.87247], [10.9583, 36.87374], [10.95496, 36.88771], [10.94386, 36.8965], [10.92954, 36.90001], [10.9393, 36.91648]]]}}, {"type": "Feature", "properties": {"shapeID": "11933810B54717657919008", "shapeName": "\u0643\u0633\u0631\u0649"}, "geometry": {"type": "Polygon", "coordinates": [[[9.22315, 35.76534], [9.23459, 35.76782], [9.22706, 35.77356], [9.24486, 35.78729], [9.26598, 35.79382], [9.27931, 35.80372], [9.26938, 35.82282], [9.2957, 35.82786], [9.28832, 35.83943], [9.2754, 35.84203], [9.26626, 35.8506], [9.27849, 35.86064], [9.28112, 35.85887], [9.28918, 35.87315], [9.29876, 35.87818], [9.3179, 35.84677], [9.32554, 35.84846], [9.35178, 35.88402], [9.36365, 35.86781], [9.39341, 35.85689], [9.39553, 35.87021], [9.40195, 35.88078], [9.39439, 35.90243], [9.42628, 35.91734], [9.43456, 35.91112], [9.43641, 35.89146], [9.45628, 35.89267], [9.47595, 35.87722], [9.51763, 35.86162], [9.52019, 35.85708], [9.515, 35.85131], [9.52334, 35.84405], [9.52257, 35.83583], [9.5186, 35.83304], [9.51917, 35.82715], [9.50882, 35.82002], [9.50937, 35.81069], [9.49832, 35.7952], [9.51001, 35.78759], [9.48368, 35.78755], [9.49536, 35.77885], [9.50124, 35.76519], [9.51353, 35.75707], [9.534, 35.75222], [9.53758, 35.74271], [9.52226, 35.73829], [9.52492, 35.73383], [9.52065, 35.72893], [9.51604, 35.73378], [9.50245, 35.72942], [9.47825, 35.73188], [9.47102, 35.72738], [9.46801, 35.72942], [9.46969, 35.7247], [9.4546, 35.72022], [9.45681, 35.71326], [9.44272, 35.70819], [9.43297, 35.71245], [9.41295, 35.69421], [9.39796, 35.68792], [9.36076, 35.70496], [9.33574, 35.70122], [9.30227, 35.72098], [9.29259, 35.72238], [9.27555, 35.71694], [9.26956, 35.70121], [9.27079, 35.69368], [9.26479, 35.69914], [9.25336, 35.69907], [9.2549, 35.70766], [9.23004, 35.7214], [9.2307, 35.72778], [9.22352, 35.73134], [9.22304, 35.73817], [9.21298, 35.74084], [9.20449, 35.75148], [9.22315, 35.76534]]]}}, {"type": "Feature", "properties": {"shapeID": "11933810B45961681846987", "shapeName": "\u0645\u0646\u0632\u0644 \u062a\u0645\u064a\u0645"}, "geometry": {"type": "Polygon", "coordinates": [[[10.93563, 36.72471], [10.93485, 36.73177], [10.91724, 36.73606], [10.90967, 36.73016], [10.90119, 36.73657], [10.88946, 36.73521], [10.8669, 36.75383], [10.86451, 36.75975], [10.83818, 36.77838], [10.83415, 36.77733], [10.83188, 36.76637], [10.82413, 36.76298], [10.81806, 36.77005], [10.80469, 36.77155], [10.78605, 36.78497], [10.7592, 36.79279], [10.77314, 36.80969], [10.76988, 36.81549], [10.77268, 36.81607], [10.76521, 36.82539], [10.77416, 36.83101], [10.76997, 36.83633], [10.78142, 36.85087], [10.81289, 36.84895], [10.82422, 36.85505], [10.83831, 36.82809], [10.84592, 36.82207], [10.85262, 36.82542], [10.86228, 36.82107], [10.86006, 36.82874], [10.86418, 36.8295], [10.86563, 36.84106], [10.87635, 36.83604], [10.88633, 36.83983], [10.91048, 36.8866], [10.92954, 36.90001], [10.94386, 36.8965], [10.95496, 36.88771], [10.9583, 36.87374], [10.96546, 36.87247], [10.96588, 36.86283], [10.98756, 36.87852], [11.00882, 36.86621], [11.01596, 36.85218], [11.00629, 36.80636], [11.0207, 36.79689], [11.02905, 36.8025], [11.03331, 36.79655], [10.96352, 36.71275], [10.93563, 36.72471]]]}}]}